Feature_002,Feature_003,Feature_004,Feature_005,Feature_006,Feature_007,Feature_008,Feature_009,Feature_010,Feature_011,Feature_012,Feature_013,Feature_014,Feature_015,Feature_016,Feature_017,Feature_018,Feature_019,Feature_020,Feature_023,Feature_024,Feature_025,Feature_026,Feature_028,Feature_029,Feature_030,Feature_031,Feature_001__time_bucket,Feature_021,Feature_022,Feature_027,Feature_001__hour,Missing_Count,Feature_022_is_outlier
Monday,Over 51,Male,Junior high school,Employee,2-5yr,Stationwagen,Governmental,__MISSING__,__MISSING__,Residential areas,Two-way (divided with broken lines road marking),Tangent road with flat terrain,No junction,Asphalt roads,Wet or damp,Darkness - lights lit,Other,Vehicle with vehicle collision,Going straight,__MISSING__,__MISSING__,__MISSING__,Self-employed,Normal,Not a Pedestrian,No priority to vehicle,afternoon,2.0,1.0,,15.0,6.0,0.0
Tuesday,Over 51,Male,Junior high school,Employee,Above 10yr,__MISSING__,Owner,__MISSING__,No defect,Recreational areas,other,__MISSING__,Y Shape,Asphalt roads,Dry,Daylight,Normal,Vehicle with vehicle collision,Going straight,Driver or rider,Male,31-50,Driver,Normal,Not a Pedestrian,Moving Backward,afternoon,2.0,1.0,3.0,13.0,3.0,0.0
Monday,Over 51,Male,Junior high school,Owner,Above 10yr,Automobile,Owner,5-10yrs,__MISSING__,Other,Undivided Two way,Tangent road with flat terrain,Y Shape,Asphalt roads,Wet or damp,Daylight,Normal,Collision with roadside objects,Going straight,Driver or rider,Male,18-30,Driver,Normal,Not a Pedestrian,No distancing,afternoon,1.0,2.0,3.0,13.0,1.0,0.0
Monday,18-30,Male,__MISSING__,Owner,Below 1yr,Automobile,Other,1-2yr,No defect,Recreational areas,other,Tangent road with flat terrain,Y Shape,Asphalt roads,Wet or damp,Daylight,Other,Vehicle with vehicle collision,Going straight,__MISSING__,__MISSING__,__MISSING__,Driver,Normal,Not a Pedestrian,Other,morning,2.0,1.0,,8.0,5.0,0.0
Tuesday,31-50,Male,Junior high school,Employee,2-5yr,Public (12 seats),Owner,__MISSING__,No defect,Other,Two-way (divided with broken lines road marking),Tangent road with flat terrain,Y Shape,Asphalt roads,Dry,Daylight,Other,Vehicle with vehicle collision,Going straight,Driver or rider,Female,18-30,Driver,Normal,Not a Pedestrian,Moving Backward,afternoon,2.0,2.0,2.0,15.0,1.0,0.0
Thursday,31-50,Male,Junior high school,Employee,Above 10yr,Lorry (41?100Q),Owner,Above 10yr,No defect,Other,Undivided Two way,Tangent road with flat terrain,Y Shape,Asphalt roads,Dry,Daylight,Normal,Collision with roadside objects,Going straight,Driver or rider,Male,18-30,Driver,Normal,Not a Pedestrian,Driving carelessly,morning,2.0,1.0,3.0,8.0,0.0,0.0
Sunday,18-30,Male,Junior high school,Employee,Above 10yr,Motorcycle,Owner,__MISSING__,No defect,Other,Two-way (divided with broken lines road marking),Tangent road with flat terrain,No junction,Asphalt roads,Dry,Daylight,Normal,__MISSING__,Moving Backward,__MISSING__,__MISSING__,__MISSING__,__MISSING__,__MISSING__,Not a Pedestrian,Changing lane to the right,morning,2.0,3.0,,11.0,8.0,0.0
Monday,18-30,Male,Elementary school,Employee,5-10yr,Lorry (41?100Q),Owner,__MISSING__,No defect,Residential areas,Undivided Two way,Tangent road with flat terrain,__MISSING__,Asphalt roads,Wet or damp,Daylight,Normal,Vehicle with vehicle collision,Going straight,__MISSING__,__MISSING__,__MISSING__,__MISSING__,Normal,Not a Pedestrian,Driving under the influence of drugs,afternoon,2.0,1.0,,17.0,7.0,0.0
Tuesday,Under 18,Male,Above high school,Employee,Above 10yr,Pick up upto 10Q,Owner,Above 10yr,__MISSING__,Market areas,other,Steep grade downward with mountainous terrain,Y Shape,Asphalt roads,Wet or damp,Daylight,Raining,Rollover,Going straight,Driver or rider,Male,18-30,Other,Normal,Not a Pedestrian,Changing lane to the left,evening,2.0,4.0,2.0,18.0,1.0,1.0
Saturday,31-50,Male,High school,Employee,1-2yr,Automobile,Organization,2-5yrs,__MISSING__,Industrial areas,Two-way (divided with broken lines road marking),Tangent road with flat terrain,Crossing,Asphalt roads,Dry,Daylight,Normal,Collision with pedestrians,Going straight,Passenger,Female,Over 51,Self-employed,Normal,Not a Pedestrian,No priority to vehicle,afternoon,2.0,2.0,3.0,12.0,1.0,0.0
Friday,31-50,Male,Junior high school,Employee,5-10yr,Pick up upto 10Q,Owner,__MISSING__,__MISSING__,School areas,Undivided Two way,Tangent road with flat terrain,No junction,Asphalt roads,Dry,Daylight,Normal,Vehicle with vehicle collision,Going straight,Passenger,Female,18-30,Self-employed,Normal,Not a Pedestrian,No priority to pedestrian,afternoon,1.0,2.0,3.0,16.0,2.0,0.0
Wednesday,__MISSING__,Female,Junior high school,Owner,Above 10yr,Lorry (41?100Q),Owner,1-2yr,No defect,School areas,Two-way (divided with broken lines road marking),Tangent road with flat terrain,Crossing,Asphalt roads,Dry,Darkness - lights lit,Normal,Vehicle with vehicle collision,Going straight,Driver or rider,Female,18-30,Self-employed,__MISSING__,Not a Pedestrian,Changing lane to the left,afternoon,1.0,1.0,3.0,17.0,2.0,0.0
Wednesday,Over 51,__MISSING__,Elementary school,Owner,5-10yr,Pick up upto 10Q,Owner,__MISSING__,No defect,Other,Undivided Two way,Tangent road with flat terrain,Crossing,Asphalt roads,Snow,Daylight,Normal,Vehicle with vehicle collision,Reversing,Passenger,Female,Under 18,Driver,Normal,Not a Pedestrian,No distancing,afternoon,4.0,2.0,3.0,13.0,2.0,0.0
Saturday,31-50,Male,Junior high school,Employee,5-10yr,Public (12 seats),Owner,__MISSING__,No defect,Residential areas,Two-way (divided with broken lines road marking),Tangent road with flat terrain,Y Shape,Asphalt roads,Dry,Daylight,Normal,Vehicle with vehicle collision,Going straight,Pedestrian,Female,Over 51,Driver,Normal,Not a Pedestrian,Changing lane to the left,afternoon,2.0,1.0,3.0,13.0,1.0,0.0
Tuesday,18-30,Male,Elementary school,Employee,5-10yr,Automobile,Owner,Above 10yr,No defect,Other,other,Tangent road with flat terrain,Y Shape,Asphalt roads,Dry,Daylight,Normal,Vehicle with vehicle collision,Reversing,__MISSING__,__MISSING__,__MISSING__,Driver,Normal,Not a Pedestrian,Changing lane to the left,evening,2.0,1.0,,19.0,4.0,0.0
Thursday,18-30,Male,High school,Employee,Above 10yr,Automobile,Owner,__MISSING__,__MISSING__,__MISSING__,other,Tangent road with flat terrain,Y Shape,Asphalt roads,Dry,Daylight,Normal,Vehicle with vehicle collision,Going straight,Driver or rider,Female,18-30,Driver,Normal,Not a Pedestrian,No priority to pedestrian,afternoon,2.0,1.0,3.0,16.0,3.0,0.0
Tuesday,31-50,Male,Elementary school,Employee,5-10yr,Automobile,Owner,__MISSING__,__MISSING__,Office areas,Two-way (divided with broken lines road marking),Tangent road with flat terrain,Crossing,Asphalt roads,Dry,Daylight,Normal,Collision with roadside objects,Going straight,Driver or rider,Male,Under 18,Driver,Normal,Not a Pedestrian,No priority to pedestrian,morning,2.0,1.0,2.0,7.0,2.0,0.0
Friday,31-50,Female,Junior high school,Employee,2-5yr,Automobile,Owner,5-10yrs,7,__MISSING__,Two-way (divided with broken lines road marking),Tangent road with flat terrain,Other,Asphalt roads,Dry,Daylight,Normal,__MISSING__,Moving Backward,__MISSING__,__MISSING__,__MISSING__,Driver,Normal,Not a Pedestrian,Driving under the influence of drugs,afternoon,1.0,2.0,,12.0,6.0,0.0
Wednesday,31-50,Male,Elementary school,Employee,Below 1yr,Lorry (41?100Q),Owner,1-2yr,No defect,Other,other,Steep grade downward with mountainous terrain,Y Shape,Asphalt roads,Dry,Daylight,Normal,Vehicle with vehicle collision,__MISSING__,__MISSING__,__MISSING__,__MISSING__,Driver,Normal,Not a Pedestrian,Overturning,afternoon,2.0,2.0,,15.0,5.0,0.0
Saturday,18-30,Male,Junior high school,Employee,Below 1yr,Automobile,Owner,__MISSING__,__MISSING__,Office areas,Undivided Two way,Tangent road with flat terrain,Crossing,Asphalt roads,Wet or damp,Darkness - lights lit,Raining,Vehicle with vehicle collision,Going straight,__MISSING__,__MISSING__,__MISSING__,Driver,Normal,Not a Pedestrian,Driving carelessly,morning,3.0,1.0,,6.0,6.0,0.0
Friday,18-30,Male,High school,Employee,Above 10yr,Public (13?45 seats),Owner,__MISSING__,No defect,Other,Undivided Two way,Tangent road with flat terrain,No junction,Asphalt roads,Wet or damp,Daylight,Raining,Vehicle with vehicle collision,Going straight,Passenger,Female,18-30,Other,Normal,Not a Pedestrian,No priority to vehicle,afternoon,2.0,2.0,3.0,15.0,1.0,0.0
Thursday,18-30,Male,High school,Employee,Above 10yr,Stationwagen,Owner,2-5yrs,No defect,Office areas,Double carriageway (median),Escarpments,No junction,Asphalt roads,Dry,Daylight,Normal,Vehicle with vehicle collision,Reversing,Driver or rider,Male,18-30,Driver,Normal,Not a Pedestrian,Other,afternoon,2.0,1.0,3.0,12.0,0.0,0.0
Friday,18-30,Male,Junior high school,Employee,2-5yr,Automobile,Owner,__MISSING__,No defect,Other,One way,Tangent road with flat terrain,__MISSING__,Asphalt roads,Dry,Daylight,Normal,Vehicle with vehicle collision,Reversing,Driver or rider,Male,18-30,Driver,Normal,Not a Pedestrian,No distancing,afternoon,2.0,1.0,3.0,12.0,2.0,0.0
Sunday,18-30,Male,Junior high school,Employee,5-10yr,Taxi,Owner,__MISSING__,__MISSING__,Other,Two-way (divided with broken lines road marking),Tangent road with flat terrain,Crossing,Asphalt roads,Dry,Daylight,Normal,Vehicle with vehicle collision,Going straight,Driver or rider,Female,18-30,Driver,Normal,Not a Pedestrian,No distancing,afternoon,3.0,1.0,3.0,13.0,2.0,0.0
Saturday,Over 51,Male,Junior high school,Employee,Above 10yr,Public (12 seats),Owner,__MISSING__,No defect,Church areas,One way,Tangent road with flat terrain,Crossing,Asphalt roads,Dry,Darkness - lights lit,Normal,Collision with pedestrians,Going straight,__MISSING__,__MISSING__,__MISSING__,Employee,Normal,Not a Pedestrian,Driving under the influence of drugs,evening,1.0,1.0,,23.0,5.0,0.0
Monday,18-30,Male,Elementary school,Other,Above 10yr,Automobile,Owner,Above 10yr,No defect,Residential areas,other,Tangent road with flat terrain,Crossing,Asphalt roads,Dry,Daylight,Normal,Vehicle with vehicle collision,Going straight,__MISSING__,__MISSING__,__MISSING__,Driver,Normal,Not a Pedestrian,Driving at high speed,morning,2.0,1.0,,7.0,4.0,0.0
Wednesday,31-50,Male,Junior high school,Other,No Licence,Lorry (41?100Q),Owner,__MISSING__,__MISSING__,Office areas,Undivided Two way,Tangent road with flat terrain,Y Shape,Asphalt roads,Dry,Daylight,Normal,Vehicle with vehicle collision,Going straight,__MISSING__,__MISSING__,__MISSING__,Driver,Normal,Not a Pedestrian,Driving carelessly,afternoon,2.0,1.0,,16.0,6.0,0.0
Wednesday,31-50,Male,Junior high school,Employee,Above 10yr,Public (13?45 seats),Owner,__MISSING__,No defect,Recreational areas,Two-way (divided with broken lines road marking),Tangent road with flat terrain,Crossing,Asphalt roads,Dry,Daylight,__MISSING__,Vehicle with vehicle collision,Going straight,__MISSING__,__MISSING__,__MISSING__,Self-employed,Normal,Not a Pedestrian,Turnover,morning,2.0,1.0,,10.0,6.0,0.0
Thursday,18-30,Male,Junior high school,Owner,2-5yr,Stationwagen,Owner,2-5yrs,No defect,Other,Two-way (divided with broken lines road marking),Tangent road with flat terrain,O Shape,Asphalt roads,Dry,Darkness - lights lit,Normal,Collision with pedestrians,Other,Driver or rider,Male,18-30,Employee,Normal,Not a Pedestrian,No distancing,evening,2.0,1.0,3.0,20.0,0.0,0.0
Sunday,31-50,Male,Junior high school,Employee,5-10yr,Automobile,__MISSING__,__MISSING__,__MISSING__,Other,Undivided Two way,Tangent road with flat terrain,Y Shape,Asphalt roads,Dry,Daylight,Normal,Collision with roadside objects,Going straight,__MISSING__,__MISSING__,__MISSING__,__MISSING__,Normal,Not a Pedestrian,No distancing,afternoon,3.0,2.0,,13.0,8.0,0.0
Saturday,18-30,Male,Elementary school,Employee,__MISSING__,Bicycle,Owner,__MISSING__,No defect,Recreational areas,Undivided Two way,Tangent road with flat terrain,No junction,Asphalt roads,Dry,Daylight,Normal,Vehicle with vehicle collision,Going straight,Pedestrian,Female,31-50,Driver,__MISSING__,Not a Pedestrian,No distancing,afternoon,2.0,1.0,3.0,14.0,3.0,0.0
Saturday,Over 51,Male,High school,Employee,1-2yr,Motorcycle,Owner,1-2yr,No defect,Industrial areas,One way,Tangent road with flat terrain,No junction,Asphalt roads,Dry,Daylight,Normal,Vehicle with vehicle collision,Going straight,Passenger,Female,Under 18,Employee,Normal,Not a Pedestrian,No distancing,morning,2.0,2.0,3.0,10.0,0.0,0.0
Saturday,18-30,Male,High school,Employee,5-10yr,Automobile,Owner,2-5yrs,No defect,Rural village areas,Undivided Two way,Gentle horizontal curve,O Shape,Asphalt roads,Dry,Daylight,Normal,Fall from vehicles,Going straight,Pedestrian,Male,Under 18,Driver,Normal,Unknown or other,No distancing,afternoon,2.0,1.0,3.0,13.0,0.0,0.0
Sunday,31-50,Male,Junior high school,Employee,2-5yr,__MISSING__,Owner,__MISSING__,No defect,Other,Undivided Two way,Tangent road with mountainous terrain and,__MISSING__,Asphalt roads,Dry,Darkness - lights lit,Normal,Collision with roadside objects,Going straight,Driver or rider,Male,18-30,__MISSING__,__MISSING__,Not a Pedestrian,Driving carelessly,evening,2.0,3.0,3.0,21.0,5.0,0.0
Sunday,Over 51,Male,Junior high school,Employee,2-5yr,Automobile,Owner,__MISSING__,No defect,Church areas,Two-way (divided with broken lines road marking),Tangent road with flat terrain,Crossing,Asphalt roads,Wet or damp,Darkness - lights lit,Raining,Collision with roadside objects,Going straight,Driver or rider,Female,31-50,__MISSING__,__MISSING__,Not a Pedestrian,No priority to pedestrian,evening,1.0,1.0,3.0,18.0,3.0,0.0
Tuesday,31-50,Male,Junior high school,Employee,Below 1yr,Automobile,__MISSING__,__MISSING__,No defect,Office areas,Undivided Two way,Tangent road with mountainous terrain and,No junction,Asphalt roads,Dry,Daylight,Normal,Collision with animals,Going straight,Pedestrian,Male,18-30,Self-employed,Normal,Unknown or other,Changing lane to the right,afternoon,3.0,2.0,3.0,16.0,2.0,0.0
Saturday,18-30,Male,Junior high school,Employee,Below 1yr,Automobile,Owner,__MISSING__,__MISSING__,Other,other,Tangent road with flat terrain,Crossing,Earth roads,Dry,Darkness - lights lit,Normal,Vehicle with vehicle collision,Going straight,__MISSING__,__MISSING__,__MISSING__,__MISSING__,Normal,Not a Pedestrian,Driving carelessly,evening,2.0,2.0,,21.0,7.0,0.0
Wednesday,18-30,Male,Junior high school,Employee,2-5yr,Ridden horse,Owner,2-5yrs,__MISSING__,Other,Two-way (divided with broken lines road marking),Tangent road with flat terrain,No junction,Asphalt roads,Dry,Daylight,Normal,Vehicle with vehicle collision,Going straight,__MISSING__,__MISSING__,__MISSING__,Self-employed,__MISSING__,Not a Pedestrian,Other,afternoon,6.0,1.0,,16.0,6.0,0.0
Thursday,18-30,Male,Junior high school,Employee,2-5yr,__MISSING__,Owner,__MISSING__,No defect,Office areas,Undivided Two way,Tangent road with flat terrain,No junction,Asphalt roads,Dry,Daylight,Normal,Vehicle with vehicle collision,Moving Backward,Driver or rider,Male,31-50,__MISSING__,__MISSING__,Not a Pedestrian,Changing lane to the right,evening,2.0,1.0,3.0,18.0,4.0,0.0
Sunday,18-30,Male,Elementary school,Employee,2-5yr,Lorry (41?100Q),Governmental,__MISSING__,No defect,School areas,Double carriageway (median),Tangent road with flat terrain,No junction,Earth roads,Wet or damp,Darkness - lights lit,Raining and Windy,Vehicle with vehicle collision,Going straight,Driver or rider,Male,31-50,Driver,Normal,Not a Pedestrian,Driving to the left,night,2.0,1.0,3.0,0.0,1.0,0.0
Monday,Under 18,Male,Junior high school,Employee,1-2yr,Long lorry,Owner,__MISSING__,No defect,Office areas,Two-way (divided with broken lines road marking),Tangent road with flat terrain,Y Shape,Asphalt roads,Wet or damp,Daylight,Raining,Collision with roadside objects,Going straight,Driver or rider,Male,18-30,Driver,Normal,Not a Pedestrian,No distancing,afternoon,2.0,1.0,3.0,16.0,1.0,0.0
Tuesday,18-30,Male,Junior high school,Employee,Above 10yr,Lorry (41?100Q),Owner,2-5yrs,No defect,Office areas,Undivided Two way,Tangent road with mountainous terrain and,No junction,Asphalt roads,Wet or damp,Darkness - lights lit,Raining,Vehicle with vehicle collision,Moving Backward,__MISSING__,__MISSING__,__MISSING__,Driver,Normal,Not a Pedestrian,Changing lane to the left,night,2.0,1.0,,0.0,4.0,0.0
Tuesday,Over 51,Male,High school,Employee,2-5yr,Lorry (41?100Q),Owner,5-10yrs,__MISSING__,Church areas,Undivided Two way,Tangent road with flat terrain,Y Shape,Asphalt roads,Dry,Daylight,Normal,Collision with roadside objects,Going straight,Driver or rider,Male,18-30,Driver,Normal,Not a Pedestrian,__MISSING__,evening,2.0,1.0,2.0,18.0,2.0,0.0
Wednesday,31-50,Male,__MISSING__,Employee,5-10yr,Other,Owner,__MISSING__,No defect,Office areas,Two-way (divided with broken lines road marking),Tangent road with flat terrain,Y Shape,Asphalt roads,Dry,Daylight,Normal,Vehicle with vehicle collision,Going straight,Driver or rider,Male,18-30,Driver,Normal,Not a Pedestrian,Changing lane to the right,evening,2.0,2.0,3.0,19.0,2.0,0.0
Wednesday,18-30,Male,Junior high school,Employee,Above 10yr,Automobile,Owner,5-10yrs,__MISSING__,Office areas,Two-way (divided with broken lines road marking),Tangent road with mild grade and flat terrain,No junction,Earth roads,Dry,Daylight,Normal,Collision with roadside objects,Going straight,Driver or rider,Male,31-50,Self-employed,Normal,Not a Pedestrian,No priority to pedestrian,afternoon,2.0,1.0,3.0,16.0,1.0,0.0
Tuesday,18-30,Male,Junior high school,Employee,2-5yr,Automobile,Owner,__MISSING__,No defect,Church areas,Double carriageway (median),Tangent road with flat terrain,Y Shape,Earth roads,Dry,Darkness - lights lit,Normal,Vehicle with vehicle collision,Getting off,__MISSING__,__MISSING__,__MISSING__,Driver,Normal,Not a Pedestrian,Changing lane to the left,evening,2.0,1.0,,19.0,5.0,0.0
Sunday,18-30,Male,Above high school,Employee,5-10yr,Lorry (41?100Q),Owner,2-5yrs,__MISSING__,Church areas,Two-way (divided with broken lines road marking),Tangent road with flat terrain,No junction,Asphalt roads,Wet or damp,Darkness - lights lit,Normal,Collision with pedestrians,Going straight,__MISSING__,__MISSING__,__MISSING__,Driver,Normal,Not a Pedestrian,Driving carelessly,night,1.0,2.0,,3.0,5.0,0.0
Sunday,18-30,Male,Junior high school,Employee,Above 10yr,Other,Owner,1-2yr,No defect,Other,Undivided Two way,Tangent road with flat terrain,No junction,Asphalt roads,Dry,Darkness - lights lit,Normal,Vehicle with vehicle collision,Moving Backward,Passenger,Male,Under 18,Student,Normal,Not a Pedestrian,No priority to vehicle,night,2.0,1.0,3.0,3.0,0.0,0.0
Wednesday,31-50,Male,High school,Owner,2-5yr,Automobile,Owner,__MISSING__,No defect,Church areas,Undivided Two way,Tangent road with flat terrain,Crossing,Asphalt roads,Dry,Daylight,Normal,Vehicle with vehicle collision,Going straight,Pedestrian,Male,31-50,__MISSING__,__MISSING__,Not a Pedestrian,No distancing,morning,2.0,2.0,3.0,9.0,3.0,0.0
Monday,31-50,Male,Junior high school,Employee,1-2yr,Lorry (11?40Q),Owner,1-2yr,No defect,Outside rural areas,Two-way (divided with broken lines road marking),Tangent road with flat terrain,Crossing,Asphalt roads,Wet or damp,Darkness - no lighting,Raining,Vehicle with vehicle collision,Going straight,Passenger,Female,Under 18,__MISSING__,__MISSING__,Not a Pedestrian,Changing lane to the right,evening,2.0,1.0,3.0,20.0,2.0,0.0
Monday,__MISSING__,Female,Junior high school,Employee,1-2yr,Public (> 45 seats),Governmental,1-2yr,__MISSING__,Other,Undivided Two way,Tangent road with flat terrain,Crossing,Asphalt roads,Dry,Daylight,Normal,Vehicle with vehicle collision,__MISSING__,Passenger,Female,18-30,Driver,Normal,Not a Pedestrian,No distancing,afternoon,3.0,2.0,2.0,14.0,3.0,0.0
Wednesday,31-50,Male,Junior high school,Employee,2-5yr,Other,Owner,__MISSING__,No defect,Recreational areas,Two-way (divided with broken lines road marking),Tangent road with flat terrain,No junction,Asphalt roads,Dry,Daylight,Normal,Vehicle with vehicle collision,Going straight,Passenger,Female,18-30,Driver,Normal,Not a Pedestrian,No distancing,morning,2.0,1.0,3.0,9.0,1.0,0.0
Tuesday,18-30,Male,Junior high school,Employee,1-2yr,__MISSING__,Owner,__MISSING__,__MISSING__,Office areas,other,Tangent road with flat terrain,No junction,Asphalt roads,Dry,Darkness - lights lit,Normal,Vehicle with vehicle collision,Going straight,Driver or rider,Male,18-30,Self-employed,Normal,Not a Pedestrian,Changing lane to the right,evening,3.0,2.0,2.0,22.0,3.0,0.0
Friday,18-30,Male,Junior high school,Employee,No Licence,Other,Owner,__MISSING__,__MISSING__,Office areas,Two-way (divided with broken lines road marking),Tangent road with flat terrain,No junction,Asphalt roads,Wet or damp,Daylight,Normal,Collision with roadside objects,Going straight,__MISSING__,__MISSING__,__MISSING__,__MISSING__,__MISSING__,Not a Pedestrian,No distancing,afternoon,2.0,2.0,,13.0,8.0,0.0
Tuesday,Under 18,Male,Junior high school,Employee,Above 10yr,Automobile,Owner,Above 10yr,__MISSING__,Office areas,other,Tangent road with mountainous terrain and,Y Shape,Asphalt roads,Dry,Daylight,Normal,Collision with roadside objects,Other,__MISSING__,__MISSING__,__MISSING__,Employee,Normal,Not a Pedestrian,Driving at high speed,afternoon,3.0,3.0,,16.0,5.0,0.0
Tuesday,Under 18,Male,Junior high school,Employee,5-10yr,Lorry (41?100Q),Owner,2-5yrs,No defect,Outside rural areas,Undivided Two way,Tangent road with flat terrain,Y Shape,Asphalt roads,Dry,Daylight,Normal,Vehicle with vehicle collision,Other,Passenger,Female,31-50,Self-employed,Normal,Not a Pedestrian,Driving carelessly,afternoon,3.0,2.0,3.0,12.0,0.0,0.0
Monday,__MISSING__,Male,Junior high school,Employee,Below 1yr,Pick up upto 10Q,Owner,Above 10yr,__MISSING__,Residential areas,Undivided Two way,Tangent road with flat terrain,No junction,Asphalt roads,Dry,Daylight,Normal,Collision with pedestrians,Moving Backward,__MISSING__,__MISSING__,__MISSING__,__MISSING__,__MISSING__,Not a Pedestrian,Changing lane to the left,morning,2.0,2.0,,7.0,8.0,0.0
Friday,Over 51,Male,High school,Employee,Above 10yr,Public (12 seats),Owner,1-2yr,No defect,Recreational areas,Two-way (divided with broken lines road marking),Tangent road with flat terrain,Crossing,Asphalt roads,Dry,Daylight,Normal,Vehicle with vehicle collision,Going straight,__MISSING__,__MISSING__,__MISSING__,Employee,Normal,Not a Pedestrian,Driving carelessly,morning,1.0,1.0,,8.0,4.0,0.0
Thursday,31-50,Male,__MISSING__,Employee,5-10yr,Automobile,Owner,__MISSING__,No defect,Other,Two-way (divided with broken lines road marking),Tangent road with flat terrain,No junction,Asphalt roads,Dry,Daylight,Normal,Collision with pedestrians,Reversing,__MISSING__,__MISSING__,__MISSING__,Self-employed,Normal,Not a Pedestrian,Changing lane to the right,evening,2.0,1.0,,20.0,6.0,0.0
Wednesday,31-50,Male,Elementary school,Employee,2-5yr,Automobile,Owner,5-10yrs,__MISSING__,Office areas,Two-way (divided with broken lines road marking),Tangent road with mild grade and flat terrain,Y Shape,Asphalt roads,Wet or damp,Darkness - lights lit,Normal,Collision with pedestrians,Going straight,Pedestrian,Female,Over 51,__MISSING__,__MISSING__,Crossing from nearside - masked by parked or statioNot a Pedestrianry vehicle,Changing lane to the right,afternoon,1.0,1.0,2.0,17.0,3.0,0.0
Wednesday,18-30,Male,High school,Employee,Above 10yr,__MISSING__,Owner,5-10yrs,No defect,Church areas,Two-way (divided with broken lines road marking),Tangent road with flat terrain,Crossing,Asphalt roads,Dry,Daylight,__MISSING__,Collision with pedestrians,Other,Passenger,Male,Over 51,Driver,Normal,Not a Pedestrian,Overtaking,morning,2.0,1.0,3.0,7.0,2.0,0.0
Thursday,18-30,Male,Junior high school,Employee,1-2yr,Lorry (41?100Q),Owner,__MISSING__,No defect,Other,other,Tangent road with flat terrain,Crossing,Asphalt roads,Wet or damp,Daylight,Raining,Vehicle with vehicle collision,Reversing,__MISSING__,__MISSING__,__MISSING__,__MISSING__,__MISSING__,Not a Pedestrian,Changing lane to the right,morning,2.0,3.0,,7.0,7.0,0.0
Thursday,Over 51,Male,Elementary school,Employee,5-10yr,Lorry (41?100Q),Owner,__MISSING__,No defect,Office areas,Two-way (divided with broken lines road marking),Tangent road with flat terrain,Y Shape,Asphalt roads,Dry,Daylight,Other,Vehicle with vehicle collision,Going straight,Driver or rider,Female,18-30,Employee,__MISSING__,Not a Pedestrian,Changing lane to the right,afternoon,2.0,4.0,3.0,14.0,2.0,1.0
Friday,31-50,Male,High school,Employee,Above 10yr,Automobile,Owner,__MISSING__,No defect,Other,Two-way (divided with broken lines road marking),Tangent road with flat terrain,Y Shape,Asphalt roads,Dry,Daylight,Normal,Vehicle with vehicle collision,Turnover,Pedestrian,Female,Over 51,__MISSING__,__MISSING__,Crossing from nearside - masked by parked or statioNot a Pedestrianry vehicle,Changing lane to the right,morning,2.0,1.0,3.0,8.0,3.0,0.0
Friday,31-50,Male,High school,Employee,2-5yr,Stationwagen,Governmental,__MISSING__,No defect,Residential areas,Double carriageway (median),Tangent road with flat terrain,Y Shape,Asphalt roads,Dry,Darkness - lights lit,Normal,Vehicle with vehicle collision,Going straight,__MISSING__,__MISSING__,__MISSING__,__MISSING__,__MISSING__,Not a Pedestrian,Driving carelessly,evening,4.0,1.0,,21.0,7.0,0.0
Tuesday,__MISSING__,Female,Junior high school,Owner,5-10yr,Other,Owner,__MISSING__,No defect,Office areas,Two-way (divided with broken lines road marking),Tangent road with flat terrain,Crossing,__MISSING__,Dry,Daylight,Normal,Vehicle with vehicle collision,Going straight,Pedestrian,Female,Under 18,__MISSING__,__MISSING__,Crossing from nearside - masked by parked or statioNot a Pedestrianry vehicle,No distancing,afternoon,2.0,1.0,3.0,13.0,5.0,0.0
Saturday,__MISSING__,Male,Junior high school,Employee,5-10yr,Public (13?45 seats),Owner,__MISSING__,No defect,Office areas,One way,Tangent road with flat terrain,Y Shape,Asphalt roads,Dry,Daylight,Normal,Vehicle with vehicle collision,Going straight,__MISSING__,__MISSING__,__MISSING__,Driver,Normal,Not a Pedestrian,Changing lane to the left,evening,2.0,3.0,,18.0,6.0,0.0
Monday,18-30,Male,Junior high school,Employee,2-5yr,__MISSING__,Owner,__MISSING__,No defect,Office areas,Two-way (divided with broken lines road marking),Tangent road with mild grade and flat terrain,No junction,Asphalt roads,Dry,Daylight,Normal,Vehicle with vehicle collision,Moving Backward,Driver or rider,Male,18-30,Driver,Normal,Not a Pedestrian,No priority to pedestrian,afternoon,2.0,1.0,2.0,16.0,2.0,0.0
Tuesday,31-50,Male,High school,Owner,1-2yr,Other,Owner,__MISSING__,No defect,Office areas,Double carriageway (median),Tangent road with flat terrain,__MISSING__,Asphalt roads,Dry,Daylight,Normal,Vehicle with vehicle collision,Going straight,Driver or rider,Female,18-30,Driver,Normal,Not a Pedestrian,No distancing,morning,2.0,1.0,3.0,7.0,2.0,0.0
Tuesday,18-30,Male,Elementary school,Employee,1-2yr,Other,Owner,2-5yrs,No defect,Office areas,Undivided Two way,Tangent road with mountainous terrain and,No junction,Asphalt roads,Wet or damp,Darkness - lights lit,Raining,Vehicle with vehicle collision,Going straight,Driver or rider,Female,Over 51,Driver,Normal,Not a Pedestrian,Turnover,evening,2.0,3.0,3.0,19.0,0.0,0.0
Friday,Under 18,Male,Above high school,Employee,2-5yr,Public (13?45 seats),Owner,__MISSING__,__MISSING__,Other,Two-way (divided with broken lines road marking),Tangent road with flat terrain,No junction,Asphalt roads,Wet or damp,Darkness - lights lit,Raining,Collision with roadside objects,Going straight,__MISSING__,__MISSING__,__MISSING__,Driver,Normal,Not a Pedestrian,No priority to vehicle,evening,1.0,2.0,,22.0,6.0,0.0
Friday,31-50,Male,Junior high school,Employee,Above 10yr,Public (12 seats),Owner,__MISSING__,No defect,School areas,Double carriageway (median),Tangent road with flat terrain,Y Shape,Asphalt roads,Dry,Daylight,Normal,Collision with pedestrians,Going straight,Pedestrian,Female,Over 51,Self-employed,Normal,Crossing from nearside - masked by parked or statioNot a Pedestrianry vehicle,No priority to vehicle,morning,2.0,2.0,2.0,11.0,1.0,0.0
Friday,__MISSING__,Male,Junior high school,Owner,5-10yr,__MISSING__,Owner,2-5yrs,No defect,Church areas,Undivided Two way,Tangent road with flat terrain,Y Shape,Asphalt roads,Dry,Daylight,Normal,Rollover,U-Turn,Driver or rider,Male,31-50,Other,Normal,Not a Pedestrian,Changing lane to the right,morning,2.0,1.0,3.0,7.0,2.0,0.0
Friday,31-50,Male,High school,Employee,2-5yr,Automobile,Owner,__MISSING__,No defect,Other,Undivided Two way,Tangent road with flat terrain,No junction,Asphalt roads,Dry,Daylight,Normal,Collision with roadside objects,Going straight,__MISSING__,__MISSING__,__MISSING__,Driver,Normal,Not a Pedestrian,No distancing,afternoon,2.0,1.0,,17.0,5.0,0.0
Thursday,18-30,Male,Junior high school,Employee,Above 10yr,Automobile,Owner,2-5yrs,No defect,Church areas,Undivided Two way,Tangent road with flat terrain,Crossing,Asphalt roads,Dry,Daylight,Normal,__MISSING__,Going straight,Passenger,Female,Over 51,__MISSING__,__MISSING__,Not a Pedestrian,Driving to the left,morning,2.0,1.0,3.0,10.0,3.0,0.0
Tuesday,18-30,Male,Junior high school,Employee,Above 10yr,Automobile,Owner,1-2yr,__MISSING__,School areas,Undivided Two way,Tangent road with flat terrain,Crossing,Asphalt roads,Wet or damp,Darkness - lights lit,__MISSING__,Collision with roadside objects,Going straight,Pedestrian,Female,31-50,__MISSING__,__MISSING__,Unknown or other,No distancing,morning,2.0,1.0,2.0,7.0,4.0,0.0
Friday,18-30,Male,Junior high school,Employee,2-5yr,Lorry (41?100Q),Owner,5-10yrs,No defect,Other,other,Tangent road with flat terrain,__MISSING__,Asphalt roads,Dry,Daylight,Normal,Vehicle with vehicle collision,Reversing,__MISSING__,__MISSING__,__MISSING__,__MISSING__,Normal,Not a Pedestrian,Changing lane to the right,evening,2.0,1.0,,18.0,6.0,0.0
Saturday,31-50,Male,High school,Owner,Above 10yr,Automobile,Owner,5-10yrs,No defect,Office areas,Two-way (divided with broken lines road marking),__MISSING__,Crossing,Asphalt roads,Dry,Daylight,Normal,Vehicle with vehicle collision,Going straight,Passenger,Male,31-50,Driver,Normal,Not a Pedestrian,Changing lane to the right,afternoon,2.0,3.0,3.0,15.0,1.0,0.0
Thursday,18-30,Male,Junior high school,Employee,Above 10yr,Stationwagen,Owner,2-5yrs,No defect,Residential areas,Undivided Two way,Tangent road with flat terrain,Y Shape,Asphalt roads,Dry,Darkness - lights lit,Normal,__MISSING__,Moving Backward,__MISSING__,__MISSING__,__MISSING__,Driver,Normal,Not a Pedestrian,No distancing,evening,3.0,2.0,,20.0,5.0,0.0
Monday,18-30,Male,Elementary school,Employee,2-5yr,Other,Owner,__MISSING__,No defect,Other,Two-way (divided with broken lines road marking),Tangent road with flat terrain,No junction,Asphalt roads,Dry,Daylight,Normal,Vehicle with vehicle collision,Moving Backward,__MISSING__,__MISSING__,__MISSING__,Driver,Normal,Not a Pedestrian,No distancing,afternoon,2.0,1.0,,15.0,5.0,0.0
Wednesday,__MISSING__,Female,Junior high school,Employee,2-5yr,Automobile,Owner,5-10yrs,No defect,Office areas,Two-way (divided with broken lines road marking),Tangent road with flat terrain,Y Shape,Asphalt roads,Dry,Darkness - lights lit,Normal,Vehicle with vehicle collision,Moving Backward,__MISSING__,__MISSING__,__MISSING__,Self-employed,Normal,Not a Pedestrian,Overtaking,afternoon,2.0,1.0,,17.0,5.0,0.0
Saturday,__MISSING__,Male,Junior high school,Employee,Below 1yr,Public (13?45 seats),Owner,5-10yrs,__MISSING__,Church areas,Undivided Two way,Tangent road with flat terrain,No junction,Asphalt roads,Dry,Daylight,Normal,Vehicle with vehicle collision,Other,Driver or rider,Male,18-30,Driver,Normal,Not a Pedestrian,Changing lane to the left,evening,4.0,3.0,3.0,20.0,2.0,0.0
Monday,Over 51,Male,Junior high school,Employee,2-5yr,Public (12 seats),Owner,1-2yr,No defect,Industrial areas,other,Tangent road with flat terrain,No junction,Asphalt roads,Dry,Daylight,Normal,Vehicle with vehicle collision,Going straight,Pedestrian,Female,Over 51,Driver,Normal,"In carriageway, statioNot a Pedestrianry - not crossing (standing or playing)",No priority to pedestrian,evening,2.0,1.0,3.0,19.0,0.0,0.0
Monday,31-50,Male,Junior high school,__MISSING__,5-10yr,Lorry (41?100Q),Governmental,Above 10yr,No defect,School areas,Two-way (divided with broken lines road marking),Tangent road with flat terrain,Other,Gravel roads,Dry,Daylight,Normal,Vehicle with vehicle collision,Going straight,Passenger,Female,18-30,Driver,Normal,Not a Pedestrian,No priority to vehicle,afternoon,2.0,6.0,3.0,12.0,1.0,1.0
Saturday,18-30,Male,Junior high school,Employee,5-10yr,__MISSING__,Owner,5-10yrs,No defect,Other,Undivided Two way,Tangent road with flat terrain,Y Shape,Asphalt roads,Dry,Daylight,Normal,Vehicle with vehicle collision,Going straight,Pedestrian,Male,Under 18,Self-employed,Normal,Crossing from driver's nearside,No priority to vehicle,evening,2.0,1.0,3.0,18.0,1.0,0.0
Thursday,__MISSING__,Female,Junior high school,Employee,Below 1yr,Automobile,Owner,__MISSING__,No defect,Office areas,Two-way (divided with broken lines road marking),Tangent road with flat terrain,No junction,Asphalt roads,Dry,Daylight,Normal,Vehicle with vehicle collision,Going straight,Driver or rider,Male,18-30,__MISSING__,__MISSING__,Not a Pedestrian,Driving under the influence of drugs,afternoon,3.0,4.0,3.0,17.0,4.0,1.0
Friday,31-50,Male,Junior high school,Employee,2-5yr,Lorry (41?100Q),Owner,__MISSING__,__MISSING__,School areas,Two-way (divided with broken lines road marking),Tangent road with flat terrain,__MISSING__,Asphalt roads,Dry,Daylight,Normal,Vehicle with vehicle collision,Going straight,__MISSING__,__MISSING__,__MISSING__,Driver,Normal,Not a Pedestrian,Moving Backward,morning,2.0,3.0,,9.0,7.0,0.0
Wednesday,__MISSING__,Female,Elementary school,Employee,5-10yr,Pick up upto 10Q,Owner,__MISSING__,No defect,Office areas,__MISSING__,Tangent road with flat terrain,Y Shape,Asphalt roads,Dry,Daylight,Normal,Collision with roadside objects,__MISSING__,Driver or rider,Female,18-30,__MISSING__,__MISSING__,Not a Pedestrian,No distancing,morning,1.0,1.0,3.0,10.0,6.0,0.0
Saturday,31-50,Male,Elementary school,Employee,Below 1yr,Automobile,Owner,1-2yr,No defect,Office areas,Undivided Two way,Tangent road with mild grade and flat terrain,Y Shape,Asphalt roads,Dry,Daylight,Normal,Collision with roadside objects,Reversing,Pedestrian,Male,Under 18,__MISSING__,Normal,Crossing from nearside - masked by parked or statioNot a Pedestrianry vehicle,No priority to vehicle,morning,2.0,1.0,3.0,11.0,1.0,0.0
Thursday,18-30,Male,Junior high school,Employee,1-2yr,Taxi,Owner,2-5yrs,__MISSING__,Other,Undivided Two way,Tangent road with flat terrain,No junction,Asphalt roads,Wet or damp,Daylight,Normal,Vehicle with vehicle collision,Stopping,Driver or rider,Male,18-30,__MISSING__,__MISSING__,Not a Pedestrian,No distancing,evening,2.0,3.0,3.0,19.0,3.0,0.0
Monday,31-50,Male,Junior high school,Owner,5-10yr,Lorry (41?100Q),Owner,__MISSING__,No defect,Other,Undivided Two way,Tangent road with flat terrain,__MISSING__,Asphalt roads,Wet or damp,Darkness - lights unlit,Normal,Vehicle with vehicle collision,Going straight,__MISSING__,__MISSING__,__MISSING__,Other,Normal,Not a Pedestrian,Changing lane to the right,afternoon,2.0,2.0,,16.0,6.0,0.0
Friday,Under 18,Male,High school,Employee,1-2yr,Automobile,Governmental,__MISSING__,No defect,Other,Two-way (divided with solid lines road marking),Tangent road with flat terrain,Crossing,Asphalt roads,Dry,Daylight,Normal,Vehicle with vehicle collision,Going straight,Pedestrian,Female,18-30,Driver,Normal,"In carriageway, statioNot a Pedestrianry - not crossing (standing or playing)",Changing lane to the left,morning,2.0,1.0,3.0,9.0,1.0,0.0
Wednesday,18-30,Male,Elementary school,Employee,2-5yr,Lorry (41?100Q),Owner,5-10yrs,__MISSING__,Other,One way,Tangent road with flat terrain,Crossing,Asphalt roads,Dry,Daylight,Normal,Vehicle with vehicle collision,Going straight,Driver or rider,Male,18-30,Driver,Normal,Not a Pedestrian,Changing lane to the right,afternoon,3.0,1.0,3.0,12.0,1.0,0.0
Saturday,Over 51,Male,Elementary school,Employee,Above 10yr,Pick up upto 10Q,Owner,Above 10yr,__MISSING__,Office areas,Undivided Two way,Tangent road with flat terrain,Crossing,Asphalt roads,Wet or damp,Darkness - no lighting,Raining,Vehicle with vehicle collision,Going straight,Driver or rider,Male,Under 18,Driver,Normal,Not a Pedestrian,Changing lane to the left,afternoon,1.0,1.0,3.0,17.0,1.0,0.0
Monday,Over 51,Male,Junior high school,Employee,2-5yr,Public (13?45 seats),Owner,__MISSING__,No defect,Office areas,Two-way (divided with broken lines road marking),Tangent road with flat terrain,Crossing,Asphalt roads,Dry,Darkness - lights lit,Normal,Collision with roadside objects,Going straight,Driver or rider,Female,31-50,Self-employed,Normal,Not a Pedestrian,Changing lane to the right,evening,2.0,1.0,3.0,23.0,1.0,0.0
Thursday,Over 51,Male,Junior high school,Employee,1-2yr,Automobile,Owner,__MISSING__,__MISSING__,Church areas,other,Tangent road with flat terrain,Y Shape,Asphalt roads,Dry,Daylight,Normal,Vehicle with vehicle collision,Going straight,Pedestrian,Male,31-50,Driver,Normal,Crossing from nearside - masked by parked or statioNot a Pedestrianry vehicle,No priority to pedestrian,afternoon,2.0,2.0,3.0,15.0,2.0,0.0
Sunday,18-30,Male,__MISSING__,__MISSING__,__MISSING__,__MISSING__,Owner,__MISSING__,No defect,Office areas,Undivided Two way,Tangent road with flat terrain,Y Shape,Asphalt roads,Dry,Darkness - lights lit,Normal,__MISSING__,Going straight,Pedestrian,Male,Over 51,__MISSING__,__MISSING__,Not a Pedestrian,No distancing,afternoon,1.0,1.0,2.0,16.0,8.0,0.0
Thursday,__MISSING__,Male,Junior high school,Employee,Above 10yr,Public (12 seats),Governmental,__MISSING__,No defect,Office areas,Undivided Two way,Tangent road with flat terrain,No junction,Asphalt roads,Dry,Darkness - no lighting,__MISSING__,Vehicle with vehicle collision,Moving Backward,__MISSING__,__MISSING__,__MISSING__,Other,Normal,Not a Pedestrian,No distancing,evening,2.0,1.0,,21.0,7.0,0.0
Tuesday,18-30,Male,Junior high school,Employee,Above 10yr,Lorry (41?100Q),Governmental,5-10yrs,No defect,Other,Undivided Two way,Tangent road with flat terrain,__MISSING__,Asphalt roads,Dry,Darkness - lights lit,Normal,Vehicle with vehicle collision,Going straight,__MISSING__,__MISSING__,__MISSING__,Driver,Normal,Not a Pedestrian,Changing lane to the left,evening,2.0,2.0,,20.0,5.0,0.0
Friday,Over 51,Male,Junior high school,Employee,1-2yr,Automobile,Owner,__MISSING__,__MISSING__,Other,Two-way (divided with broken lines road marking),Tangent road with flat terrain,No junction,Asphalt roads,Wet or damp,Darkness - lights lit,Normal,Vehicle with vehicle collision,Going straight,__MISSING__,__MISSING__,__MISSING__,__MISSING__,__MISSING__,Not a Pedestrian,Other,evening,1.0,1.0,,19.0,8.0,0.0
Saturday,31-50,Male,Junior high school,Employee,1-2yr,__MISSING__,__MISSING__,__MISSING__,__MISSING__,Other,Two-way (divided with broken lines road marking),Tangent road with flat terrain,No junction,Asphalt roads,Dry,Daylight,Normal,Vehicle with vehicle collision,Reversing,Passenger,Male,Over 51,Driver,Normal,Not a Pedestrian,Driving carelessly,afternoon,2.0,1.0,3.0,13.0,4.0,0.0
Friday,18-30,Male,Junior high school,Employee,Above 10yr,Motorcycle,Owner,5-10yrs,No defect,Office areas,Two-way (divided with broken lines road marking),__MISSING__,Other,Asphalt roads,Wet or damp,Darkness - lights lit,Normal,Vehicle with vehicle collision,Going straight,Pedestrian,Female,Over 51,Driver,Normal,Crossing from nearside - masked by parked or statioNot a Pedestrianry vehicle,Other,morning,2.0,1.0,3.0,7.0,1.0,0.0
Thursday,__MISSING__,Male,Junior high school,Employee,Above 10yr,Automobile,Owner,2-5yrs,No defect,Other,Undivided Two way,Tangent road with mountainous terrain and,No junction,Asphalt roads,Dry,Daylight,Normal,Collision with animals,Going straight,Driver or rider,Male,18-30,Driver,Normal,Not a Pedestrian,No priority to pedestrian,afternoon,2.0,1.0,3.0,13.0,1.0,0.0
Wednesday,__MISSING__,Male,__MISSING__,__MISSING__,__MISSING__,__MISSING__,Owner,5-10yrs,5,Church areas,other,Tangent road with flat terrain,Y Shape,Asphalt roads,Dry,Darkness - lights lit,Normal,Collision with pedestrians,Going straight,Driver or rider,Male,18-30,Driver,Normal,Not a Pedestrian,No priority to vehicle,evening,2.0,1.0,3.0,22.0,5.0,0.0
Saturday,18-30,Male,Elementary school,Employee,2-5yr,Automobile,Owner,__MISSING__,No defect,Church areas,One way,Tangent road with flat terrain,No junction,Asphalt roads,Dry,Darkness - lights lit,Normal,Rollover,Moving Backward,Driver or rider,Male,18-30,Employee,Normal,Not a Pedestrian,Driving carelessly,evening,2.0,4.0,3.0,22.0,1.0,1.0
Monday,__MISSING__,Male,Elementary school,Employee,5-10yr,Automobile,Governmental,__MISSING__,No defect,Church areas,Double carriageway (median),Tangent road with flat terrain,No junction,Asphalt roads,Dry,Daylight,Normal,Vehicle with vehicle collision,__MISSING__,Driver or rider,Male,31-50,Employee,Normal,Not a Pedestrian,No distancing,morning,2.0,1.0,3.0,8.0,3.0,0.0
Saturday,31-50,Male,Junior high school,Employee,Above 10yr,Automobile,Organization,2-5yrs,No defect,Other,Two-way (divided with broken lines road marking),Tangent road with mountainous terrain and,No junction,Asphalt roads,Dry,Daylight,Normal,Vehicle with vehicle collision,Going straight,__MISSING__,__MISSING__,__MISSING__,Self-employed,Normal,Not a Pedestrian,Other,afternoon,1.0,1.0,,13.0,4.0,0.0
Friday,31-50,Male,High school,Owner,5-10yr,Public (12 seats),Owner,Above 10yr,__MISSING__,Office areas,Two-way (divided with broken lines road marking),Tangent road with flat terrain,Crossing,Asphalt roads,Dry,Darkness - lights lit,Normal,Collision with roadside objects,Going straight,Driver or rider,Male,31-50,__MISSING__,__MISSING__,Not a Pedestrian,Driving to the left,evening,1.0,2.0,3.0,23.0,3.0,0.0
Friday,31-50,Male,Above high school,Other,2-5yr,Public (13?45 seats),__MISSING__,__MISSING__,__MISSING__,__MISSING__,__MISSING__,__MISSING__,Crossing,Asphalt roads,Dry,Daylight,Normal,Vehicle with vehicle collision,Moving Backward,Pedestrian,Female,31-50,Other,Normal,Unknown or other,No distancing,morning,1.0,1.0,3.0,9.0,6.0,0.0
Tuesday,31-50,Male,Junior high school,Employee,Above 10yr,Lorry (41?100Q),Owner,5-10yrs,No defect,Other,Two-way (divided with broken lines road marking),Tangent road with flat terrain,Y Shape,Asphalt roads,Wet or damp,Darkness - no lighting,Raining,Vehicle with vehicle collision,Turnover,__MISSING__,__MISSING__,__MISSING__,Driver,Normal,Not a Pedestrian,Changing lane to the left,afternoon,3.0,1.0,,16.0,4.0,0.0
Thursday,31-50,Male,__MISSING__,Employee,__MISSING__,Automobile,Owner,Above 10yr,No defect,Church areas,Undivided Two way,Sharp reverse curve,No junction,Asphalt roads,Dry,Daylight,Normal,Collision with pedestrians,__MISSING__,Pedestrian,Male,18-30,__MISSING__,__MISSING__,Not a Pedestrian,Changing lane to the left,afternoon,2.0,1.0,2.0,14.0,5.0,0.0
Tuesday,18-30,Male,Junior high school,Employee,Below 1yr,Automobile,Owner,__MISSING__,No defect,Office areas,Undivided Two way,Tangent road with flat terrain,No junction,Asphalt roads,Dry,Darkness - lights lit,Other,Vehicle with vehicle collision,Going straight,__MISSING__,__MISSING__,__MISSING__,Self-employed,Normal,Not a Pedestrian,Driving under the influence of drugs,evening,2.0,1.0,,19.0,5.0,0.0
Friday,Over 51,Male,__MISSING__,Employee,1-2yr,Public (13?45 seats),Owner,__MISSING__,No defect,Church areas,Double carriageway (median),Tangent road with flat terrain,Other,Asphalt roads,Dry,Daylight,Normal,Collision with roadside objects,Going straight,__MISSING__,__MISSING__,__MISSING__,Driver,Normal,Not a Pedestrian,Overtaking,afternoon,1.0,1.0,,14.0,6.0,0.0
Friday,31-50,Male,Junior high school,Employee,5-10yr,Public (13?45 seats),Governmental,Above 10yr,No defect,Residential areas,other,Tangent road with flat terrain,Y Shape,Asphalt roads,Dry,Daylight,Normal,Collision with pedestrians,Going straight,__MISSING__,__MISSING__,__MISSING__,__MISSING__,__MISSING__,Not a Pedestrian,Changing lane to the left,morning,2.0,1.0,,8.0,6.0,0.0
Saturday,31-50,Male,Junior high school,Employee,Below 1yr,Automobile,Owner,Above 10yr,No defect,Church areas,Two-way (divided with broken lines road marking),Tangent road with flat terrain,No junction,Asphalt roads,Dry,Daylight,Normal,Vehicle with vehicle collision,Going straight,__MISSING__,__MISSING__,__MISSING__,Driver,Normal,Not a Pedestrian,Overturning,afternoon,2.0,1.0,,14.0,4.0,0.0
Thursday,31-50,Male,Elementary school,Employee,2-5yr,Lorry (41?100Q),Owner,__MISSING__,__MISSING__,Other,Two-way (divided with broken lines road marking),Tangent road with flat terrain,Y Shape,Asphalt roads,Dry,Daylight,Normal,Collision with roadside objects,Moving Backward,Driver or rider,Male,18-30,__MISSING__,Normal,Not a Pedestrian,Moving Backward,afternoon,2.0,3.0,3.0,17.0,3.0,0.0
Sunday,18-30,Male,Junior high school,Employee,2-5yr,Public (12 seats),Owner,__MISSING__,__MISSING__,Other,Undivided Two way,Tangent road with flat terrain,Crossing,Asphalt roads,Dry,Daylight,Normal,Vehicle with vehicle collision,Going straight,Pedestrian,Male,Under 18,Employee,Normal,Not a Pedestrian,No priority to pedestrian,evening,2.0,1.0,3.0,19.0,2.0,0.0
Tuesday,__MISSING__,Female,Junior high school,Owner,Below 1yr,Stationwagen,Owner,__MISSING__,No defect,Office areas,Double carriageway (median),Tangent road with flat terrain,Y Shape,Asphalt roads,Dry,Daylight,Normal,Vehicle with vehicle collision,Moving Backward,Driver or rider,Male,18-30,Driver,Normal,Not a Pedestrian,Changing lane to the right,afternoon,3.0,1.0,3.0,15.0,2.0,0.0
Tuesday,31-50,Male,Junior high school,Employee,Below 1yr,__MISSING__,Owner,__MISSING__,__MISSING__,Other,Double carriageway (median),Tangent road with flat terrain,No junction,Asphalt roads,Dry,Daylight,Normal,Rollover,Entering a junction,Driver or rider,Male,18-30,Employee,Normal,Not a Pedestrian,Changing lane to the left,morning,1.0,1.0,3.0,9.0,3.0,0.0
Sunday,31-50,Male,Elementary school,Owner,Above 10yr,Lorry (41?100Q),Owner,Above 10yr,__MISSING__,Industrial areas,__MISSING__,Tangent road with flat terrain,Y Shape,Asphalt roads,Dry,Daylight,Normal,Vehicle with vehicle collision,Going straight,__MISSING__,__MISSING__,__MISSING__,Driver,Normal,Not a Pedestrian,Changing lane to the right,afternoon,2.0,2.0,,12.0,6.0,0.0
Wednesday,31-50,Male,Junior high school,Employee,Below 1yr,__MISSING__,Owner,2-5yrs,No defect,Residential areas,Undivided Two way,Gentle horizontal curve,Y Shape,Asphalt roads,Dry,Daylight,Normal,Collision with animals,__MISSING__,Driver or rider,Female,31-50,Driver,Normal,Not a Pedestrian,Moving Backward,evening,2.0,2.0,3.0,18.0,2.0,0.0
Saturday,Over 51,Male,Junior high school,Employee,1-2yr,Public (12 seats),__MISSING__,__MISSING__,__MISSING__,Other,Undivided Two way,Tangent road with flat terrain,O Shape,Asphalt roads,Dry,Daylight,Normal,Vehicle with vehicle collision,Going straight,__MISSING__,__MISSING__,__MISSING__,__MISSING__,__MISSING__,Not a Pedestrian,Moving Backward,afternoon,2.0,1.0,,13.0,9.0,0.0
Saturday,18-30,Male,__MISSING__,__MISSING__,__MISSING__,Public (12 seats),Owner,__MISSING__,__MISSING__,Church areas,other,Tangent road with flat terrain,No junction,Asphalt roads,Dry,Daylight,Normal,Vehicle with vehicle collision,U-Turn,Driver or rider,Male,18-30,Self-employed,Normal,Not a Pedestrian,Driving carelessly,afternoon,2.0,2.0,3.0,16.0,5.0,0.0
Wednesday,31-50,Female,Junior high school,Employee,2-5yr,Long lorry,Owner,__MISSING__,__MISSING__,Church areas,Two-way (divided with broken lines road marking),Tangent road with flat terrain,Y Shape,Asphalt roads,Dry,Daylight,Normal,Collision with roadside objects,Going straight,Pedestrian,Female,18-30,Driver,Normal,Crossing from nearside - masked by parked or statioNot a Pedestrianry vehicle,No distancing,morning,2.0,1.0,3.0,8.0,2.0,0.0
Thursday,18-30,Male,Junior high school,Employee,2-5yr,Public (13?45 seats),Owner,__MISSING__,__MISSING__,Office areas,Undivided Two way,Tangent road with flat terrain,No junction,__MISSING__,Dry,Daylight,Normal,Collision with roadside objects,Going straight,Pedestrian,Male,18-30,__MISSING__,__MISSING__,Crossing from nearside - masked by parked or statioNot a Pedestrianry vehicle,Changing lane to the right,morning,2.0,1.0,2.0,8.0,5.0,0.0
Friday,18-30,Male,Junior high school,Employee,Below 1yr,Pick up upto 10Q,__MISSING__,__MISSING__,__MISSING__,Other,Double carriageway (median),Tangent road with flat terrain,No junction,Asphalt roads,Dry,Daylight,Normal,Vehicle with vehicle collision,Going straight,Driver or rider,Male,31-50,__MISSING__,Normal,Not a Pedestrian,Changing lane to the left,afternoon,1.0,1.0,3.0,12.0,4.0,0.0
Thursday,31-50,Male,Elementary school,Employee,5-10yr,__MISSING__,Owner,__MISSING__,__MISSING__,Other,__MISSING__,Tangent road with flat terrain,Crossing,Asphalt roads with some distress,Dry,Daylight,Normal,Vehicle with vehicle collision,Going straight,Pedestrian,Male,18-30,Self-employed,Normal,"In carriageway, statioNot a Pedestrianry - not crossing (standing or playing) - masked by parked or statioNot a Pedestrianry vehicle",Moving Backward,morning,1.0,1.0,3.0,9.0,4.0,0.0
Friday,__MISSING__,Male,Junior high school,Employee,5-10yr,Public (13?45 seats),Owner,__MISSING__,__MISSING__,Church areas,Two-way (divided with broken lines road marking),Tangent road with flat terrain,No junction,Asphalt roads,Dry,Daylight,Normal,Vehicle with vehicle collision,Moving Backward,Driver or rider,Male,31-50,Self-employed,Normal,Not a Pedestrian,No distancing,afternoon,2.0,1.0,3.0,13.0,3.0,0.0
Saturday,31-50,__MISSING__,Junior high school,Employee,2-5yr,Long lorry,Owner,Above 10yr,No defect,Office areas,Two-way (divided with broken lines road marking),Tangent road with flat terrain,Crossing,Asphalt roads,Dry,Daylight,Normal,Fall from vehicles,Going straight,__MISSING__,__MISSING__,__MISSING__,Self-employed,Normal,Not a Pedestrian,Driving carelessly,morning,2.0,1.0,,11.0,5.0,0.0
Saturday,Over 51,Male,Junior high school,Employee,Below 1yr,Automobile,Owner,5-10yrs,__MISSING__,Office areas,Undivided Two way,Tangent road with flat terrain,Crossing,Asphalt roads,Wet or damp,Darkness - lights lit,Raining,Vehicle with vehicle collision,Going straight,Driver or rider,Male,18-30,Self-employed,Normal,Not a Pedestrian,Other,night,2.0,3.0,3.0,3.0,1.0,0.0
Friday,Under 18,Male,Junior high school,Employee,1-2yr,Lorry (41?100Q),Owner,__MISSING__,No defect,Office areas,Two-way (divided with broken lines road marking),Tangent road with flat terrain,Y Shape,Asphalt roads,Dry,Daylight,Normal,Vehicle with vehicle collision,Reversing,Driver or rider,Male,Under 18,Self-employed,Normal,Not a Pedestrian,Driving carelessly,afternoon,3.0,1.0,3.0,16.0,1.0,0.0
Monday,__MISSING__,Male,Junior high school,Owner,Below 1yr,__MISSING__,Owner,__MISSING__,No defect,Other,Two-way (divided with broken lines road marking),Tangent road with flat terrain,Y Shape,Asphalt roads,Dry,Darkness - lights lit,Normal,Vehicle with vehicle collision,Going straight,__MISSING__,__MISSING__,__MISSING__,Driver,Normal,Not a Pedestrian,Overtaking,evening,2.0,1.0,,23.0,7.0,0.0
Friday,18-30,Male,Junior high school,Employee,Above 10yr,Public (13?45 seats),Owner,5-10yrs,No defect,Other,Two-way (divided with broken lines road marking),Tangent road with flat terrain,Y Shape,Asphalt roads,Dry,Daylight,Normal,Collision with roadside objects,Other,Pedestrian,Male,Under 18,__MISSING__,__MISSING__,Crossing from driver's nearside,Changing lane to the right,morning,2.0,1.0,3.0,8.0,2.0,0.0
Saturday,Over 51,Male,Junior high school,Employee,5-10yr,__MISSING__,Owner,__MISSING__,No defect,Other,Undivided Two way,Tangent road with flat terrain,Y Shape,Asphalt roads,Snow,Daylight,Snow,Vehicle with vehicle collision,Going straight,__MISSING__,__MISSING__,__MISSING__,__MISSING__,__MISSING__,Not a Pedestrian,No distancing,morning,3.0,2.0,,11.0,8.0,0.0
Tuesday,18-30,Male,Elementary school,Employee,5-10yr,__MISSING__,Owner,__MISSING__,__MISSING__,Office areas,Undivided Two way,Tangent road with flat terrain,No junction,Asphalt roads,Dry,Daylight,Normal,Vehicle with vehicle collision,Going straight,__MISSING__,__MISSING__,__MISSING__,Driver,Normal,Not a Pedestrian,Driving to the left,afternoon,2.0,3.0,,15.0,7.0,0.0
Wednesday,31-50,Male,Junior high school,Owner,1-2yr,Pick up upto 10Q,Owner,__MISSING__,No defect,Office areas,Two-way (divided with broken lines road marking),Tangent road with mild grade and flat terrain,Y Shape,Asphalt roads,Dry,Daylight,Normal,Collision with roadside objects,Getting off,Driver or rider,Male,18-30,Driver,Normal,Not a Pedestrian,Moving Backward,morning,2.0,1.0,3.0,8.0,1.0,0.0
Thursday,18-30,Male,__MISSING__,Owner,Above 10yr,Lorry (41?100Q),Owner,__MISSING__,7,Office areas,Undivided Two way,Tangent road with flat terrain,Y Shape,Asphalt roads,Dry,Darkness - lights lit,__MISSING__,Vehicle with vehicle collision,Going straight,Driver or rider,Male,31-50,__MISSING__,__MISSING__,Not a Pedestrian,Driving carelessly,evening,2.0,1.0,3.0,19.0,5.0,0.0
Tuesday,31-50,Male,Junior high school,Owner,Above 10yr,Public (> 45 seats),Owner,__MISSING__,__MISSING__,School areas,Two-way (divided with broken lines road marking),Tangent road with flat terrain,Y Shape,Asphalt roads,Dry,Daylight,Normal,Vehicle with vehicle collision,Other,Driver or rider,Female,18-30,Driver,Normal,Not a Pedestrian,Changing lane to the left,morning,2.0,1.0,3.0,9.0,2.0,0.0
Thursday,18-30,Male,__MISSING__,Employee,5-10yr,Automobile,Owner,__MISSING__,No defect,Other,Undivided Two way,Tangent road with flat terrain,Crossing,Asphalt roads,Dry,Daylight,Normal,Vehicle with vehicle collision,Going straight,__MISSING__,__MISSING__,__MISSING__,Driver,Normal,Not a Pedestrian,Overtaking,afternoon,1.0,1.0,,15.0,6.0,0.0
Monday,Over 51,Male,Above high school,Employee,1-2yr,Automobile,Governmental,__MISSING__,No defect,Residential areas,Undivided Two way,Tangent road with flat terrain,Y Shape,Asphalt roads,Dry,Daylight,Cloudy,Vehicle with vehicle collision,Going straight,__MISSING__,__MISSING__,__MISSING__,Driver,Normal,Not a Pedestrian,Changing lane to the right,afternoon,2.0,1.0,,15.0,5.0,0.0
Thursday,__MISSING__,Male,Illiterate,Employee,__MISSING__,__MISSING__,Owner,Above 10yr,__MISSING__,Residential areas,other,Tangent road with flat terrain,Y Shape,Asphalt roads,Dry,Daylight,Raining,Vehicle with vehicle collision,Going straight,Pedestrian,Female,31-50,Driver,Normal,Not a Pedestrian,Other,morning,3.0,1.0,3.0,7.0,4.0,0.0
Monday,Over 51,Male,Junior high school,Employee,Above 10yr,Automobile,Owner,__MISSING__,No defect,Other,Two-way (divided with broken lines road marking),Tangent road with flat terrain,Crossing,Asphalt roads,Wet or damp,Darkness - lights lit,Normal,Vehicle with vehicle collision,Going straight,__MISSING__,__MISSING__,__MISSING__,__MISSING__,__MISSING__,Not a Pedestrian,Moving Backward,afternoon,2.0,6.0,,15.0,7.0,1.0
Friday,__MISSING__,Male,Junior high school,Employee,Above 10yr,Automobile,Owner,__MISSING__,No defect,Church areas,Undivided Two way,Tangent road with flat terrain,Y Shape,Asphalt roads,Dry,Daylight,Normal,Vehicle with vehicle collision,Going straight,Driver or rider,Male,31-50,Employee,Normal,Not a Pedestrian,Moving Backward,morning,2.0,1.0,3.0,7.0,2.0,0.0
Wednesday,__MISSING__,Male,Junior high school,Employee,__MISSING__,Lorry (11?40Q),Governmental,__MISSING__,No defect,School areas,Double carriageway (median),Tangent road with flat terrain,Y Shape,Asphalt roads,Dry,Daylight,Normal,Vehicle with vehicle collision,Other,__MISSING__,__MISSING__,__MISSING__,Other,Normal,Not a Pedestrian,No distancing,morning,2.0,1.0,,7.0,7.0,0.0
Wednesday,31-50,Male,__MISSING__,Owner,5-10yr,Automobile,Owner,__MISSING__,__MISSING__,Office areas,Undivided Two way,Tangent road with flat terrain,Other,Asphalt roads,Dry,Daylight,__MISSING__,Vehicle with vehicle collision,Moving Backward,__MISSING__,__MISSING__,__MISSING__,Driver,Normal,Not a Pedestrian,Changing lane to the left,evening,2.0,1.0,,18.0,8.0,0.0
Saturday,31-50,Male,Junior high school,Employee,5-10yr,Lorry (11?40Q),Owner,2-5yrs,__MISSING__,Other,Undivided Two way,Tangent road with flat terrain,Crossing,Asphalt roads,Dry,Daylight,Normal,Collision with roadside objects,Other,Passenger,Female,Over 51,__MISSING__,__MISSING__,Not a Pedestrian,Moving Backward,afternoon,3.0,1.0,3.0,16.0,3.0,0.0
Thursday,31-50,Male,Junior high school,Employee,5-10yr,Automobile,Owner,1-2yr,No defect,Office areas,Undivided Two way,Tangent road with flat terrain,No junction,Asphalt roads,Dry,Daylight,Normal,Rollover,Going straight,Driver or rider,Male,18-30,Driver,Normal,Not a Pedestrian,Driving to the left,morning,2.0,1.0,3.0,10.0,0.0,0.0
Monday,Under 18,Male,Junior high school,Employee,2-5yr,Automobile,Owner,Above 10yr,__MISSING__,Church areas,Two-way (divided with broken lines road marking),Steep grade downward with mountainous terrain,No junction,Asphalt roads,Wet or damp,Darkness - lights lit,Raining,Vehicle with vehicle collision,Other,__MISSING__,__MISSING__,__MISSING__,__MISSING__,__MISSING__,Not a Pedestrian,No distancing,night,2.0,1.0,,1.0,7.0,0.0
Thursday,18-30,Male,Elementary school,Employee,5-10yr,Public (13?45 seats),Owner,__MISSING__,__MISSING__,Office areas,One way,Tangent road with flat terrain,Crossing,Asphalt roads,Dry,Daylight,Normal,Vehicle with vehicle collision,Going straight,Driver or rider,Male,31-50,__MISSING__,__MISSING__,Not a Pedestrian,Moving Backward,morning,2.0,1.0,3.0,7.0,4.0,0.0
Wednesday,18-30,Male,Junior high school,Employee,5-10yr,Automobile,Owner,__MISSING__,__MISSING__,Office areas,Two-way (divided with broken lines road marking),Tangent road with flat terrain,Y Shape,Asphalt roads,Wet or damp,Darkness - lights lit,Other,Collision with pedestrians,Moving Backward,Driver or rider,Female,18-30,__MISSING__,__MISSING__,Not a Pedestrian,Driving under the influence of drugs,night,2.0,2.0,3.0,5.0,4.0,0.0
Saturday,31-50,Male,Above high school,Employee,Below 1yr,Lorry (41?100Q),Owner,Above 10yr,No defect,Office areas,Two-way (divided with broken lines road marking),Sharp reverse curve,Y Shape,Asphalt roads,Dry,Daylight,Normal,Vehicle with vehicle collision,Getting off,Driver or rider,Male,31-50,__MISSING__,__MISSING__,Not a Pedestrian,Other,afternoon,2.0,2.0,3.0,12.0,2.0,0.0
Wednesday,18-30,Male,High school,Employee,Above 10yr,__MISSING__,Governmental,__MISSING__,__MISSING__,Office areas,Two-way (divided with broken lines road marking),Tangent road with flat terrain,No junction,Asphalt roads,Wet or damp,Darkness - lights lit,Normal,Collision with pedestrians,__MISSING__,Pedestrian,Female,Over 51,Self-employed,Normal,Crossing from driver's nearside,Other,afternoon,3.0,2.0,2.0,16.0,4.0,0.0
Friday,18-30,Male,Junior high school,Employee,5-10yr,Lorry (11?40Q),Owner,__MISSING__,No defect,Other,Double carriageway (median),Tangent road with flat terrain,Y Shape,Asphalt roads,Dry,Darkness - lights lit,Normal,Rollover,Going straight,Driver or rider,Male,31-50,Driver,Normal,Not a Pedestrian,Changing lane to the left,evening,2.0,1.0,3.0,18.0,1.0,0.0
Friday,31-50,Male,Elementary school,Owner,Above 10yr,Stationwagen,Owner,__MISSING__,No defect,Church areas,Double carriageway (median),Tangent road with flat terrain,Y Shape,Asphalt roads,Dry,Daylight,Normal,Vehicle with vehicle collision,Going straight,Pedestrian,Female,18-30,Employee,Normal,Unknown or other,No distancing,evening,2.0,1.0,3.0,19.0,1.0,0.0
Tuesday,__MISSING__,Male,Junior high school,Employee,2-5yr,Lorry (11?40Q),Owner,1-2yr,No defect,Residential areas,Undivided Two way,Tangent road with flat terrain,No junction,Asphalt roads,Dry,Daylight,Normal,Vehicle with vehicle collision,Entering a junction,__MISSING__,__MISSING__,__MISSING__,Employee,Normal,Not a Pedestrian,Driving to the left,morning,3.0,1.0,,8.0,5.0,0.0
Thursday,31-50,Male,Junior high school,Employee,2-5yr,Long lorry,Owner,5-10yrs,No defect,Office areas,Two-way (divided with broken lines road marking),Tangent road with mild grade and flat terrain,Y Shape,Gravel roads,Dry,Daylight,Normal,Vehicle with vehicle collision,Going straight,Driver or rider,Female,18-30,__MISSING__,Normal,Not a Pedestrian,Changing lane to the left,afternoon,3.0,1.0,3.0,17.0,1.0,0.0
Sunday,18-30,Male,Junior high school,Employee,5-10yr,Public (13?45 seats),Governmental,Above 10yr,No defect,School areas,Two-way (divided with broken lines road marking),Tangent road with flat terrain,Y Shape,Asphalt roads,Dry,Daylight,Normal,Vehicle with vehicle collision,Going straight,__MISSING__,__MISSING__,__MISSING__,__MISSING__,__MISSING__,Not a Pedestrian,Changing lane to the right,afternoon,1.0,2.0,,12.0,6.0,0.0
Sunday,31-50,Male,__MISSING__,__MISSING__,__MISSING__,__MISSING__,__MISSING__,__MISSING__,__MISSING__,__MISSING__,__MISSING__,Tangent road with flat terrain,Crossing,Asphalt roads,Wet or damp,Darkness - lights lit,Normal,Vehicle with vehicle collision,Getting off,Driver or rider,Male,18-30,__MISSING__,__MISSING__,Not a Pedestrian,No distancing,afternoon,2.0,1.0,3.0,17.0,11.0,0.0
Saturday,Over 51,Male,Junior high school,Owner,1-2yr,Other,Owner,__MISSING__,__MISSING__,Residential areas,__MISSING__,Tangent road with flat terrain,Y Shape,Asphalt roads,Wet or damp,Daylight,Normal,Vehicle with vehicle collision,Going straight,__MISSING__,__MISSING__,__MISSING__,Driver,Normal,Not a Pedestrian,Driving to the left,evening,2.0,3.0,,23.0,7.0,0.0
Friday,Over 51,Male,Elementary school,Employee,5-10yr,Lorry (41?100Q),Owner,__MISSING__,No defect,Other,Undivided Two way,Tangent road with flat terrain,Y Shape,Asphalt roads,Wet or damp,Darkness - lights lit,Cloudy,Vehicle with vehicle collision,Going straight,__MISSING__,__MISSING__,__MISSING__,Driver,Normal,Not a Pedestrian,Overtaking,evening,2.0,2.0,,20.0,5.0,0.0
Thursday,18-30,Male,Junior high school,Employee,5-10yr,Lorry (41?100Q),Owner,__MISSING__,No defect,Other,Undivided Two way,Tangent road with flat terrain,Crossing,Asphalt roads,Dry,Daylight,Normal,Vehicle with vehicle collision,U-Turn,Passenger,Female,Over 51,Driver,Normal,Not a Pedestrian,Changing lane to the left,morning,2.0,1.0,3.0,8.0,1.0,0.0
Monday,18-30,Male,Junior high school,Employee,2-5yr,Lorry (41?100Q),Owner,5-10yrs,__MISSING__,Office areas,Undivided Two way,Tangent road with flat terrain,__MISSING__,Asphalt roads,Dry,Daylight,Normal,Collision with roadside objects,Going straight,__MISSING__,__MISSING__,__MISSING__,Driver,Normal,Not a Pedestrian,Overturning,night,3.0,1.0,,3.0,6.0,0.0
Monday,18-30,Male,Junior high school,Employee,Above 10yr,Motorcycle,Owner,Above 10yr,No defect,Other,other,Tangent road with flat terrain,Crossing,Asphalt roads,Wet or damp,Darkness - lights lit,Normal,Vehicle with vehicle collision,Going straight,Driver or rider,Male,Under 18,Driver,Normal,Not a Pedestrian,No priority to vehicle,afternoon,2.0,6.0,3.0,15.0,0.0,1.0
Sunday,18-30,Male,Junior high school,Employee,Above 10yr,Automobile,Owner,__MISSING__,__MISSING__,Other,Two-way (divided with broken lines road marking),Tangent road with flat terrain,Crossing,Asphalt roads,Dry,Daylight,Normal,Vehicle with vehicle collision,Going straight,Pedestrian,Female,18-30,Driver,Normal,Not a Pedestrian,No distancing,afternoon,4.0,5.0,3.0,17.0,2.0,1.0
Saturday,18-30,Male,Junior high school,Employee,Above 10yr,Automobile,Owner,__MISSING__,No defect,Other,Undivided Two way,Tangent road with flat terrain,Crossing,Asphalt roads,Wet or damp,Darkness - lights lit,Raining,Vehicle with vehicle collision,Going straight,Driver or rider,Male,18-30,Driver,Normal,Not a Pedestrian,Driving under the influence of drugs,morning,3.0,1.0,3.0,6.0,1.0,0.0
Thursday,Under 18,Male,Junior high school,Employee,5-10yr,Public (13?45 seats),Owner,__MISSING__,__MISSING__,Residential areas,Undivided Two way,Tangent road with flat terrain,Y Shape,Asphalt roads,Wet or damp,Daylight,Normal,Vehicle with vehicle collision,Going straight,__MISSING__,__MISSING__,__MISSING__,__MISSING__,__MISSING__,Not a Pedestrian,No priority to pedestrian,morning,2.0,1.0,,9.0,8.0,0.0
Friday,18-30,Male,Junior high school,Employee,Above 10yr,Automobile,Owner,__MISSING__,7,Other,other,Tangent road with flat terrain,Other,Asphalt roads,Dry,Daylight,Normal,Vehicle with vehicle collision,Going straight,Pedestrian,Male,18-30,Driver,Normal,Not a Pedestrian,Moving Backward,afternoon,2.0,2.0,3.0,13.0,1.0,0.0
Tuesday,Over 51,Male,Above high school,Employee,1-2yr,Automobile,Governmental,1-2yr,No defect,Church areas,other,Steep grade downward with mountainous terrain,Y Shape,Asphalt roads,Wet or damp,Darkness - lights lit,Raining,Vehicle with vehicle collision,Going straight,__MISSING__,__MISSING__,__MISSING__,Self-employed,Normal,Not a Pedestrian,No priority to vehicle,evening,1.0,1.0,,23.0,4.0,0.0
Monday,31-50,Male,Junior high school,Employee,5-10yr,Automobile,Owner,__MISSING__,__MISSING__,Office areas,Two-way (divided with broken lines road marking),Tangent road with flat terrain,T Shape,Asphalt roads,Wet or damp,Daylight,Raining,Collision with roadside-parked vehicles,Going straight,Driver or rider,Female,18-30,Self-employed,Normal,Not a Pedestrian,Moving Backward,morning,1.0,1.0,3.0,11.0,2.0,0.0
Wednesday,18-30,Male,Junior high school,Employee,1-2yr,Public (> 45 seats),Owner,5-10yrs,No defect,Office areas,Two-way (divided with broken lines road marking),Tangent road with flat terrain,No junction,Asphalt roads,Dry,Daylight,Normal,Vehicle with vehicle collision,Going straight,__MISSING__,__MISSING__,__MISSING__,__MISSING__,__MISSING__,Not a Pedestrian,Driving carelessly,afternoon,1.0,1.0,,17.0,6.0,0.0
Monday,18-30,Male,Elementary school,Employee,5-10yr,Pick up upto 10Q,Owner,__MISSING__,__MISSING__,Residential areas,Undivided Two way,Tangent road with flat terrain,Crossing,Asphalt roads,Dry,Daylight,Normal,Collision with roadside objects,Going straight,Driver or rider,Male,18-30,Driver,Normal,Not a Pedestrian,No priority to vehicle,evening,2.0,1.0,3.0,18.0,2.0,0.0
Saturday,Over 51,Male,Junior high school,Employee,2-5yr,Pick up upto 10Q,Owner,__MISSING__,__MISSING__,Residential areas,Two-way (divided with broken lines road marking),Tangent road with flat terrain,O Shape,Earth roads,Dry,Darkness - lights lit,Normal,Rollover,Going straight,__MISSING__,__MISSING__,__MISSING__,__MISSING__,__MISSING__,Not a Pedestrian,No priority to pedestrian,afternoon,1.0,1.0,,17.0,8.0,0.0
Friday,Over 51,Male,__MISSING__,__MISSING__,__MISSING__,Automobile,Owner,__MISSING__,No defect,School areas,Undivided Two way,Tangent road with flat terrain,__MISSING__,Asphalt roads,Dry,Daylight,Normal,Vehicle with vehicle collision,Other,__MISSING__,__MISSING__,__MISSING__,Student,Normal,Not a Pedestrian,Changing lane to the right,afternoon,2.0,3.0,,13.0,9.0,0.0
Thursday,Under 18,Male,Junior high school,Employee,Above 10yr,__MISSING__,Owner,5-10yrs,No defect,Other,One way,Tangent road with flat terrain,No junction,Asphalt roads,Dry,Daylight,Normal,Collision with roadside objects,Moving Backward,Passenger,Male,Over 51,Driver,Normal,Not a Pedestrian,Overtaking,evening,3.0,4.0,3.0,19.0,1.0,1.0
Saturday,31-50,Male,Junior high school,Employee,No Licence,Public (13?45 seats),Owner,Above 10yr,No defect,Office areas,Two-way (divided with broken lines road marking),Tangent road with flat terrain,Y Shape,Asphalt roads,Wet or damp,Daylight,Raining,Collision with roadside objects,Reversing,Driver or rider,Male,31-50,Driver,Normal,Not a Pedestrian,Driving carelessly,afternoon,2.0,2.0,3.0,17.0,0.0,0.0
Wednesday,__MISSING__,Male,Junior high school,Employee,1-2yr,Public (12 seats),Governmental,__MISSING__,No defect,Other,One way,Tangent road with flat terrain,No junction,Asphalt roads,Dry,Daylight,Normal,Vehicle with vehicle collision,Other,Pedestrian,Male,Under 18,Self-employed,Normal,Crossing from driver's nearside,No distancing,evening,2.0,2.0,3.0,19.0,2.0,0.0
Monday,18-30,__MISSING__,Junior high school,Owner,2-5yr,Taxi,Owner,__MISSING__,No defect,Office areas,Undivided Two way,Tangent road with flat terrain,No junction,Asphalt roads,Wet or damp,Daylight,Cloudy,Vehicle with vehicle collision,Going straight,Driver or rider,Male,18-30,__MISSING__,__MISSING__,Not a Pedestrian,Moving Backward,afternoon,1.0,1.0,3.0,15.0,4.0,0.0
Thursday,__MISSING__,Male,__MISSING__,Employee,2-5yr,Automobile,Owner,Above 10yr,No defect,Office areas,other,Tangent road with flat terrain,Other,Asphalt roads,Dry,Daylight,Normal,Vehicle with vehicle collision,Going straight,Driver or rider,Female,31-50,Driver,Normal,Not a Pedestrian,No distancing,afternoon,2.0,1.0,3.0,16.0,2.0,0.0
Tuesday,31-50,Male,Junior high school,Employee,Above 10yr,Public (12 seats),__MISSING__,__MISSING__,__MISSING__,School areas,Two-way (divided with broken lines road marking),Tangent road with flat terrain,Crossing,Asphalt roads,Dry,Daylight,Normal,Collision with roadside objects,Reversing,__MISSING__,__MISSING__,__MISSING__,Driver,Normal,Not a Pedestrian,Changing lane to the right,afternoon,2.0,1.0,,15.0,7.0,0.0
Friday,18-30,Male,High school,Employee,Above 10yr,Public (13?45 seats),Owner,Above 10yr,__MISSING__,Residential areas,Undivided Two way,Tangent road with flat terrain,Y Shape,Asphalt roads,Dry,Darkness - lights lit,Normal,Vehicle with vehicle collision,Going straight,Passenger,Male,Under 18,Self-employed,Normal,Not a Pedestrian,Changing lane to the left,evening,2.0,2.0,3.0,21.0,1.0,0.0
Friday,18-30,Male,Junior high school,Employee,5-10yr,Automobile,Governmental,2-5yrs,No defect,Residential areas,Two-way (divided with broken lines road marking),Tangent road with flat terrain,No junction,Asphalt roads,Dry,Darkness - lights lit,Normal,Vehicle with vehicle collision,Going straight,__MISSING__,__MISSING__,__MISSING__,Driver,Normal,Not a Pedestrian,No priority to vehicle,evening,2.0,1.0,,18.0,4.0,0.0
Sunday,__MISSING__,Male,Junior high school,Employee,5-10yr,Automobile,Owner,2-5yrs,No defect,Office areas,Double carriageway (median),Tangent road with flat terrain,No junction,Asphalt roads,Dry,Daylight,Normal,Vehicle with vehicle collision,Reversing,Pedestrian,Female,31-50,__MISSING__,Normal,"Walking along in carriageway, facing traffic",No priority to pedestrian,morning,2.0,3.0,3.0,11.0,2.0,0.0
Monday,31-50,Male,Junior high school,Employee,5-10yr,__MISSING__,Owner,__MISSING__,No defect,Residential areas,Undivided Two way,Tangent road with flat terrain,Other,Asphalt roads,Dry,Daylight,Normal,Vehicle with vehicle collision,Going straight,Driver or rider,Male,18-30,Driver,Normal,Not a Pedestrian,Driving under the influence of drugs,afternoon,2.0,6.0,3.0,16.0,2.0,1.0
Friday,18-30,__MISSING__,Junior high school,Employee,2-5yr,Automobile,Owner,__MISSING__,No defect,Other,Double carriageway (median),Tangent road with flat terrain,Y Shape,Asphalt roads,Wet or damp,Darkness - lights lit,Raining,Collision with pedestrians,Going straight,__MISSING__,__MISSING__,__MISSING__,__MISSING__,__MISSING__,Not a Pedestrian,Changing lane to the right,night,1.0,4.0,,4.0,8.0,1.0
Sunday,18-30,Male,Elementary school,Employee,5-10yr,__MISSING__,Owner,__MISSING__,__MISSING__,__MISSING__,__MISSING__,Tangent road with flat terrain,Crossing,Asphalt roads,Dry,Darkness - lights lit,Normal,Vehicle with vehicle collision,Going straight,Passenger,Male,31-50,Driver,Normal,Not a Pedestrian,No priority to vehicle,evening,2.0,1.0,3.0,21.0,5.0,0.0
Tuesday,Over 51,Male,Junior high school,Employee,5-10yr,Automobile,Owner,__MISSING__,No defect,Office areas,Two-way (divided with broken lines road marking),Tangent road with flat terrain,Y Shape,Asphalt roads,Wet or damp,Daylight,Normal,Vehicle with vehicle collision,Turnover,__MISSING__,__MISSING__,__MISSING__,Driver,Normal,Not a Pedestrian,Driving carelessly,afternoon,1.0,1.0,,16.0,5.0,0.0
Sunday,Over 51,Male,Junior high school,Employee,2-5yr,Public (> 45 seats),Owner,__MISSING__,No defect,Office areas,One way,Tangent road with flat terrain,Y Shape,Asphalt roads,Dry,Daylight,Normal,Vehicle with vehicle collision,Going straight,__MISSING__,__MISSING__,__MISSING__,Driver,Normal,Not a Pedestrian,No priority to vehicle,afternoon,3.0,3.0,,13.0,5.0,0.0
Wednesday,18-30,Male,__MISSING__,Owner,5-10yr,Automobile,Owner,__MISSING__,__MISSING__,Other,other,Tangent road with flat terrain,Y Shape,Asphalt roads,Dry,Daylight,Normal,Collision with roadside objects,Going straight,__MISSING__,__MISSING__,__MISSING__,Driver,Normal,Not a Pedestrian,No distancing,afternoon,2.0,2.0,,13.0,7.0,0.0
Monday,18-30,Male,Junior high school,Employee,Below 1yr,Automobile,Owner,1-2yr,__MISSING__,Office areas,Undivided Two way,Tangent road with flat terrain,No junction,Asphalt roads,Dry,Daylight,Normal,Vehicle with vehicle collision,Reversing,Pedestrian,Male,31-50,Other,Normal,Crossing from offside - masked by parked or statioNot a Pedestrianry vehicle,Changing lane to the left,afternoon,2.0,1.0,3.0,16.0,1.0,0.0
Saturday,18-30,Male,Junior high school,Employee,Above 10yr,Pick up upto 10Q,Owner,1-2yr,__MISSING__,Other,__MISSING__,Tangent road with flat terrain,Y Shape,Asphalt roads,Wet or damp,Daylight,Normal,Collision with pedestrians,Going straight,Driver or rider,Male,18-30,Self-employed,Normal,Not a Pedestrian,Getting off the vehicle improperly,afternoon,1.0,1.0,3.0,12.0,2.0,0.0
Tuesday,31-50,Male,Junior high school,Owner,5-10yr,Stationwagen,Owner,5-10yrs,No defect,Other,other,Tangent road with flat terrain,Y Shape,Asphalt roads,Dry,Daylight,Normal,Vehicle with vehicle collision,Reversing,Driver or rider,Female,31-50,__MISSING__,__MISSING__,Not a Pedestrian,Changing lane to the left,afternoon,2.0,1.0,3.0,17.0,2.0,0.0
Monday,31-50,Male,Junior high school,Owner,Above 10yr,Public (> 45 seats),Owner,Above 10yr,No defect,Office areas,other,Tangent road with flat terrain,Y Shape,__MISSING__,Dry,Daylight,Normal,__MISSING__,Going straight,__MISSING__,__MISSING__,__MISSING__,Driver,Normal,Not a Pedestrian,No priority to pedestrian,afternoon,2.0,1.0,,17.0,6.0,0.0
Monday,18-30,Male,Junior high school,Employee,Above 10yr,Stationwagen,Governmental,__MISSING__,No defect,Office areas,Undivided Two way,Tangent road with flat terrain,__MISSING__,Earth roads,Dry,Daylight,Normal,Vehicle with vehicle collision,Going straight,Driver or rider,Male,31-50,__MISSING__,__MISSING__,Not a Pedestrian,Changing lane to the left,afternoon,2.0,1.0,3.0,17.0,4.0,0.0
Wednesday,Over 51,Male,Elementary school,Owner,Above 10yr,Automobile,Owner,__MISSING__,No defect,Residential areas,Undivided Two way,Tangent road with flat terrain,Crossing,Asphalt roads,Dry,Daylight,Normal,Vehicle with vehicle collision,Overtaking,Passenger,Male,Under 18,Driver,Normal,Not a Pedestrian,Changing lane to the right,evening,3.0,1.0,3.0,19.0,1.0,0.0
Tuesday,Over 51,Male,Junior high school,Employee,Below 1yr,__MISSING__,Owner,__MISSING__,No defect,Residential areas,other,Tangent road with flat terrain,No junction,Asphalt roads,Dry,Darkness - lights lit,Normal,Vehicle with vehicle collision,Going straight,Driver or rider,Male,18-30,__MISSING__,__MISSING__,Not a Pedestrian,Changing lane to the right,evening,2.0,1.0,3.0,19.0,4.0,0.0
Tuesday,31-50,Male,Junior high school,Employee,5-10yr,Lorry (41?100Q),Owner,Above 10yr,No defect,Office areas,other,Tangent road with flat terrain,Crossing,Asphalt roads,Dry,Darkness - lights lit,Normal,Vehicle with vehicle collision,Going straight,Pedestrian,Female,Over 51,Other,Normal,Crossing from nearside - masked by parked or statioNot a Pedestrianry vehicle,Changing lane to the left,evening,2.0,1.0,2.0,20.0,0.0,0.0
Wednesday,18-30,Male,Elementary school,Employee,Below 1yr,__MISSING__,Owner,2-5yrs,No defect,Office areas,Double carriageway (median),Tangent road with flat terrain,No junction,Earth roads,Dry,Daylight,Normal,Vehicle with vehicle collision,Waiting to go,Driver or rider,Male,18-30,__MISSING__,__MISSING__,Not a Pedestrian,No distancing,evening,2.0,2.0,3.0,18.0,3.0,0.0
Tuesday,Under 18,Male,Junior high school,Employee,2-5yr,Motorcycle,Governmental,__MISSING__,No defect,School areas,Double carriageway (median),Tangent road with flat terrain,No junction,Asphalt roads,Wet or damp,Daylight,Normal,Vehicle with vehicle collision,Going straight,__MISSING__,__MISSING__,__MISSING__,Self-employed,Normal,Not a Pedestrian,No distancing,afternoon,1.0,1.0,,13.0,5.0,0.0
Tuesday,__MISSING__,Female,Junior high school,Employee,__MISSING__,Lorry (41?100Q),Owner,1-2yr,No defect,Office areas,Undivided Two way,Tangent road with flat terrain,Crossing,Asphalt roads,Dry,Daylight,Normal,Vehicle with vehicle collision,Going straight,Driver or rider,Male,18-30,Self-employed,Normal,Not a Pedestrian,Changing lane to the right,afternoon,2.0,1.0,3.0,14.0,2.0,0.0
Monday,18-30,Male,Junior high school,Employee,Above 10yr,Stationwagen,Owner,__MISSING__,No defect,Office areas,Double carriageway (median),Tangent road with flat terrain,__MISSING__,Earth roads,Wet or damp,Daylight,Other,Vehicle with vehicle collision,Moving Backward,Passenger,Male,31-50,Driver,Normal,Not a Pedestrian,No priority to vehicle,morning,2.0,3.0,3.0,11.0,2.0,0.0
Thursday,18-30,Male,Elementary school,Employee,Below 1yr,Lorry (11?40Q),Owner,__MISSING__,No defect,Other,Double carriageway (median),Steep grade downward with mountainous terrain,__MISSING__,Asphalt roads,Dry,Daylight,Normal,Vehicle with vehicle collision,Other,__MISSING__,__MISSING__,__MISSING__,Driver,Normal,Not a Pedestrian,Overloading,afternoon,2.0,2.0,,15.0,6.0,0.0
Wednesday,18-30,Male,Junior high school,Employee,Below 1yr,Long lorry,Owner,1-2yr,__MISSING__,Office areas,Undivided Two way,Tangent road with flat terrain,No junction,Asphalt roads,Dry,Daylight,Normal,Collision with roadside objects,Moving Backward,Driver or rider,Male,18-30,Driver,Normal,Not a Pedestrian,Changing lane to the left,afternoon,2.0,3.0,3.0,14.0,1.0,0.0
Saturday,18-30,Male,High school,Employee,5-10yr,Public (> 45 seats),Owner,Above 10yr,No defect,Office areas,other,Tangent road with flat terrain,No junction,Asphalt roads,Dry,Darkness - lights lit,Normal,Vehicle with vehicle collision,Moving Backward,__MISSING__,__MISSING__,__MISSING__,Driver,Normal,Not a Pedestrian,Changing lane to the right,evening,2.0,3.0,,18.0,4.0,0.0
Friday,31-50,Male,Junior high school,Employee,2-5yr,Other,Organization,2-5yrs,__MISSING__,Residential areas,Undivided Two way,Tangent road with flat terrain,Crossing,Asphalt roads,Dry,Daylight,Normal,Rollover,__MISSING__,__MISSING__,__MISSING__,__MISSING__,Self-employed,Normal,Not a Pedestrian,Changing lane to the right,evening,2.0,1.0,,22.0,6.0,0.0
Saturday,18-30,Male,Junior high school,Employee,1-2yr,Pick up upto 10Q,Owner,__MISSING__,No defect,School areas,Undivided Two way,Tangent road with flat terrain,Y Shape,Asphalt roads,Dry,Daylight,Normal,Vehicle with vehicle collision,Other,Passenger,Male,Under 18,Driver,Normal,Not a Pedestrian,No priority to vehicle,evening,2.0,1.0,3.0,18.0,1.0,0.0
Monday,__MISSING__,Female,Junior high school,Employee,Above 10yr,Pick up upto 10Q,Owner,5-10yrs,No defect,Office areas,Two-way (divided with broken lines road marking),Tangent road with flat terrain,Other,Asphalt roads,Dry,Daylight,__MISSING__,Collision with roadside objects,Going straight,Driver or rider,Male,31-50,Driver,Normal,Not a Pedestrian,Driving carelessly,evening,1.0,1.0,3.0,18.0,2.0,0.0
Sunday,__MISSING__,Male,Junior high school,Employee,1-2yr,Pick up upto 10Q,Owner,__MISSING__,No defect,Residential areas,Undivided Two way,Tangent road with flat terrain,Crossing,Asphalt roads,Dry,Darkness - lights lit,Normal,Vehicle with vehicle collision,Going straight,__MISSING__,__MISSING__,__MISSING__,Driver,Normal,Not a Pedestrian,No priority to pedestrian,evening,3.0,1.0,,23.0,6.0,0.0
Wednesday,31-50,Male,Junior high school,Employee,2-5yr,Lorry (11?40Q),Owner,2-5yrs,No defect,Other,Two-way (divided with broken lines road marking),Tangent road with flat terrain,Crossing,Asphalt roads,Wet or damp,Darkness - lights lit,Normal,Rollover,Reversing,Passenger,Male,5,Self-employed,Normal,Not a Pedestrian,Changing lane to the left,evening,2.0,1.0,3.0,18.0,0.0,0.0
Friday,Over 51,Male,__MISSING__,__MISSING__,__MISSING__,__MISSING__,__MISSING__,__MISSING__,__MISSING__,__MISSING__,Two-way (divided with broken lines road marking),Tangent road with flat terrain,Other,Asphalt roads,Wet or damp,Darkness - lights lit,Normal,Collision with pedestrians,Going straight,Driver or rider,Male,31-50,Driver,Normal,Not a Pedestrian,Changing lane to the right,afternoon,2.0,2.0,3.0,17.0,8.0,0.0
Wednesday,31-50,Male,Junior high school,Employee,Below 1yr,Lorry (41?100Q),Owner,5-10yrs,No defect,Office areas,Two-way (divided with broken lines road marking),Tangent road with flat terrain,No junction,Asphalt roads,Dry,Daylight,Normal,Vehicle with vehicle collision,__MISSING__,Passenger,Male,18-30,Driver,Normal,Not a Pedestrian,No distancing,afternoon,2.0,2.0,3.0,16.0,1.0,0.0
Thursday,18-30,Male,High school,Employee,5-10yr,Long lorry,Owner,2-5yrs,__MISSING__,Office areas,Two-way (divided with broken lines road marking),Tangent road with mountainous terrain and,No junction,Asphalt roads,Dry,Daylight,Normal,Rollover,Going straight,__MISSING__,__MISSING__,__MISSING__,Employee,Normal,Not a Pedestrian,Changing lane to the left,evening,2.0,1.0,,19.0,5.0,0.0
Wednesday,18-30,Male,Junior high school,Employee,2-5yr,Automobile,Owner,Above 10yr,__MISSING__,Other,Two-way (divided with broken lines road marking),Tangent road with flat terrain,__MISSING__,Asphalt roads,Dry,Daylight,Normal,__MISSING__,Going straight,Driver or rider,Male,18-30,__MISSING__,Other,Not a Pedestrian,Changing lane to the left,afternoon,2.0,2.0,3.0,17.0,4.0,0.0
Saturday,31-50,Male,Junior high school,Employee,1-2yr,Other,Governmental,__MISSING__,No defect,Residential areas,Undivided Two way,Tangent road with flat terrain,No junction,Asphalt roads,Dry,Daylight,Normal,Vehicle with vehicle collision,Going straight,Driver or rider,Male,18-30,Driver,Normal,Not a Pedestrian,Moving Backward,morning,2.0,4.0,3.0,10.0,1.0,1.0
Wednesday,__MISSING__,Male,Junior high school,Employee,5-10yr,Automobile,Owner,__MISSING__,No defect,Other,One way,Tangent road with flat terrain,Y Shape,Asphalt roads,Dry,Daylight,Normal,Rollover,Going straight,Driver or rider,Male,18-30,Driver,Normal,Not a Pedestrian,Changing lane to the right,afternoon,2.0,1.0,3.0,13.0,2.0,0.0
Thursday,Under 18,Male,Elementary school,Employee,Below 1yr,Lorry (41?100Q),Owner,__MISSING__,No defect,Residential areas,Two-way (divided with broken lines road marking),Tangent road with flat terrain,No junction,Asphalt roads,Dry,Darkness - no lighting,Normal,Vehicle with vehicle collision,Going straight,__MISSING__,__MISSING__,__MISSING__,__MISSING__,Normal,Not a Pedestrian,No priority to pedestrian,evening,1.0,4.0,,23.0,6.0,1.0
Friday,31-50,Male,Junior high school,Employee,1-2yr,Public (13?45 seats),Owner,__MISSING__,__MISSING__,Other,other,Tangent road with flat terrain,No junction,Asphalt roads,Wet or damp,Daylight,Normal,Vehicle with vehicle collision,Going straight,__MISSING__,__MISSING__,__MISSING__,Driver,Normal,Not a Pedestrian,Other,morning,3.0,4.0,,11.0,6.0,1.0
Tuesday,Over 51,Male,High school,Owner,Above 10yr,__MISSING__,Owner,__MISSING__,No defect,Industrial areas,Undivided Two way,Tangent road with flat terrain,No junction,Asphalt roads,Dry,Daylight,Normal,Collision with pedestrians,Going straight,Driver or rider,Male,31-50,__MISSING__,__MISSING__,Not a Pedestrian,Other,afternoon,1.0,1.0,3.0,17.0,4.0,0.0
Friday,18-30,Male,High school,Employee,5-10yr,Pick up upto 10Q,Owner,__MISSING__,No defect,Outside rural areas,other,Steep grade downward with mountainous terrain,Y Shape,Asphalt roads,Wet or damp,Darkness - lights lit,Raining,Vehicle with vehicle collision,Moving Backward,__MISSING__,__MISSING__,__MISSING__,Driver,Normal,Not a Pedestrian,No distancing,evening,2.0,3.0,,22.0,5.0,0.0
Monday,Under 18,Male,Junior high school,Employee,1-2yr,Automobile,Owner,__MISSING__,No defect,Office areas,One way,Tangent road with flat terrain,Y Shape,Other,Wet or damp,Darkness - lights lit,Cloudy,Vehicle with vehicle collision,Going straight,__MISSING__,__MISSING__,__MISSING__,Driver,__MISSING__,Not a Pedestrian,No priority to pedestrian,night,2.0,1.0,,1.0,6.0,0.0
Monday,__MISSING__,Male,Junior high school,Employee,5-10yr,Automobile,Owner,Above 10yr,No defect,Outside rural areas,Two-way (divided with broken lines road marking),Tangent road with mountainous terrain and,No junction,Asphalt roads,Dry,Daylight,Normal,Vehicle with vehicle collision,Going straight,__MISSING__,__MISSING__,__MISSING__,Driver,Normal,Not a Pedestrian,Overtaking,morning,1.0,1.0,,8.0,5.0,0.0
Friday,18-30,Male,High school,Employee,2-5yr,Motorcycle,Owner,Above 10yr,No defect,Office areas,Two-way (divided with broken lines road marking),Tangent road with flat terrain,Y Shape,Asphalt roads,Dry,Darkness - lights lit,Normal,Vehicle with vehicle collision,Going straight,Driver or rider,Male,18-30,__MISSING__,__MISSING__,Not a Pedestrian,No distancing,evening,1.0,1.0,3.0,22.0,2.0,0.0
Friday,Over 51,Male,Junior high school,Employee,Above 10yr,Stationwagen,Owner,Above 10yr,__MISSING__,Other,other,Tangent road with flat terrain,No junction,Other,Dry,Darkness - lights lit,Normal,Vehicle with vehicle collision,Going straight,Driver or rider,Female,31-50,__MISSING__,Normal,Not a Pedestrian,Changing lane to the left,night,1.0,1.0,2.0,2.0,2.0,0.0
Saturday,31-50,Male,__MISSING__,__MISSING__,__MISSING__,Automobile,Owner,__MISSING__,__MISSING__,Office areas,Undivided Two way,Tangent road with flat terrain,Y Shape,Asphalt roads,Dry,Daylight,Normal,Vehicle with vehicle collision,Going straight,Pedestrian,Male,31-50,Other,Normal,Unknown or other,No priority to vehicle,afternoon,1.0,1.0,3.0,16.0,5.0,0.0
Saturday,31-50,Male,Elementary school,Employee,2-5yr,Lorry (41?100Q),Owner,__MISSING__,__MISSING__,Office areas,Undivided Two way,Tangent road with flat terrain,No junction,__MISSING__,Dry,Daylight,Normal,Vehicle with vehicle collision,Entering a junction,__MISSING__,__MISSING__,__MISSING__,__MISSING__,__MISSING__,Not a Pedestrian,Changing lane to the right,afternoon,3.0,2.0,,16.0,9.0,0.0
Sunday,18-30,Male,Junior high school,Employee,Above 10yr,Stationwagen,Owner,2-5yrs,__MISSING__,Church areas,other,Tangent road with flat terrain,Y Shape,Asphalt roads,Wet or damp,Daylight,Raining,Vehicle with vehicle collision,Reversing,Driver or rider,Male,18-30,Driver,Normal,Not a Pedestrian,Driving to the left,morning,2.0,1.0,3.0,10.0,1.0,0.0
Monday,__MISSING__,Female,Junior high school,Employee,5-10yr,Public (> 45 seats),Owner,Above 10yr,No defect,Residential areas,other,Tangent road with flat terrain,Y Shape,Gravel roads,Dry,Darkness - lights lit,Normal,Vehicle with vehicle collision,Going straight,__MISSING__,__MISSING__,__MISSING__,Self-employed,Normal,Not a Pedestrian,Changing lane to the right,evening,3.0,1.0,,21.0,5.0,0.0
Tuesday,18-30,Male,Junior high school,Employee,2-5yr,Stationwagen,Owner,2-5yrs,__MISSING__,Church areas,other,Tangent road with flat terrain,Crossing,Earth roads,Dry,Daylight,Normal,Vehicle with vehicle collision,Going straight,Driver or rider,Male,18-30,Driver,Normal,Not a Pedestrian,Other,morning,2.0,2.0,3.0,10.0,1.0,0.0
Tuesday,Over 51,Male,Elementary school,Employee,1-2yr,Public (12 seats),Owner,__MISSING__,7,Office areas,other,Tangent road with flat terrain,No junction,Asphalt roads,Dry,Daylight,Normal,Vehicle with vehicle collision,Going straight,Driver or rider,Female,31-50,Driver,Normal,Not a Pedestrian,No distancing,evening,2.0,2.0,3.0,20.0,1.0,0.0
Monday,31-50,Male,Junior high school,Owner,2-5yr,Stationwagen,Owner,5-10yrs,__MISSING__,Other,Undivided Two way,Tangent road with flat terrain,Crossing,Asphalt roads,Dry,Daylight,Normal,Vehicle with vehicle collision,Moving Backward,__MISSING__,__MISSING__,__MISSING__,Student,Normal,Not a Pedestrian,Changing lane to the right,afternoon,2.0,1.0,,13.0,5.0,0.0
Friday,18-30,Male,Above high school,Employee,1-2yr,Lorry (41?100Q),Owner,1-2yr,__MISSING__,Office areas,Two-way (divided with broken lines road marking),Tangent road with mild grade and flat terrain,No junction,Asphalt roads,Dry,Daylight,__MISSING__,Vehicle with vehicle collision,Going straight,Driver or rider,Male,18-30,Driver,Normal,Not a Pedestrian,No priority to vehicle,afternoon,2.0,2.0,3.0,13.0,2.0,0.0
Sunday,Over 51,Male,Junior high school,Employee,Above 10yr,Automobile,Owner,Above 10yr,No defect,Office areas,Two-way (divided with broken lines road marking),Tangent road with flat terrain,Crossing,Asphalt roads,Wet or damp,Darkness - lights lit,Raining and Windy,Vehicle with vehicle collision,Going straight,__MISSING__,__MISSING__,__MISSING__,Self-employed,Normal,Not a Pedestrian,Moving Backward,evening,2.0,2.0,,20.0,4.0,0.0
Sunday,Over 51,Male,Junior high school,Employee,1-2yr,Automobile,Owner,Above 10yr,No defect,Residential areas,Undivided Two way,Tangent road with flat terrain,Y Shape,Asphalt roads,Wet or damp,Daylight,Raining,Vehicle with vehicle collision,Going straight,Driver or rider,Male,31-50,Employee,__MISSING__,Not a Pedestrian,No priority to vehicle,morning,2.0,3.0,3.0,11.0,1.0,0.0
Wednesday,18-30,Male,Junior high school,Employee,2-5yr,Automobile,Owner,__MISSING__,No defect,Residential areas,Two-way (divided with solid lines road marking),Tangent road with flat terrain,Y Shape,Asphalt roads,Wet or damp,Darkness - lights lit,Raining,Vehicle with vehicle collision,Going straight,__MISSING__,__MISSING__,__MISSING__,__MISSING__,__MISSING__,Not a Pedestrian,Changing lane to the right,afternoon,2.0,1.0,,16.0,7.0,0.0
Wednesday,Under 18,Male,Elementary school,Employee,Above 10yr,Lorry (11?40Q),Owner,5-10yrs,__MISSING__,Other,Two-way (divided with broken lines road marking),Tangent road with flat terrain,Y Shape,Asphalt roads,Dry,Daylight,Normal,Vehicle with vehicle collision,Going straight,Driver or rider,Male,31-50,Driver,Normal,Not a Pedestrian,Changing lane to the left,evening,3.0,2.0,2.0,18.0,1.0,0.0
Friday,18-30,Male,Junior high school,Employee,2-5yr,Lorry (41?100Q),Governmental,1-2yr,No defect,Church areas,other,Steep grade downward with mountainous terrain,Y Shape,Asphalt roads,Dry,Daylight,Normal,Vehicle with vehicle collision,Going straight,__MISSING__,__MISSING__,__MISSING__,Self-employed,Normal,Not a Pedestrian,Changing lane to the right,afternoon,3.0,1.0,,17.0,4.0,0.0
Saturday,31-50,Male,Junior high school,Employee,1-2yr,Automobile,Owner,__MISSING__,__MISSING__,Other,One way,Tangent road with flat terrain,Y Shape,Asphalt roads,Dry,Darkness - lights lit,Normal,Vehicle with vehicle collision,Going straight,__MISSING__,__MISSING__,__MISSING__,__MISSING__,__MISSING__,Not a Pedestrian,No priority to vehicle,evening,1.0,1.0,,21.0,8.0,0.0
Friday,31-50,Male,Junior high school,Employee,Below 1yr,Lorry (41?100Q),Owner,Above 10yr,No defect,School areas,other,Tangent road with flat terrain,Y Shape,Asphalt roads,Dry,Daylight,Normal,Collision with pedestrians,__MISSING__,__MISSING__,__MISSING__,__MISSING__,Driver,Normal,Not a Pedestrian,Moving Backward,morning,2.0,1.0,,7.0,5.0,0.0
Thursday,31-50,Male,High school,Employee,2-5yr,Automobile,Governmental,Below 1yr,No defect,Recreational areas,Two-way (divided with broken lines road marking),Tangent road with flat terrain,Y Shape,Asphalt roads,Wet or damp,Daylight,Normal,Vehicle with vehicle collision,Going straight,__MISSING__,__MISSING__,__MISSING__,Driver,Normal,Not a Pedestrian,No distancing,morning,2.0,1.0,,9.0,4.0,0.0
Friday,31-50,Male,Junior high school,Owner,5-10yr,Automobile,Owner,2-5yrs,No defect,Other,Two-way (divided with broken lines road marking),Tangent road with flat terrain,Y Shape,Other,Dry,Darkness - lights lit,Normal,Collision with roadside objects,Going straight,Passenger,Male,18-30,Other,Normal,Not a Pedestrian,Driving carelessly,night,2.0,2.0,3.0,1.0,0.0,0.0
Thursday,Under 18,Male,Junior high school,Employee,2-5yr,Taxi,Owner,__MISSING__,No defect,Other,Undivided Two way,Tangent road with flat terrain,No junction,Asphalt roads,Wet or damp,Darkness - lights lit,Raining,Rollover,__MISSING__,Driver or rider,Male,18-30,__MISSING__,__MISSING__,Not a Pedestrian,Driving carelessly,evening,3.0,3.0,3.0,22.0,4.0,0.0
Saturday,18-30,Male,Junior high school,Employee,Below 1yr,Automobile,Governmental,1-2yr,No defect,Other,Double carriageway (median),Tangent road with flat terrain,Crossing,Earth roads,Dry,Daylight,Normal,Vehicle with vehicle collision,Going straight,Pedestrian,Male,18-30,__MISSING__,__MISSING__,Crossing from offside - masked by parked or statioNot a Pedestrianry vehicle,Changing lane to the right,evening,1.0,2.0,2.0,21.0,2.0,0.0
Friday,18-30,Male,Writing & reading,Owner,5-10yr,Pick up upto 10Q,Owner,__MISSING__,__MISSING__,Church areas,other,Tangent road with flat terrain,Y Shape,Asphalt roads,Dry,Daylight,Normal,Vehicle with vehicle collision,Going straight,Driver or rider,Male,31-50,Driver,Normal,Not a Pedestrian,Moving Backward,afternoon,1.0,1.0,3.0,16.0,2.0,0.0
Sunday,31-50,Male,Junior high school,Employee,1-2yr,Lorry (41?100Q),Owner,__MISSING__,No defect,Residential areas,other,Tangent road with flat terrain,No junction,Asphalt roads,Dry,Darkness - lights lit,Normal,Vehicle with vehicle collision,Going straight,Driver or rider,Male,Under 18,Driver,Normal,Not a Pedestrian,Changing lane to the right,night,2.0,3.0,3.0,0.0,1.0,0.0
Friday,31-50,Male,Junior high school,__MISSING__,Below 1yr,Lorry (11?40Q),Owner,1-2yr,No defect,Office areas,Undivided Two way,Escarpments,Y Shape,Asphalt roads,Wet or damp,Daylight,Raining,Vehicle with vehicle collision,Turnover,Driver or rider,Male,18-30,__MISSING__,__MISSING__,Not a Pedestrian,No priority to vehicle,evening,2.0,3.0,2.0,19.0,3.0,0.0
Sunday,31-50,Male,Junior high school,Employee,Above 10yr,Lorry (41?100Q),__MISSING__,__MISSING__,No defect,Other,Two-way (divided with broken lines road marking),Tangent road with flat terrain,No junction,Earth roads,Dry,Daylight,Normal,Vehicle with vehicle collision,Going straight,Driver or rider,Male,31-50,Self-employed,Normal,Not a Pedestrian,Moving Backward,afternoon,2.0,1.0,3.0,15.0,2.0,0.0
Sunday,18-30,Male,Junior high school,Employee,Below 1yr,Automobile,Owner,Below 1yr,__MISSING__,Office areas,Two-way (divided with broken lines road marking),Tangent road with flat terrain,No junction,__MISSING__,Dry,Darkness - lights lit,Normal,Vehicle with vehicle collision,Going straight,__MISSING__,__MISSING__,__MISSING__,Self-employed,Normal,Not a Pedestrian,No priority to pedestrian,evening,2.0,1.0,,20.0,6.0,0.0
Saturday,__MISSING__,Female,Junior high school,Employee,Above 10yr,Other,Owner,__MISSING__,__MISSING__,Office areas,Two-way (divided with broken lines road marking),Tangent road with flat terrain,No junction,Asphalt roads,Dry,Darkness - lights lit,Normal,Vehicle with vehicle collision,Going straight,Driver or rider,Male,18-30,Driver,Normal,Not a Pedestrian,Changing lane to the right,night,1.0,1.0,3.0,2.0,3.0,0.0
Saturday,18-30,Male,High school,Employee,1-2yr,Other,Owner,1-2yr,No defect,Outside rural areas,Two-way (divided with broken lines road marking),Tangent road with flat terrain,Y Shape,Asphalt roads,Dry,Daylight,__MISSING__,Collision with roadside objects,Entering a junction,Passenger,Female,Under 18,Driver,Normal,Not a Pedestrian,Changing lane to the right,morning,2.0,1.0,3.0,11.0,1.0,0.0
Tuesday,Over 51,Male,Junior high school,Employee,1-2yr,Lorry (41?100Q),Owner,5-10yrs,No defect,Office areas,Two-way (divided with broken lines road marking),Tangent road with mountainous terrain and,__MISSING__,Gravel roads,Dry,Daylight,Normal,Vehicle with vehicle collision,Going straight,Driver or rider,Male,31-50,__MISSING__,__MISSING__,Not a Pedestrian,No distancing,morning,2.0,1.0,3.0,9.0,3.0,0.0
Thursday,__MISSING__,Male,Junior high school,Employee,Below 1yr,Lorry (41?100Q),Owner,Above 10yr,__MISSING__,School areas,Two-way (divided with broken lines road marking),Tangent road with flat terrain,No junction,Asphalt roads,Dry,Darkness - lights lit,Normal,Vehicle with vehicle collision,Going straight,Driver or rider,Male,31-50,Driver,Normal,Not a Pedestrian,No distancing,evening,2.0,1.0,3.0,20.0,2.0,0.0
Sunday,Over 51,Male,Above high school,Employee,5-10yr,Automobile,Owner,2-5yrs,__MISSING__,Other,Undivided Two way,Tangent road with mountainous terrain and,Y Shape,Asphalt roads,Dry,Darkness - lights lit,Normal,Vehicle with vehicle collision,Other,__MISSING__,__MISSING__,__MISSING__,Self-employed,Normal,Not a Pedestrian,Other,night,2.0,3.0,,0.0,5.0,0.0
Sunday,Over 51,Male,Junior high school,Employee,Below 1yr,Lorry (41?100Q),Owner,__MISSING__,No defect,Rural village areasOffice areas,other,Tangent road with flat terrain,__MISSING__,Asphalt roads,Dry,Daylight,Normal,Collision with pedestrians,Going straight,__MISSING__,__MISSING__,__MISSING__,__MISSING__,__MISSING__,Not a Pedestrian,Changing lane to the right,evening,2.0,1.0,,22.0,8.0,0.0
Tuesday,31-50,Male,Junior high school,Employee,Below 1yr,Public (> 45 seats),Owner,2-5yrs,No defect,Residential areas,Two-way (divided with broken lines road marking),Gentle horizontal curve,No junction,Asphalt roads,Dry,Daylight,Normal,Vehicle with vehicle collision,Getting off,Passenger,Female,Under 18,__MISSING__,__MISSING__,Not a Pedestrian,Overloading,evening,3.0,1.0,3.0,18.0,2.0,0.0
Tuesday,18-30,Male,Junior high school,Employee,Above 10yr,Automobile,Owner,5-10yrs,__MISSING__,Church areas,One way,Tangent road with flat terrain,No junction,Asphalt roads,Dry,Daylight,Normal,Vehicle with vehicle collision,Going straight,__MISSING__,__MISSING__,__MISSING__,__MISSING__,__MISSING__,Not a Pedestrian,Changing lane to the left,afternoon,1.0,1.0,,12.0,7.0,0.0
Thursday,31-50,Male,Junior high school,Employee,Above 10yr,Pick up upto 10Q,Governmental,__MISSING__,No defect,Other,Undivided Two way,Tangent road with flat terrain,Y Shape,Asphalt roads,Wet or damp,Darkness - lights lit,Normal,Vehicle with vehicle collision,Moving Backward,Driver or rider,Male,18-30,Driver,Normal,Not a Pedestrian,Driving carelessly,night,1.0,1.0,3.0,4.0,1.0,0.0
Wednesday,18-30,Male,Elementary school,Employee,__MISSING__,Automobile,Governmental,__MISSING__,__MISSING__,Office areas,Two-way (divided with broken lines road marking),Tangent road with flat terrain,Y Shape,Earth roads,Dry,Daylight,Normal,Vehicle with vehicle collision,Moving Backward,Passenger,Female,31-50,Driver,Normal,Not a Pedestrian,Moving Backward,morning,2.0,1.0,3.0,6.0,3.0,0.0
Friday,31-50,Male,Junior high school,Employee,1-2yr,Lorry (41?100Q),Owner,Above 10yr,No defect,School areas,other,Tangent road with flat terrain,Crossing,Asphalt roads,Dry,Darkness - lights lit,Normal,Collision with pedestrians,Other,__MISSING__,__MISSING__,__MISSING__,__MISSING__,__MISSING__,Not a Pedestrian,Overtaking,night,2.0,1.0,,0.0,6.0,0.0
Saturday,31-50,Male,Junior high school,Employee,Above 10yr,Lorry (41?100Q),Owner,1-2yr,No defect,Office areas,Undivided Two way,Tangent road with mild grade and flat terrain,Y Shape,Asphalt roads,Wet or damp,Daylight,Normal,Collision with roadside objects,Going straight,Driver or rider,Male,31-50,Driver,Normal,Not a Pedestrian,No distancing,morning,3.0,6.0,3.0,9.0,0.0,1.0
Sunday,18-30,Male,High school,Owner,Above 10yr,Automobile,Owner,2-5yrs,No defect,Church areas,Undivided Two way,Tangent road with flat terrain,Other,Asphalt roads,Wet or damp,Darkness - lights lit,Windy,Vehicle with vehicle collision,Going straight,Driver or rider,Male,18-30,__MISSING__,__MISSING__,Not a Pedestrian,No distancing,night,2.0,1.0,3.0,5.0,2.0,0.0
Sunday,31-50,Male,Junior high school,Employee,2-5yr,Lorry (41?100Q),Owner,Above 10yr,No defect,Residential areas,__MISSING__,Tangent road with flat terrain,Y Shape,Asphalt roads,Dry,Daylight,Normal,Collision with roadside objects,Going straight,Driver or rider,Male,18-30,Self-employed,Normal,Not a Pedestrian,Changing lane to the right,afternoon,2.0,2.0,3.0,17.0,1.0,0.0
Sunday,31-50,Male,__MISSING__,__MISSING__,__MISSING__,Other,Owner,__MISSING__,No defect,Office areas,Two-way (divided with broken lines road marking),Tangent road with flat terrain,No junction,Asphalt roads,Dry,Daylight,Normal,Vehicle with vehicle collision,Going straight,Driver or rider,Male,18-30,__MISSING__,__MISSING__,Not a Pedestrian,Driving carelessly,afternoon,2.0,1.0,3.0,17.0,6.0,0.0
Tuesday,18-30,Male,Elementary school,Employee,2-5yr,Automobile,Owner,2-5yrs,No defect,Other,Undivided Two way,Tangent road with mountainous terrain and,Y Shape,Asphalt roads,Dry,Daylight,Normal,Vehicle with vehicle collision,Going straight,Driver or rider,Male,18-30,__MISSING__,Normal,Not a Pedestrian,Overtaking,afternoon,2.0,3.0,3.0,12.0,1.0,0.0
Tuesday,Over 51,Male,Junior high school,Employee,2-5yr,Lorry (41?100Q),Owner,__MISSING__,7,Office areas,other,Tangent road with flat terrain,No junction,Asphalt roads,Dry,Darkness - lights lit,Normal,Vehicle with vehicle collision,Turnover,Driver or rider,Male,Over 51,Self-employed,Normal,Not a Pedestrian,No distancing,evening,2.0,1.0,3.0,21.0,1.0,0.0
Thursday,18-30,Male,High school,Employee,2-5yr,Other,Owner,__MISSING__,__MISSING__,Office areas,Undivided Two way,Tangent road with flat terrain,No junction,Asphalt roads,Dry,Daylight,Normal,Vehicle with vehicle collision,Entering a junction,__MISSING__,__MISSING__,__MISSING__,Self-employed,Normal,Not a Pedestrian,Other,afternoon,2.0,2.0,,17.0,6.0,0.0
Saturday,31-50,Male,High school,Employee,2-5yr,Automobile,Owner,__MISSING__,__MISSING__,Other,Two-way (divided with broken lines road marking),__MISSING__,Other,Asphalt roads,Dry,Darkness - lights lit,Other,Vehicle with vehicle collision,Reversing,Driver or rider,Male,31-50,Self-employed,Normal,Not a Pedestrian,Driving carelessly,night,2.0,1.0,3.0,2.0,3.0,0.0
Friday,__MISSING__,Male,Junior high school,Employee,2-5yr,__MISSING__,Owner,Above 10yr,No defect,Other,Two-way (divided with broken lines road marking),Tangent road with flat terrain,Y Shape,Asphalt roads,Dry,Daylight,Normal,Collision with pedestrians,Turnover,Driver or rider,Female,18-30,__MISSING__,Normal,Not a Pedestrian,Moving Backward,afternoon,3.0,1.0,3.0,12.0,3.0,0.0
Tuesday,Over 51,Male,__MISSING__,__MISSING__,__MISSING__,Lorry (11?40Q),Owner,5-10yrs,No defect,Church areas,Undivided Two way,Tangent road with flat terrain,Crossing,Asphalt roads,Dry,Daylight,Other,Vehicle with vehicle collision,Going straight,__MISSING__,__MISSING__,__MISSING__,Other,Normal,Not a Pedestrian,Other,afternoon,2.0,1.0,,13.0,7.0,0.0
Friday,31-50,Male,Above high school,Other,2-5yr,Lorry (11?40Q),Owner,__MISSING__,No defect,Office areas,Undivided Two way,Tangent road with flat terrain,__MISSING__,Asphalt roads,Dry,Daylight,Normal,Vehicle with vehicle collision,Going straight,Driver or rider,Male,31-50,Employee,Normal,Not a Pedestrian,Changing lane to the right,evening,2.0,1.0,3.0,19.0,2.0,0.0
Tuesday,Under 18,Male,Junior high school,Employee,5-10yr,Automobile,Owner,__MISSING__,__MISSING__,Office areas,Undivided Two way,Tangent road with flat terrain,T Shape,Asphalt roads,Dry,Darkness - lights lit,Normal,Vehicle with vehicle collision,Turnover,__MISSING__,__MISSING__,__MISSING__,Self-employed,Normal,Not a Pedestrian,No priority to vehicle,evening,2.0,5.0,,18.0,6.0,1.0
Thursday,31-50,Male,Junior high school,Employee,2-5yr,Long lorry,Owner,5-10yrs,No defect,Office areas,Two-way (divided with broken lines road marking),Tangent road with mild grade and flat terrain,No junction,Gravel roads,Dry,Daylight,Normal,Vehicle with vehicle collision,Going straight,Driver or rider,Male,Over 51,__MISSING__,Normal,Not a Pedestrian,Changing lane to the right,morning,2.0,1.0,2.0,9.0,1.0,0.0
Thursday,Over 51,Male,Junior high school,Employee,2-5yr,Long lorry,Owner,__MISSING__,No defect,Other,Undivided Two way,Tangent road with flat terrain,No junction,Asphalt roads,Wet or damp,Darkness - lights lit,Raining,Collision with animals,Going straight,__MISSING__,__MISSING__,__MISSING__,__MISSING__,__MISSING__,Not a Pedestrian,No priority to pedestrian,evening,3.0,3.0,,22.0,7.0,0.0
Friday,Under 18,__MISSING__,Junior high school,Owner,5-10yr,Automobile,Owner,__MISSING__,No defect,Church areas,Two-way (divided with solid lines road marking),Tangent road with flat terrain,No junction,Asphalt roads,Dry,Daylight,Normal,Vehicle with vehicle collision,Going straight,Driver or rider,Male,18-30,Other,Normal,Not a Pedestrian,Changing lane to the right,afternoon,3.0,4.0,3.0,17.0,2.0,1.0
Thursday,18-30,Male,Junior high school,Employee,Above 10yr,Lorry (41?100Q),Owner,__MISSING__,__MISSING__,Office areas,Two-way (divided with broken lines road marking),Tangent road with flat terrain,Y Shape,Asphalt roads,Dry,Darkness - lights lit,Normal,Vehicle with vehicle collision,Going straight,__MISSING__,__MISSING__,__MISSING__,Self-employed,Normal,Not a Pedestrian,Driving carelessly,evening,1.0,1.0,,22.0,6.0,0.0
Friday,Over 51,__MISSING__,Junior high school,Employee,5-10yr,Lorry (41?100Q),__MISSING__,__MISSING__,__MISSING__,School areas,Two-way (divided with broken lines road marking),Tangent road with flat terrain,O Shape,Asphalt roads,Dry,Daylight,Normal,Vehicle with vehicle collision,Going straight,Passenger,Female,Under 18,Self-employed,Normal,Not a Pedestrian,Changing lane to the left,morning,2.0,1.0,3.0,9.0,4.0,0.0
Monday,Under 18,Male,Junior high school,Employee,5-10yr,Automobile,Owner,1-2yr,No defect,Other,Double carriageway (median),Tangent road with flat terrain,Other,Asphalt roads,Dry,Daylight,Normal,Collision with roadside objects,Going straight,Driver or rider,Male,31-50,Driver,Normal,Not a Pedestrian,Moving Backward,afternoon,2.0,2.0,2.0,15.0,0.0,0.0
Saturday,Over 51,Male,Elementary school,Employee,Above 10yr,Automobile,Owner,__MISSING__,No defect,Office areas,other,Tangent road with flat terrain,Y Shape,Asphalt roads,Dry,Daylight,Normal,Vehicle with vehicle collision,Moving Backward,Passenger,Male,Under 18,__MISSING__,__MISSING__,Not a Pedestrian,Changing lane to the right,morning,3.0,2.0,3.0,11.0,3.0,0.0
Wednesday,31-50,Male,Junior high school,Employee,Below 1yr,Stationwagen,Owner,__MISSING__,No defect,Other,Undivided Two way,Tangent road with flat terrain,No junction,Earth roads,Dry,Daylight,Normal,Collision with pedestrians,Moving Backward,Driver or rider,Male,18-30,Self-employed,Normal,Not a Pedestrian,No priority to vehicle,afternoon,1.0,1.0,3.0,16.0,1.0,0.0
Tuesday,__MISSING__,Female,Junior high school,Employee,5-10yr,Pick up upto 10Q,Owner,2-5yrs,No defect,Industrial areas,Two-way (divided with broken lines road marking),Tangent road with flat terrain,No junction,Asphalt roads,Dry,Daylight,Normal,Vehicle with vehicle collision,Getting off,Pedestrian,Male,31-50,Driver,Normal,Not a Pedestrian,Driving to the left,afternoon,1.0,1.0,3.0,17.0,1.0,0.0
Friday,Over 51,Male,Junior high school,Owner,5-10yr,Other,Governmental,__MISSING__,No defect,Church areas,Two-way (divided with broken lines road marking),Tangent road with flat terrain,Other,Asphalt roads,Dry,Daylight,Normal,Vehicle with vehicle collision,Turnover,Driver or rider,Male,18-30,Driver,Normal,Not a Pedestrian,No priority to pedestrian,evening,2.0,1.0,3.0,19.0,1.0,0.0
Sunday,Over 51,Male,Junior high school,Employee,2-5yr,Lorry (41?100Q),Owner,2-5yrs,No defect,Other,Two-way (divided with broken lines road marking),Escarpments,No junction,Gravel roads,Dry,Darkness - lights lit,Normal,Vehicle with vehicle collision,Going straight,Driver or rider,Male,Over 51,Driver,Normal,Not a Pedestrian,No distancing,evening,3.0,4.0,3.0,22.0,0.0,1.0
Friday,31-50,Male,Above high school,Other,2-5yr,Other,Owner,__MISSING__,No defect,Residential areas,Two-way (divided with broken lines road marking),Tangent road with flat terrain,Other,Asphalt roads,Dry,Daylight,Normal,Vehicle with vehicle collision,Going straight,Driver or rider,Male,31-50,Driver,Normal,Not a Pedestrian,Moving Backward,evening,2.0,4.0,3.0,18.0,1.0,1.0
Thursday,31-50,Male,Junior high school,Employee,1-2yr,__MISSING__,Owner,__MISSING__,__MISSING__,Industrial areas,Undivided Two way,Tangent road with flat terrain,No junction,Asphalt roads,Dry,Darkness - lights lit,Normal,Vehicle with vehicle collision,Reversing,__MISSING__,__MISSING__,__MISSING__,Driver,Normal,Not a Pedestrian,No distancing,evening,2.0,2.0,,18.0,7.0,0.0
Monday,18-30,Male,High school,Employee,1-2yr,__MISSING__,Owner,__MISSING__,No defect,Other,One way,Tangent road with flat terrain,__MISSING__,Asphalt roads,Dry,Daylight,Normal,Vehicle with vehicle collision,Going straight,__MISSING__,__MISSING__,__MISSING__,__MISSING__,__MISSING__,Not a Pedestrian,Changing lane to the right,afternoon,3.0,3.0,,16.0,9.0,0.0
Saturday,31-50,Male,Junior high school,Employee,5-10yr,Pick up upto 10Q,Owner,5-10yrs,__MISSING__,Residential areas,Undivided Two way,Tangent road with flat terrain,Y Shape,Asphalt roads,Dry,Daylight,__MISSING__,Vehicle with vehicle collision,Going straight,Driver or rider,Male,18-30,Self-employed,Normal,Not a Pedestrian,Changing lane to the right,afternoon,2.0,2.0,3.0,12.0,2.0,0.0
Friday,Under 18,Male,__MISSING__,__MISSING__,__MISSING__,Other,Owner,1-2yr,No defect,Office areas,Two-way (divided with broken lines road marking),Tangent road with flat terrain,Y Shape,Asphalt roads,Dry,Daylight,Normal,Vehicle with vehicle collision,Going straight,__MISSING__,__MISSING__,__MISSING__,Driver,Normal,Not a Pedestrian,Moving Backward,evening,2.0,3.0,,20.0,7.0,0.0
Sunday,__MISSING__,Male,Junior high school,Employee,5-10yr,Lorry (11?40Q),Owner,__MISSING__,__MISSING__,Other,Two-way (divided with broken lines road marking),Tangent road with flat terrain,Crossing,Asphalt roads,Wet or damp,Daylight,Other,Vehicle with vehicle collision,Going straight,__MISSING__,__MISSING__,__MISSING__,Driver,Normal,Not a Pedestrian,Driving carelessly,morning,2.0,1.0,,6.0,7.0,0.0
Thursday,__MISSING__,Male,Junior high school,Employee,1-2yr,Other,Governmental,__MISSING__,No defect,Other,Undivided Two way,Tangent road with flat terrain,Other,Asphalt roads,Dry,Daylight,Normal,__MISSING__,Other,__MISSING__,__MISSING__,__MISSING__,Student,Normal,Not a Pedestrian,Moving Backward,afternoon,2.0,1.0,,15.0,7.0,0.0
Sunday,18-30,Male,Junior high school,Employee,5-10yr,Lorry (11?40Q),Owner,__MISSING__,No defect,Market areas,Undivided Two way,Tangent road with flat terrain,Crossing,Asphalt roads,Wet or damp,Daylight,Raining,Collision with roadside objects,Going straight,Driver or rider,Male,18-30,Self-employed,Normal,Not a Pedestrian,Changing lane to the right,evening,2.0,2.0,3.0,19.0,1.0,0.0
Thursday,__MISSING__,Male,Writing & reading,Owner,5-10yr,Lorry (41?100Q),Owner,__MISSING__,No defect,Residential areas,Undivided Two way,Tangent road with flat terrain,Crossing,Asphalt roads,Dry,Daylight,Normal,Collision with pedestrians,Going straight,Driver or rider,Male,18-30,Self-employed,Normal,Not a Pedestrian,Changing lane to the right,afternoon,1.0,1.0,3.0,17.0,2.0,0.0
Tuesday,31-50,Male,Junior high school,Employee,Above 10yr,Other,Owner,__MISSING__,No defect,Office areas,One way,Tangent road with flat terrain,Crossing,Asphalt roads,Dry,Darkness - lights lit,Normal,Collision with roadside objects,Going straight,__MISSING__,__MISSING__,__MISSING__,Driver,Normal,Not a Pedestrian,Moving Backward,evening,3.0,5.0,,21.0,5.0,1.0
Wednesday,__MISSING__,Female,Elementary school,Employee,5-10yr,Turbo,Owner,1-2yr,No defect,Office areas,Undivided Two way,Escarpments,Y Shape,Asphalt roads,Dry,Darkness - lights lit,Cloudy,Vehicle with vehicle collision,Going straight,Driver or rider,Male,18-30,__MISSING__,__MISSING__,Not a Pedestrian,Driving to the left,evening,2.0,1.0,3.0,18.0,3.0,0.0
Monday,31-50,Male,Junior high school,Employee,1-2yr,__MISSING__,Owner,5-10yrs,__MISSING__,Residential areas,Two-way (divided with broken lines road marking),Tangent road with flat terrain,Crossing,Asphalt roads,Snow,Darkness - lights lit,Snow,Vehicle with vehicle collision,Going straight,__MISSING__,__MISSING__,__MISSING__,Self-employed,Normal,Not a Pedestrian,Driving carelessly,evening,2.0,2.0,,22.0,6.0,0.0
Thursday,31-50,Male,Junior high school,Other,No Licence,Automobile,Owner,__MISSING__,__MISSING__,Recreational areas,Two-way (divided with broken lines road marking),Steep grade downward with mountainous terrain,Y Shape,Asphalt roads,Wet or damp,Darkness - lights lit,Normal,Vehicle with vehicle collision,Going straight,Passenger,Male,18-30,Driver,Normal,Not a Pedestrian,No distancing,afternoon,2.0,3.0,3.0,17.0,2.0,0.0
Tuesday,Over 51,Male,Elementary school,Employee,2-5yr,Other,Owner,5-10yrs,__MISSING__,Office areas,Two-way (divided with broken lines road marking),Tangent road with mild grade and flat terrain,Y Shape,Asphalt roads,Dry,Daylight,Normal,Vehicle with vehicle collision,Going straight,Driver or rider,Male,31-50,__MISSING__,__MISSING__,Not a Pedestrian,Changing lane to the right,morning,3.0,3.0,3.0,8.0,3.0,0.0
Wednesday,Over 51,Male,Junior high school,Owner,2-5yr,Automobile,Owner,__MISSING__,No defect,School areas,Double carriageway (median),Tangent road with flat terrain,No junction,Asphalt roads,Dry,Daylight,Normal,Vehicle with vehicle collision,Moving Backward,Driver or rider,Male,Over 51,__MISSING__,__MISSING__,Not a Pedestrian,No priority to pedestrian,afternoon,2.0,1.0,3.0,14.0,3.0,0.0
Sunday,18-30,Male,Elementary school,Employee,5-10yr,Other,Organization,1-2yr,__MISSING__,Church areas,__MISSING__,Tangent road with flat terrain,Crossing,Asphalt roads,Dry,Daylight,Normal,Collision with roadside objects,Going straight,Pedestrian,Male,18-30,Driver,Normal,Not a Pedestrian,No distancing,evening,2.0,1.0,3.0,19.0,2.0,0.0
Friday,31-50,Male,Junior high school,Owner,Below 1yr,Lorry (41?100Q),Owner,__MISSING__,No defect,Industrial areas,Undivided Two way,Tangent road with flat terrain,No junction,Asphalt roads,Dry,Daylight,__MISSING__,Vehicle with vehicle collision,Going straight,__MISSING__,__MISSING__,__MISSING__,Self-employed,Normal,Not a Pedestrian,No priority to vehicle,afternoon,3.0,3.0,,17.0,6.0,0.0
Tuesday,18-30,Male,Junior high school,Employee,2-5yr,Automobile,Owner,__MISSING__,No defect,Residential areas,Two-way (divided with broken lines road marking),Tangent road with flat terrain,__MISSING__,Asphalt roads,Dry,Daylight,Normal,Vehicle with vehicle collision,Going straight,__MISSING__,__MISSING__,__MISSING__,Driver,Normal,Not a Pedestrian,Moving Backward,morning,2.0,1.0,,7.0,6.0,0.0
Sunday,31-50,Male,Junior high school,Employee,Below 1yr,Automobile,Owner,Above 10yr,No defect,Church areas,Two-way (divided with broken lines road marking),Tangent road with flat terrain,Y Shape,Asphalt roads,Dry,Daylight,Normal,Vehicle with vehicle collision,Going straight,Pedestrian,Female,Under 18,Driver,Normal,Crossing from driver's nearside,Moving Backward,morning,2.0,1.0,3.0,9.0,0.0,0.0
Thursday,31-50,Male,Elementary school,Employee,5-10yr,Automobile,Owner,__MISSING__,__MISSING__,Office areas,__MISSING__,Tangent road with flat terrain,No junction,Asphalt roads,Wet or damp,Daylight,Raining,Vehicle with vehicle collision,Other,Pedestrian,Male,Under 18,Driver,Normal,Not a Pedestrian,No priority to vehicle,afternoon,2.0,2.0,3.0,15.0,3.0,0.0
Tuesday,__MISSING__,Male,Junior high school,Employee,Above 10yr,Lorry (41?100Q),Owner,__MISSING__,No defect,Other,Double carriageway (median),Steep grade downward with mountainous terrain,Y Shape,Asphalt roads,Dry,Daylight,Normal,Collision with roadside objects,Moving Backward,Driver or rider,Male,31-50,Driver,Normal,Not a Pedestrian,Changing lane to the left,morning,2.0,1.0,3.0,9.0,2.0,0.0
Thursday,18-30,Male,Junior high school,Employee,Below 1yr,Automobile,Owner,2-5yrs,No defect,Office areas,Two-way (divided with broken lines road marking),Tangent road with flat terrain,Crossing,Asphalt roads,Dry,Darkness - lights lit,Normal,Vehicle with vehicle collision,Going straight,Driver or rider,Male,18-30,Self-employed,Normal,Not a Pedestrian,Changing lane to the left,evening,2.0,1.0,3.0,20.0,0.0,0.0
Friday,Over 51,Male,Junior high school,Employee,5-10yr,Public (> 45 seats),Governmental,1-2yr,No defect,Other,Undivided Two way,Tangent road with flat terrain,No junction,Asphalt roads,Dry,Daylight,Normal,Vehicle with vehicle collision,Going straight,Driver or rider,Female,Over 51,__MISSING__,Normal,Not a Pedestrian,Changing lane to the left,afternoon,2.0,1.0,3.0,15.0,1.0,0.0
Tuesday,31-50,Male,Junior high school,Employee,2-5yr,Automobile,Owner,Above 10yr,__MISSING__,Other,Undivided Two way,Tangent road with flat terrain,Y Shape,Asphalt roads,Wet or damp,Darkness - lights lit,Raining,Vehicle with vehicle collision,Going straight,__MISSING__,__MISSING__,__MISSING__,Self-employed,Normal,Not a Pedestrian,Overtaking,evening,2.0,1.0,,20.0,5.0,0.0
Friday,31-50,Male,__MISSING__,__MISSING__,__MISSING__,Other,Owner,2-5yrs,No defect,Office areas,Double carriageway (median),Tangent road with flat terrain,Y Shape,Asphalt roads,Wet or damp,Daylight,Normal,Vehicle with vehicle collision,Going straight,Driver or rider,Male,31-50,__MISSING__,__MISSING__,Not a Pedestrian,No distancing,morning,2.0,1.0,3.0,8.0,5.0,0.0
Friday,31-50,Male,Junior high school,Employee,2-5yr,__MISSING__,Owner,__MISSING__,No defect,Office areas,Undivided Two way,Tangent road with flat terrain,Y Shape,Asphalt roads,Dry,Daylight,Normal,Vehicle with vehicle collision,Going straight,Driver or rider,Male,31-50,__MISSING__,__MISSING__,Not a Pedestrian,Getting off the vehicle improperly,afternoon,1.0,2.0,3.0,15.0,4.0,0.0
Sunday,31-50,Male,Junior high school,Employee,5-10yr,Public (13?45 seats),Owner,2-5yrs,No defect,Other,Undivided Two way,Tangent road with flat terrain,Y Shape,Asphalt roads,Dry,Daylight,Normal,Vehicle with vehicle collision,Reversing,__MISSING__,__MISSING__,__MISSING__,Self-employed,Normal,Not a Pedestrian,Changing lane to the right,morning,2.0,1.0,,8.0,4.0,0.0
Sunday,Under 18,Male,Junior high school,Employee,Above 10yr,Public (13?45 seats),Owner,__MISSING__,No defect,Office areas,Double carriageway (median),Tangent road with flat terrain,Y Shape,Gravel roads,Wet or damp,Darkness - lights lit,Normal,Vehicle with vehicle collision,Entering a junction,Pedestrian,Female,31-50,Employee,Normal,Crossing from nearside - masked by parked or statioNot a Pedestrianry vehicle,Changing lane to the right,evening,2.0,3.0,3.0,20.0,1.0,0.0
Monday,18-30,Male,Junior high school,Employee,5-10yr,Automobile,Owner,Above 10yr,No defect,Church areas,Two-way (divided with broken lines road marking),Steep grade downward with mountainous terrain,Y Shape,Asphalt roads,Dry,Daylight,Normal,Collision with roadside objects,Going straight,Pedestrian,Male,31-50,Other,Normal,Unknown or other,Getting off the vehicle improperly,afternoon,2.0,1.0,2.0,16.0,0.0,0.0
Monday,Under 18,Male,Junior high school,Employee,2-5yr,Stationwagen,Owner,__MISSING__,__MISSING__,School areas,Two-way (divided with broken lines road marking),Tangent road with flat terrain,Y Shape,Asphalt roads,Dry,Darkness - lights lit,Normal,Vehicle with vehicle collision,Going straight,__MISSING__,__MISSING__,__MISSING__,Driver,Normal,Not a Pedestrian,Changing lane to the left,evening,2.0,1.0,,20.0,6.0,0.0
Friday,31-50,Male,High school,Employee,1-2yr,Public (> 45 seats),Owner,__MISSING__,No defect,Residential areas,Undivided Two way,Tangent road with flat terrain,No junction,Asphalt roads,Dry,Daylight,Normal,Vehicle with vehicle collision,Going straight,Driver or rider,Male,18-30,__MISSING__,Normal,Not a Pedestrian,Driving carelessly,afternoon,2.0,1.0,3.0,15.0,2.0,0.0
Wednesday,18-30,Male,Junior high school,Employee,1-2yr,Other,Owner,5-10yrs,No defect,Church areas,Undivided Two way,Tangent road with flat terrain,__MISSING__,Asphalt roads,Wet or damp,Darkness - lights lit,Raining,Vehicle with vehicle collision,Entering a junction,Driver or rider,Male,31-50,Driver,Normal,Not a Pedestrian,Changing lane to the right,evening,2.0,1.0,3.0,19.0,1.0,0.0
Monday,31-50,Male,Junior high school,Employee,2-5yr,Lorry (11?40Q),Owner,__MISSING__,No defect,Outside rural areas,Two-way (divided with broken lines road marking),Tangent road with flat terrain,Crossing,Asphalt roads,Wet or damp,Darkness - no lighting,Raining,Vehicle with vehicle collision,Other,Driver or rider,Male,31-50,__MISSING__,Normal,Not a Pedestrian,Changing lane to the left,evening,2.0,1.0,3.0,20.0,2.0,0.0
Monday,Under 18,Male,Junior high school,Employee,2-5yr,Lorry (41?100Q),Owner,__MISSING__,__MISSING__,Office areas,Two-way (divided with broken lines road marking),Tangent road with mild grade and flat terrain,Y Shape,Asphalt roads,Dry,Daylight,Normal,Collision with roadside objects,Going straight,__MISSING__,__MISSING__,__MISSING__,Driver,Normal,Not a Pedestrian,Changing lane to the right,afternoon,1.0,1.0,,15.0,6.0,0.0
Tuesday,__MISSING__,Female,Elementary school,Employee,1-2yr,Other,Owner,2-5yrs,No defect,Office areas,Undivided Two way,Tangent road with mountainous terrain and,Crossing,Asphalt roads,Dry,Daylight,Normal,Vehicle with vehicle collision,Going straight,Driver or rider,Male,31-50,Driver,Normal,Not a Pedestrian,Changing lane to the left,morning,6.0,1.0,3.0,9.0,1.0,0.0
Thursday,31-50,Male,Elementary school,Employee,2-5yr,Automobile,Owner,__MISSING__,No defect,Office areas,Double carriageway (median),Tangent road with flat terrain,Y Shape,Asphalt roads,Dry,Daylight,Other,Vehicle with vehicle collision,Going straight,Pedestrian,Male,18-30,Self-employed,Normal,Crossing from nearside - masked by parked or statioNot a Pedestrianry vehicle,Changing lane to the right,morning,2.0,1.0,3.0,7.0,1.0,0.0
Sunday,31-50,Male,Elementary school,Employee,2-5yr,Public (12 seats),Owner,2-5yrs,No defect,Other,other,Tangent road with flat terrain,No junction,Asphalt roads,Dry,Darkness - lights lit,Normal,Collision with roadside objects,Turnover,Driver or rider,Male,31-50,Driver,Normal,Not a Pedestrian,No priority to pedestrian,afternoon,2.0,1.0,3.0,17.0,0.0,0.0
Sunday,31-50,Male,Elementary school,Employee,5-10yr,Automobile,Owner,1-2yr,No defect,Office areas,Undivided Two way,Tangent road with mild grade and flat terrain,No junction,Asphalt roads,Dry,Daylight,Normal,Vehicle with vehicle collision,Getting off,__MISSING__,__MISSING__,__MISSING__,Driver,Normal,Not a Pedestrian,No priority to pedestrian,evening,2.0,2.0,,19.0,4.0,0.0
Wednesday,31-50,Male,Junior high school,Employee,5-10yr,Automobile,Owner,1-2yr,No defect,Office areas,Undivided Two way,Tangent road with flat terrain,Y Shape,Asphalt roads,Dry,Daylight,Normal,Vehicle with vehicle collision,Going straight,Driver or rider,Male,18-30,Driver,Normal,Not a Pedestrian,No priority to pedestrian,evening,2.0,1.0,3.0,18.0,0.0,0.0
Wednesday,18-30,Male,Junior high school,Employee,2-5yr,__MISSING__,Owner,2-5yrs,No defect,Church areas,Undivided Two way,Tangent road with flat terrain,No junction,Gravel roads,Dry,Daylight,Normal,Collision with pedestrians,Going straight,__MISSING__,__MISSING__,__MISSING__,Employee,Normal,Not a Pedestrian,No priority to vehicle,evening,2.0,1.0,,18.0,5.0,0.0
Monday,31-50,Male,High school,Employee,5-10yr,Automobile,Organization,2-5yrs,__MISSING__,Residential areas,Undivided Two way,Tangent road with flat terrain,No junction,Asphalt roads,Wet or damp,Daylight,Cloudy,Collision with roadside objects,Turnover,Pedestrian,Male,Under 18,__MISSING__,Normal,Crossing from driver's nearside,Changing lane to the left,afternoon,1.0,1.0,3.0,15.0,2.0,0.0
Saturday,Over 51,Male,Elementary school,Employee,Above 10yr,Lorry (41?100Q),Owner,__MISSING__,No defect,Office areas,Two-way (divided with broken lines road marking),Tangent road with flat terrain,Y Shape,Asphalt roads,Dry,Darkness - lights lit,Normal,Vehicle with vehicle collision,Going straight,Passenger,Female,31-50,Driver,Normal,Not a Pedestrian,Getting off the vehicle improperly,evening,2.0,1.0,3.0,20.0,1.0,0.0
Monday,Under 18,Male,Junior high school,Employee,1-2yr,Automobile,Owner,__MISSING__,__MISSING__,Office areas,Two-way (divided with broken lines road marking),Tangent road with flat terrain,Y Shape,Asphalt roads,Dry,Daylight,Normal,Vehicle with vehicle collision,Going straight,Driver or rider,Male,31-50,Driver,__MISSING__,Not a Pedestrian,Overtaking,evening,2.0,1.0,3.0,18.0,3.0,0.0
Tuesday,Over 51,Male,Junior high school,Employee,5-10yr,Automobile,Owner,Above 10yr,__MISSING__,Industrial areas,Undivided Two way,Tangent road with flat terrain,Y Shape,Asphalt roads,Wet or damp,Darkness - lights lit,Normal,Vehicle with vehicle collision,Going straight,__MISSING__,__MISSING__,__MISSING__,Self-employed,Normal,Not a Pedestrian,Changing lane to the right,afternoon,1.0,2.0,,12.0,5.0,0.0
Tuesday,31-50,Male,Elementary school,Employee,5-10yr,Long lorry,Owner,Below 1yr,__MISSING__,Residential areas,Two-way (divided with broken lines road marking),Tangent road with flat terrain,No junction,Asphalt roads,Dry,Daylight,Normal,Vehicle with vehicle collision,Going straight,Driver or rider,Male,31-50,Driver,Normal,Not a Pedestrian,Moving Backward,afternoon,2.0,1.0,3.0,13.0,1.0,0.0
Saturday,31-50,Male,Junior high school,Employee,5-10yr,Automobile,Owner,__MISSING__,No defect,School areas,other,Tangent road with flat terrain,Y Shape,Asphalt roads,Dry,Daylight,Normal,Collision with pedestrians,Going straight,__MISSING__,__MISSING__,__MISSING__,__MISSING__,__MISSING__,Not a Pedestrian,Driving under the influence of drugs,morning,2.0,3.0,,9.0,7.0,0.0
Sunday,31-50,Female,Junior high school,Employee,2-5yr,Lorry (41?100Q),Owner,__MISSING__,__MISSING__,Office areas,Two-way (divided with broken lines road marking),Tangent road with flat terrain,__MISSING__,Asphalt roads,Dry,Daylight,Cloudy,Vehicle with vehicle collision,Going straight,__MISSING__,__MISSING__,__MISSING__,__MISSING__,Normal,Not a Pedestrian,No priority to vehicle,afternoon,2.0,1.0,,17.0,8.0,0.0
Friday,31-50,Male,Junior high school,Employee,Above 10yr,Lorry (41?100Q),Owner,__MISSING__,No defect,__MISSING__,other,Tangent road with flat terrain,Y Shape,Asphalt roads,Wet or damp,Darkness - lights lit,Normal,Vehicle with vehicle collision,Going straight,Driver or rider,Male,31-50,Driver,Normal,Not a Pedestrian,No priority to pedestrian,night,2.0,2.0,3.0,0.0,2.0,0.0
Saturday,18-30,Male,Elementary school,Employee,2-5yr,__MISSING__,Owner,2-5yrs,No defect,Church areas,Undivided Two way,Tangent road with flat terrain,No junction,Asphalt roads,Dry,Daylight,Normal,Vehicle with vehicle collision,Going straight,__MISSING__,__MISSING__,__MISSING__,Self-employed,Normal,Not a Pedestrian,No distancing,evening,2.0,2.0,,20.0,5.0,0.0
Tuesday,31-50,Male,Junior high school,Employee,5-10yr,Pick up upto 10Q,__MISSING__,__MISSING__,__MISSING__,Office areas,other,Tangent road with flat terrain,Y Shape,Asphalt roads,Dry,Darkness - lights lit,Normal,Vehicle with vehicle collision,Moving Backward,__MISSING__,__MISSING__,__MISSING__,Driver,Normal,Not a Pedestrian,Overtaking,evening,2.0,1.0,,22.0,7.0,0.0
Friday,18-30,Male,Junior high school,Employee,Below 1yr,Public (12 seats),Owner,__MISSING__,__MISSING__,Office areas,Two-way (divided with broken lines road marking),Tangent road with flat terrain,O Shape,Asphalt roads,Wet or damp,Darkness - lights lit,Raining,Vehicle with vehicle collision,Going straight,__MISSING__,__MISSING__,__MISSING__,Employee,Normal,Not a Pedestrian,Changing lane to the left,evening,2.0,1.0,,22.0,6.0,0.0
Friday,31-50,Male,High school,Owner,Below 1yr,Automobile,Owner,__MISSING__,__MISSING__,Office areas,__MISSING__,Tangent road with flat terrain,Y Shape,Asphalt roads,Dry,Daylight,Normal,Collision with pedestrians,Getting off,Driver or rider,Female,Under 18,__MISSING__,Other,Not a Pedestrian,Driving carelessly,afternoon,2.0,1.0,3.0,13.0,4.0,0.0
Thursday,31-50,Male,Junior high school,Employee,5-10yr,Public (13?45 seats),Owner,2-5yrs,__MISSING__,Church areas,other,Tangent road with flat terrain,Other,Asphalt roads,Dry,Daylight,Normal,Vehicle with vehicle collision,Going straight,Driver or rider,Female,31-50,Self-employed,Normal,Not a Pedestrian,Driving under the influence of drugs,afternoon,2.0,1.0,3.0,15.0,1.0,0.0
Tuesday,18-30,Male,High school,Employee,Below 1yr,Automobile,Governmental,__MISSING__,__MISSING__,Residential areas,Two-way (divided with broken lines road marking),Tangent road with flat terrain,__MISSING__,Asphalt roads,Dry,Daylight,Normal,Collision with pedestrians,Going straight,Pedestrian,Male,31-50,Driver,Normal,Crossing from nearside - masked by parked or statioNot a Pedestrianry vehicle,Driving carelessly,morning,2.0,1.0,3.0,7.0,3.0,0.0
Tuesday,31-50,Male,Junior high school,Owner,5-10yr,Automobile,Owner,__MISSING__,No defect,Church areas,Undivided Two way,Tangent road with flat terrain,Y Shape,Asphalt roads,Dry,Daylight,Normal,Vehicle with vehicle collision,Moving Backward,__MISSING__,__MISSING__,__MISSING__,__MISSING__,Normal,Not a Pedestrian,Changing lane to the right,afternoon,2.0,1.0,,17.0,6.0,0.0
Thursday,18-30,Male,Junior high school,Employee,Below 1yr,Automobile,Owner,2-5yrs,__MISSING__,Residential areas,Two-way (divided with broken lines road marking),Tangent road with flat terrain,No junction,Asphalt roads,Dry,Daylight,Normal,Vehicle with vehicle collision,Going straight,__MISSING__,__MISSING__,__MISSING__,__MISSING__,Normal,Not a Pedestrian,Changing lane to the left,evening,1.0,2.0,,18.0,6.0,0.0
Wednesday,31-50,Male,Junior high school,Employee,2-5yr,Lorry (41?100Q),__MISSING__,2-5yrs,No defect,Residential areas,Two-way (divided with broken lines road marking),Tangent road with flat terrain,Y Shape,Asphalt roads,Dry,Daylight,Normal,Collision with roadside objects,Moving Backward,Pedestrian,Male,Over 51,__MISSING__,__MISSING__,Crossing from nearside - masked by parked or statioNot a Pedestrianry vehicle,Changing lane to the left,afternoon,1.0,1.0,3.0,14.0,3.0,0.0
Friday,Under 18,Male,__MISSING__,__MISSING__,__MISSING__,Automobile,Owner,__MISSING__,No defect,Other,Two-way (divided with broken lines road marking),Tangent road with flat terrain,No junction,__MISSING__,Wet or damp,Daylight,Raining,Vehicle with vehicle collision,Other,Driver or rider,Male,Over 51,Driver,Normal,Not a Pedestrian,No distancing,evening,1.0,1.0,2.0,19.0,5.0,0.0
Wednesday,18-30,Male,Elementary school,Employee,2-5yr,Pick up upto 10Q,Owner,2-5yrs,__MISSING__,Residential areas,Undivided Two way,Tangent road with flat terrain,No junction,Asphalt roads,Wet or damp,Daylight,Raining,Vehicle with vehicle collision,Moving Backward,Driver or rider,Male,18-30,__MISSING__,__MISSING__,Not a Pedestrian,No priority to vehicle,morning,1.0,1.0,3.0,6.0,3.0,0.0
Wednesday,31-50,Male,__MISSING__,__MISSING__,__MISSING__,Automobile,__MISSING__,__MISSING__,__MISSING__,Office areas,other,Tangent road with mountainous terrain and,Y Shape,Asphalt roads,Dry,Daylight,Normal,Vehicle with vehicle collision,Going straight,Driver or rider,Male,18-30,__MISSING__,Normal,Not a Pedestrian,No distancing,evening,1.0,1.0,3.0,18.0,7.0,0.0
Friday,31-50,Male,Junior high school,Employee,5-10yr,__MISSING__,Owner,__MISSING__,No defect,Office areas,Two-way (divided with broken lines road marking),Tangent road with flat terrain,Y Shape,Asphalt roads,Dry,Daylight,Normal,Vehicle with vehicle collision,Going straight,Driver or rider,Male,Over 51,Other,Normal,Not a Pedestrian,Driving to the left,evening,2.0,1.0,3.0,18.0,2.0,0.0
Saturday,31-50,Male,Junior high school,Employee,5-10yr,Other,Owner,__MISSING__,No defect,Other,One way,Escarpments,No junction,Asphalt roads,Dry,Darkness - lights lit,Normal,Vehicle with vehicle collision,Going straight,__MISSING__,__MISSING__,__MISSING__,Self-employed,Normal,Not a Pedestrian,Overtaking,evening,2.0,1.0,,18.0,5.0,0.0
Friday,18-30,Male,High school,Owner,1-2yr,Stationwagen,Owner,__MISSING__,No defect,Other,One way,Tangent road with flat terrain,Y Shape,Asphalt roads,Dry,Daylight,Normal,Collision with pedestrians,Other,Driver or rider,Female,Over 51,Driver,Normal,Not a Pedestrian,Driving at high speed,afternoon,2.0,1.0,3.0,14.0,1.0,0.0
Thursday,31-50,Male,Junior high school,Employee,Below 1yr,Lorry (41?100Q),Owner,__MISSING__,__MISSING__,Office areas,Undivided Two way,Tangent road with flat terrain,Y Shape,Asphalt roads,Dry,Daylight,Normal,Vehicle with vehicle collision,Going straight,Pedestrian,Female,Over 51,Driver,Normal,Not a Pedestrian,Moving Backward,afternoon,2.0,1.0,2.0,17.0,2.0,0.0
Tuesday,18-30,Male,Junior high school,Employee,2-5yr,Public (13?45 seats),Owner,2-5yrs,No defect,Office areas,Two-way (divided with broken lines road marking),Tangent road with flat terrain,Y Shape,Asphalt roads,Dry,Daylight,__MISSING__,Vehicle with vehicle collision,Moving Backward,Pedestrian,Male,18-30,Driver,Normal,Unknown or other,Changing lane to the right,afternoon,2.0,3.0,3.0,16.0,1.0,0.0
Thursday,18-30,Male,Junior high school,Employee,Below 1yr,Automobile,Owner,__MISSING__,__MISSING__,Office areas,Undivided Two way,Tangent road with flat terrain,Crossing,Asphalt roads,Dry,Daylight,Normal,Vehicle with vehicle collision,Going straight,Driver or rider,Female,18-30,Self-employed,Normal,Not a Pedestrian,Changing lane to the left,afternoon,2.0,1.0,3.0,12.0,2.0,0.0
Saturday,Over 51,Male,__MISSING__,Owner,5-10yr,Automobile,Governmental,Below 1yr,No defect,Other,Two-way (divided with broken lines road marking),Tangent road with flat terrain,No junction,Asphalt roads,Dry,Daylight,Cloudy,Vehicle with vehicle collision,Other,Driver or rider,Male,18-30,Driver,Normal,Not a Pedestrian,Changing lane to the right,evening,2.0,1.0,3.0,23.0,1.0,0.0
Thursday,31-50,Male,Junior high school,Employee,Below 1yr,Lorry (41?100Q),Owner,5-10yrs,No defect,Other,Undivided Two way,Tangent road with flat terrain,Y Shape,Asphalt roads,Dry,Darkness - lights lit,Normal,Vehicle with vehicle collision,Going straight,Driver or rider,Male,Under 18,Driver,Normal,Not a Pedestrian,Changing lane to the right,evening,2.0,1.0,3.0,18.0,0.0,0.0
Saturday,31-50,Male,Elementary school,Owner,5-10yr,Other,Owner,__MISSING__,No defect,Church areas,Two-way (divided with solid lines road marking),Tangent road with flat terrain,Y Shape,Asphalt roads,Dry,Daylight,Normal,Vehicle with vehicle collision,Overtaking,__MISSING__,__MISSING__,__MISSING__,Driver,Normal,Not a Pedestrian,Changing lane to the right,afternoon,2.0,1.0,,17.0,5.0,0.0
Tuesday,__MISSING__,Female,Junior high school,Employee,5-10yr,Pick up upto 10Q,Owner,__MISSING__,No defect,Other,Undivided Two way,Tangent road with flat terrain,No junction,Asphalt roads,Dry,Daylight,Normal,Vehicle with vehicle collision,Going straight,Driver or rider,Male,18-30,Driver,Normal,Not a Pedestrian,Changing lane to the left,afternoon,3.0,1.0,3.0,17.0,2.0,0.0
Wednesday,__MISSING__,Male,Junior high school,Employee,2-5yr,Stationwagen,Owner,Below 1yr,No defect,Other,Undivided Two way,Tangent road with flat terrain,Crossing,Asphalt roads,Dry,Daylight,Normal,Vehicle with vehicle collision,Other,Pedestrian,Female,18-30,__MISSING__,Normal,Crossing from driver's nearside,Other,morning,2.0,1.0,3.0,8.0,2.0,0.0
Thursday,31-50,Male,Junior high school,Employee,2-5yr,Lorry (41?100Q),Owner,__MISSING__,No defect,Church areas,Undivided Two way,Tangent road with flat terrain,Y Shape,Asphalt roads,Dry,Daylight,Normal,Vehicle with vehicle collision,Going straight,__MISSING__,__MISSING__,__MISSING__,Driver,Normal,Not a Pedestrian,Driving to the left,afternoon,3.0,1.0,,14.0,5.0,0.0
Tuesday,Under 18,Male,Junior high school,Employee,1-2yr,Lorry (41?100Q),Owner,__MISSING__,No defect,Church areas,Double carriageway (median),Tangent road with flat terrain,Y Shape,Asphalt roads,Dry,Daylight,Normal,Vehicle with vehicle collision,Going straight,Passenger,Female,31-50,Driver,Normal,Not a Pedestrian,No priority to vehicle,afternoon,2.0,1.0,3.0,13.0,1.0,0.0
Wednesday,__MISSING__,Male,Junior high school,Employee,Above 10yr,Other,Owner,__MISSING__,No defect,Church areas,Undivided Two way,Tangent road with flat terrain,No junction,Asphalt roads,Dry,Daylight,Normal,Collision with roadside objects,Going straight,__MISSING__,__MISSING__,__MISSING__,__MISSING__,__MISSING__,Not a Pedestrian,Changing lane to the left,morning,1.0,1.0,,8.0,8.0,0.0
Thursday,Under 18,Male,Junior high school,Employee,Below 1yr,Ridden horse,__MISSING__,__MISSING__,__MISSING__,Other,Undivided Two way,Tangent road with flat terrain,Y Shape,Asphalt roads,Wet or damp,Darkness - lights lit,Raining,Vehicle with vehicle collision,Moving Backward,Driver or rider,Male,5,__MISSING__,__MISSING__,Not a Pedestrian,Driving at high speed,evening,3.0,2.0,3.0,20.0,5.0,0.0
Tuesday,31-50,Male,Junior high school,Employee,2-5yr,Public (13?45 seats),Owner,2-5yrs,__MISSING__,Residential areas,One way,Steep grade downward with mountainous terrain,No junction,Asphalt roads,Dry,Daylight,Normal,Vehicle with vehicle collision,Going straight,Passenger,Male,Under 18,Student,Normal,Not a Pedestrian,No priority to vehicle,afternoon,2.0,1.0,3.0,12.0,1.0,0.0
Tuesday,18-30,__MISSING__,Junior high school,Employee,Above 10yr,Other,Owner,5-10yrs,__MISSING__,Residential areas,Two-way (divided with broken lines road marking),Tangent road with flat terrain,Crossing,Asphalt roads,Dry,Daylight,Normal,Vehicle with vehicle collision,Going straight,__MISSING__,__MISSING__,__MISSING__,Driver,Normal,Not a Pedestrian,Moving Backward,afternoon,3.0,3.0,,12.0,6.0,0.0
Monday,31-50,Male,Elementary school,Employee,1-2yr,Lorry (11?40Q),Owner,5-10yrs,No defect,Church areas,Undivided Two way,Tangent road with flat terrain,No junction,Asphalt roads,Dry,Daylight,Normal,Vehicle with vehicle collision,Going straight,__MISSING__,__MISSING__,__MISSING__,Employee,Normal,Not a Pedestrian,Driving carelessly,morning,1.0,1.0,,8.0,4.0,0.0
Friday,__MISSING__,Male,Junior high school,Employee,2-5yr,Public (> 45 seats),Owner,2-5yrs,No defect,Office areas,Two-way (divided with broken lines road marking),Tangent road with mild grade and flat terrain,No junction,Gravel roads,Dry,Darkness - lights lit,Normal,Vehicle with vehicle collision,Going straight,__MISSING__,__MISSING__,__MISSING__,Driver,Normal,Not a Pedestrian,Driving at high speed,evening,2.0,1.0,,18.0,5.0,0.0
Wednesday,18-30,Male,High school,Employee,Above 10yr,Taxi,Owner,2-5yrs,__MISSING__,Office areas,Double carriageway (median),Tangent road with flat terrain,__MISSING__,Other,Wet or damp,Daylight,Normal,Vehicle with vehicle collision,Going straight,Driver or rider,Male,31-50,Driver,Normal,Not a Pedestrian,Changing lane to the left,afternoon,2.0,1.0,2.0,16.0,2.0,0.0
Tuesday,__MISSING__,Female,Junior high school,Employee,1-2yr,Public (13?45 seats),Owner,2-5yrs,__MISSING__,Other,Undivided Two way,Tangent road with flat terrain,No junction,Asphalt roads,Dry,Daylight,Normal,Vehicle with vehicle collision,Getting off,Driver or rider,Female,18-30,Driver,Normal,Not a Pedestrian,Changing lane to the right,evening,3.0,1.0,3.0,18.0,2.0,0.0
Thursday,18-30,Male,Junior high school,Employee,2-5yr,Lorry (11?40Q),Owner,5-10yrs,No defect,Church areas,Undivided Two way,Tangent road with flat terrain,Crossing,Asphalt roads,Dry,Daylight,Normal,Collision with animals,Moving Backward,Driver or rider,Male,18-30,Driver,Normal,Not a Pedestrian,Overtaking,afternoon,1.0,1.0,3.0,15.0,0.0,0.0
Tuesday,18-30,Male,Junior high school,Owner,2-5yr,__MISSING__,Owner,Below 1yr,No defect,Other,Undivided Two way,Tangent road with flat terrain,No junction,Other,Dry,Daylight,Normal,Vehicle with vehicle collision,Going straight,__MISSING__,__MISSING__,__MISSING__,Driver,Normal,Not a Pedestrian,No distancing,evening,2.0,1.0,,18.0,5.0,0.0
Tuesday,Under 18,Male,High school,Owner,Above 10yr,Long lorry,Organization,__MISSING__,No defect,Other,Two-way (divided with broken lines road marking),Tangent road with flat terrain,Crossing,Asphalt roads,Wet or damp,Darkness - lights lit,Normal,Vehicle with vehicle collision,Going straight,__MISSING__,__MISSING__,__MISSING__,__MISSING__,__MISSING__,Not a Pedestrian,Changing lane to the left,morning,2.0,1.0,,11.0,7.0,0.0
Wednesday,31-50,Male,Junior high school,Employee,Above 10yr,Long lorry,Owner,Above 10yr,No defect,Church areas,Two-way (divided with broken lines road marking),Tangent road with flat terrain,Y Shape,Asphalt roads,Wet or damp,Darkness - no lighting,Normal,Collision with roadside objects,Other,__MISSING__,__MISSING__,__MISSING__,Self-employed,Normal,Not a Pedestrian,No distancing,morning,2.0,2.0,,8.0,4.0,0.0
Monday,__MISSING__,Male,Elementary school,Employee,1-2yr,Automobile,Owner,__MISSING__,__MISSING__,Other,Two-way (divided with broken lines road marking),Tangent road with flat terrain,Y Shape,Gravel roads,Dry,Daylight,Normal,Vehicle with vehicle collision,Going straight,__MISSING__,__MISSING__,__MISSING__,Driver,__MISSING__,Not a Pedestrian,Driving carelessly,evening,2.0,1.0,,18.0,8.0,0.0
Monday,18-30,Male,Elementary school,Employee,1-2yr,Stationwagen,Owner,5-10yrs,No defect,Other,Double carriageway (median),Gentle horizontal curve,Y Shape,Asphalt roads,Dry,Daylight,Normal,Rollover,Reversing,Passenger,Female,Under 18,__MISSING__,__MISSING__,Not a Pedestrian,Driving carelessly,afternoon,2.0,1.0,3.0,13.0,2.0,0.0
Sunday,18-30,__MISSING__,Junior high school,Employee,5-10yr,__MISSING__,Owner,__MISSING__,__MISSING__,Other,other,Tangent road with flat terrain,No junction,Asphalt roads,Dry,Darkness - lights lit,Normal,Vehicle with vehicle collision,Going straight,Pedestrian,Female,Under 18,Other,Normal,Not a Pedestrian,No distancing,night,2.0,2.0,2.0,1.0,4.0,0.0
Thursday,31-50,Male,Junior high school,Employee,2-5yr,Other,Owner,__MISSING__,No defect,Office areas,Undivided Two way,Tangent road with flat terrain,__MISSING__,Asphalt roads,Dry,Daylight,Normal,Vehicle with vehicle collision,Going straight,Driver or rider,Male,18-30,Driver,Normal,Not a Pedestrian,Moving Backward,afternoon,3.0,1.0,3.0,17.0,2.0,0.0
Monday,31-50,Male,Junior high school,Employee,Below 1yr,Public (13?45 seats),Owner,__MISSING__,__MISSING__,Office areas,Undivided Two way,Tangent road with flat terrain,Crossing,Asphalt roads,Dry,Daylight,Normal,Vehicle with vehicle collision,Going straight,Driver or rider,Male,5,Driver,Normal,Not a Pedestrian,No priority to pedestrian,afternoon,4.0,1.0,3.0,13.0,2.0,0.0
Saturday,18-30,Male,Junior high school,Employee,5-10yr,Other,Governmental,__MISSING__,__MISSING__,Other,Two-way (divided with broken lines road marking),Tangent road with flat terrain,Crossing,Asphalt roads,Dry,Daylight,Normal,Vehicle with vehicle collision,Getting off,Driver or rider,Male,Over 51,Self-employed,Normal,Not a Pedestrian,Changing lane to the right,morning,2.0,1.0,3.0,6.0,2.0,0.0
Friday,18-30,Male,High school,Employee,2-5yr,Lorry (41?100Q),Owner,Above 10yr,No defect,Residential areas,Two-way (divided with broken lines road marking),Tangent road with flat terrain,Y Shape,Asphalt roads,Dry,Darkness - lights lit,Normal,Vehicle with vehicle collision,Other,Driver or rider,Male,31-50,Self-employed,Normal,Not a Pedestrian,Getting off the vehicle improperly,evening,2.0,4.0,3.0,18.0,0.0,1.0
Saturday,18-30,Male,Junior high school,Employee,1-2yr,Public (12 seats),Owner,__MISSING__,No defect,Residential areas,Two-way (divided with broken lines road marking),Tangent road with flat terrain,No junction,Asphalt roads,Dry,Darkness - lights lit,Normal,Vehicle with vehicle collision,Going straight,Passenger,Female,18-30,Driver,Normal,Not a Pedestrian,No distancing,evening,2.0,1.0,3.0,21.0,1.0,0.0
Sunday,31-50,Male,Junior high school,Employee,5-10yr,Lorry (41?100Q),Governmental,Below 1yr,No defect,Residential areas,Two-way (divided with broken lines road marking),Tangent road with flat terrain,__MISSING__,Asphalt roads,Wet or damp,Daylight,Raining,Vehicle with vehicle collision,Going straight,__MISSING__,__MISSING__,__MISSING__,Driver,Normal,Not a Pedestrian,No distancing,evening,2.0,2.0,,20.0,5.0,0.0
Tuesday,31-50,Male,Elementary school,Employee,2-5yr,Pick up upto 10Q,Owner,Above 10yr,No defect,Other,Undivided Two way,Tangent road with flat terrain,Crossing,Asphalt roads,Wet or damp,Daylight,Normal,Vehicle with vehicle collision,Going straight,Driver or rider,Male,31-50,Self-employed,Normal,Not a Pedestrian,Changing lane to the right,evening,2.0,1.0,3.0,19.0,0.0,0.0
Thursday,18-30,Male,Junior high school,Employee,5-10yr,Automobile,Governmental,__MISSING__,__MISSING__,Residential areas,Two-way (divided with broken lines road marking),Tangent road with flat terrain,Y Shape,Asphalt roads,Wet or damp,Darkness - lights lit,Normal,Vehicle with vehicle collision,Moving Backward,Driver or rider,Male,Under 18,Driver,Normal,Not a Pedestrian,No priority to pedestrian,evening,2.0,1.0,3.0,19.0,2.0,0.0
Saturday,__MISSING__,Male,Junior high school,Employee,5-10yr,Automobile,Owner,2-5yrs,No defect,Residential areas,Undivided Two way,Tangent road with flat terrain,No junction,Asphalt roads,Dry,Darkness - lights lit,Normal,Vehicle with vehicle collision,Going straight,Driver or rider,Male,31-50,__MISSING__,__MISSING__,Not a Pedestrian,No distancing,evening,4.0,1.0,3.0,22.0,3.0,0.0
Sunday,Under 18,Male,Junior high school,Employee,1-2yr,Public (> 45 seats),Owner,__MISSING__,No defect,Residential areas,Double carriageway (median),Tangent road with flat terrain,Y Shape,Asphalt roads,Dry,Daylight,__MISSING__,Collision with roadside objects,Going straight,Driver or rider,Male,18-30,Driver,Normal,Not a Pedestrian,Driving under the influence of drugs,afternoon,2.0,2.0,3.0,16.0,2.0,0.0
Wednesday,31-50,Male,Junior high school,Owner,__MISSING__,Automobile,Owner,__MISSING__,__MISSING__,Other,Two-way (divided with broken lines road marking),Tangent road with flat terrain,Y Shape,Asphalt roads,Wet or damp,Daylight,Raining and Windy,Vehicle with vehicle collision,Going straight,Passenger,Female,18-30,Driver,Normal,Not a Pedestrian,Moving Backward,morning,2.0,2.0,3.0,8.0,3.0,0.0
Monday,__MISSING__,Female,Elementary school,Employee,Above 10yr,Public (12 seats),Owner,__MISSING__,__MISSING__,Office areas,One way,Tangent road with flat terrain,Y Shape,Asphalt roads,Dry,Darkness - lights lit,Other,Vehicle with vehicle collision,Other,__MISSING__,__MISSING__,__MISSING__,Driver,Normal,Not a Pedestrian,Driving to the left,evening,3.0,3.0,,19.0,7.0,0.0
Monday,31-50,Male,High school,Employee,5-10yr,Public (12 seats),Organization,2-5yrs,__MISSING__,Industrial areas,Two-way (divided with broken lines road marking),Tangent road with flat terrain,Crossing,Asphalt roads,Wet or damp,Daylight,Normal,Rollover,Going straight,Pedestrian,Male,Under 18,__MISSING__,__MISSING__,Unknown or other,No distancing,afternoon,2.0,2.0,3.0,17.0,3.0,0.0
Saturday,31-50,Male,High school,Employee,2-5yr,Special vehicle,Owner,__MISSING__,No defect,Office areas,Undivided Two way,Tangent road with flat terrain,Y Shape,Asphalt roads,Dry,Darkness - no lighting,Snow,Vehicle with vehicle collision,Going straight,Driver or rider,Female,18-30,Driver,Normal,Not a Pedestrian,Changing lane to the right,evening,2.0,2.0,3.0,18.0,1.0,0.0
Thursday,31-50,Male,Junior high school,Employee,2-5yr,Ridden horse,Owner,__MISSING__,No defect,Church areas,Undivided Two way,Tangent road with flat terrain,No junction,Asphalt roads,Dry,Daylight,Normal,Vehicle with vehicle collision,Moving Backward,Driver or rider,Male,Under 18,Driver,Normal,Not a Pedestrian,Driving carelessly,afternoon,2.0,1.0,3.0,13.0,1.0,0.0
Friday,18-30,Male,Junior high school,Employee,Above 10yr,Lorry (41?100Q),Owner,1-2yr,No defect,Industrial areas,other,Tangent road with flat terrain,Y Shape,Earth roads,Dry,Daylight,Normal,Collision with roadside-parked vehicles,Going straight,Pedestrian,Male,Under 18,Driver,Normal,Crossing from driver's nearside,Changing lane to the right,afternoon,2.0,1.0,3.0,17.0,0.0,0.0
Saturday,18-30,Male,High school,Owner,5-10yr,Automobile,Owner,5-10yrs,__MISSING__,Hospital areas,other,Steep grade downward with mountainous terrain,No junction,Asphalt roads,Dry,Daylight,Normal,Collision with pedestrians,Going straight,Driver or rider,Male,18-30,Driver,Normal,Not a Pedestrian,Driving carelessly,afternoon,2.0,1.0,3.0,15.0,1.0,0.0
Friday,18-30,Male,Junior high school,Employee,Below 1yr,Lorry (41?100Q),Owner,Above 10yr,No defect,Office areas,other,Tangent road with flat terrain,O Shape,Asphalt roads,Dry,Daylight,Normal,Vehicle with vehicle collision,Reversing,Passenger,Female,31-50,Self-employed,Normal,Not a Pedestrian,Moving Backward,morning,3.0,1.0,3.0,9.0,0.0,0.0
Wednesday,Under 18,Male,Junior high school,Employee,5-10yr,Other,Owner,__MISSING__,No defect,Industrial areas,Two-way (divided with broken lines road marking),Tangent road with flat terrain,O Shape,Asphalt roads,Dry,Daylight,Normal,Vehicle with vehicle collision,Going straight,Driver or rider,Male,18-30,Driver,Normal,Not a Pedestrian,Driving carelessly,afternoon,2.0,2.0,3.0,13.0,1.0,0.0
Tuesday,18-30,Male,Elementary school,Employee,Below 1yr,__MISSING__,Governmental,2-5yrs,__MISSING__,Office areas,Undivided Two way,Tangent road with flat terrain,No junction,Asphalt roads,Dry,Daylight,Normal,Vehicle with vehicle collision,Going straight,Pedestrian,Female,31-50,Self-employed,Normal,Not a Pedestrian,Driving carelessly,morning,2.0,1.0,3.0,9.0,2.0,0.0
Wednesday,31-50,Male,Junior high school,Owner,Below 1yr,Public (12 seats),Owner,1-2yr,No defect,__MISSING__,Two-way (divided with broken lines road marking),Tangent road with flat terrain,__MISSING__,Asphalt roads,Dry,Daylight,Normal,Vehicle with vehicle collision,Going straight,Passenger,Female,31-50,__MISSING__,__MISSING__,Not a Pedestrian,Changing lane to the right,evening,3.0,3.0,3.0,19.0,4.0,0.0
Tuesday,18-30,Male,Junior high school,Employee,Above 10yr,Lorry (41?100Q),Owner,5-10yrs,No defect,Office areas,Two-way (divided with broken lines road marking),__MISSING__,Other,Asphalt roads,Dry,Daylight,Normal,Collision with roadside objects,Going straight,Driver or rider,Male,18-30,Driver,Normal,Not a Pedestrian,Driving carelessly,evening,2.0,1.0,3.0,19.0,1.0,0.0
Friday,18-30,Male,Elementary school,Employee,Below 1yr,Long lorry,Owner,__MISSING__,No defect,Other,Two-way (divided with broken lines road marking),Tangent road with flat terrain,Other,Asphalt roads,Dry,Daylight,__MISSING__,Rollover,Going straight,Passenger,Female,Under 18,Driver,Normal,Not a Pedestrian,Driving carelessly,afternoon,2.0,3.0,3.0,14.0,2.0,0.0
Saturday,18-30,Male,Junior high school,Employee,2-5yr,Lorry (11?40Q),Owner,Above 10yr,__MISSING__,School areas,other,Tangent road with flat terrain,No junction,Asphalt roads,Dry,Darkness - lights lit,Normal,Vehicle with vehicle collision,Other,__MISSING__,__MISSING__,__MISSING__,Driver,Normal,Not a Pedestrian,Changing lane to the left,evening,6.0,2.0,,20.0,5.0,0.0
Saturday,18-30,Male,Elementary school,Employee,5-10yr,__MISSING__,Owner,1-2yr,__MISSING__,Office areas,Undivided Two way,Tangent road with mountainous terrain and,Y Shape,Asphalt roads,Dry,Daylight,Normal,Vehicle with vehicle collision,Getting off,Driver or rider,Male,31-50,__MISSING__,__MISSING__,Not a Pedestrian,Changing lane to the left,afternoon,2.0,1.0,3.0,17.0,4.0,0.0
Thursday,Over 51,Male,Junior high school,Employee,5-10yr,Lorry (41?100Q),Governmental,__MISSING__,No defect,Church areas,Double carriageway (median),Tangent road with flat terrain,No junction,Asphalt roads,Dry,Darkness - lights lit,Normal,Rollover,Moving Backward,Pedestrian,Male,18-30,Driver,Normal,Unknown or other,No priority to vehicle,night,2.0,2.0,3.0,5.0,1.0,0.0
Tuesday,18-30,Male,Elementary school,Employee,5-10yr,Other,Owner,2-5yrs,No defect,Outside rural areas,Undivided Two way,Tangent road with flat terrain,Y Shape,Asphalt roads,Dry,Daylight,Normal,Vehicle with vehicle collision,Reversing,__MISSING__,__MISSING__,__MISSING__,Self-employed,Normal,Not a Pedestrian,Moving Backward,afternoon,2.0,1.0,,17.0,4.0,0.0
Saturday,31-50,Male,High school,Employee,Below 1yr,__MISSING__,Owner,__MISSING__,No defect,Office areas,other,Tangent road with mountainous terrain and,No junction,Asphalt roads,Dry,Daylight,Normal,Vehicle with vehicle collision,Going straight,Driver or rider,Female,31-50,Other,Normal,Not a Pedestrian,Changing lane to the right,afternoon,3.0,2.0,3.0,14.0,2.0,0.0
Saturday,18-30,Male,__MISSING__,__MISSING__,__MISSING__,Lorry (41?100Q),Owner,__MISSING__,No defect,Other,Two-way (divided with broken lines road marking),Tangent road with flat terrain,Y Shape,Asphalt roads,Dry,Daylight,Normal,Collision with roadside objects,Going straight,Driver or rider,Female,31-50,Driver,Normal,Not a Pedestrian,Driving carelessly,afternoon,2.0,1.0,3.0,17.0,4.0,0.0
Friday,18-30,Female,Junior high school,Employee,2-5yr,Automobile,Owner,__MISSING__,No defect,Other,Two-way (divided with broken lines road marking),Tangent road with flat terrain,No junction,Asphalt roads,Dry,Daylight,Normal,Vehicle with vehicle collision,Turnover,Driver or rider,Female,18-30,Driver,Normal,Not a Pedestrian,Changing lane to the right,morning,3.0,1.0,3.0,8.0,1.0,0.0
Saturday,18-30,Male,Junior high school,Employee,Below 1yr,Automobile,Owner,__MISSING__,No defect,Office areas,Undivided Two way,Tangent road with flat terrain,Y Shape,Asphalt roads,Wet or damp,Darkness - lights lit,Raining,Collision with pedestrians,Going straight,Driver or rider,Male,31-50,Driver,Normal,Not a Pedestrian,Driving carelessly,evening,2.0,1.0,3.0,18.0,1.0,0.0
Wednesday,__MISSING__,Male,Junior high school,Employee,1-2yr,Automobile,Owner,5-10yrs,No defect,Other,Two-way (divided with broken lines road marking),Tangent road with rolling terrain,No junction,Asphalt roads,Dry,Daylight,Normal,Collision with pedestrians,Other,__MISSING__,__MISSING__,__MISSING__,__MISSING__,__MISSING__,Not a Pedestrian,No distancing,afternoon,2.0,1.0,,12.0,7.0,0.0
Sunday,__MISSING__,Male,Junior high school,Employee,Below 1yr,Automobile,Owner,__MISSING__,__MISSING__,Office areas,__MISSING__,Tangent road with flat terrain,No junction,Asphalt roads,Dry,Darkness - lights lit,Normal,Vehicle with vehicle collision,Going straight,Pedestrian,Male,18-30,__MISSING__,__MISSING__,Crossing from nearside - masked by parked or statioNot a Pedestrianry vehicle,Changing lane to the right,night,4.0,2.0,3.0,2.0,6.0,0.0
Wednesday,__MISSING__,Male,Elementary school,Employee,5-10yr,__MISSING__,Owner,__MISSING__,No defect,Residential areas,Double carriageway (median),Tangent road with flat terrain,Y Shape,Asphalt roads,Wet or damp,Darkness - lights lit,Normal,Vehicle with vehicle collision,Going straight,Driver or rider,Male,31-50,__MISSING__,__MISSING__,Not a Pedestrian,Driving carelessly,evening,2.0,1.0,3.0,22.0,5.0,0.0
Thursday,Over 51,Male,Junior high school,Employee,Above 10yr,Pick up upto 10Q,Owner,__MISSING__,__MISSING__,Other,Double carriageway (median),Tangent road with flat terrain,No junction,Asphalt roads,Dry,Daylight,Normal,Collision with roadside objects,Moving Backward,Driver or rider,Male,Over 51,Self-employed,Normal,Not a Pedestrian,No distancing,afternoon,1.0,4.0,3.0,17.0,2.0,1.0
Tuesday,__MISSING__,Male,Junior high school,Employee,Below 1yr,Stationwagen,Governmental,__MISSING__,No defect,Office areas,Double carriageway (median),Tangent road with flat terrain,No junction,Asphalt roads,Dry,Daylight,Normal,Collision with animals,Going straight,Pedestrian,Female,Over 51,__MISSING__,__MISSING__,Not a Pedestrian,No distancing,morning,2.0,1.0,3.0,10.0,4.0,0.0
Thursday,18-30,Male,Elementary school,Owner,1-2yr,Public (12 seats),Owner,__MISSING__,No defect,Recreational areas,other,__MISSING__,No junction,Asphalt roads,Dry,Darkness - lights lit,Normal,Vehicle with vehicle collision,Other,__MISSING__,__MISSING__,__MISSING__,__MISSING__,__MISSING__,Not a Pedestrian,Turnover,morning,2.0,1.0,,11.0,8.0,0.0
Friday,31-50,Male,High school,Owner,2-5yr,Public (12 seats),Owner,__MISSING__,No defect,Residential areas,Undivided Two way,Tangent road with flat terrain,Y Shape,Asphalt roads,Dry,Daylight,Normal,Vehicle with vehicle collision,Going straight,Driver or rider,Female,18-30,Other,Normal,Not a Pedestrian,No distancing,morning,2.0,2.0,3.0,7.0,1.0,0.0
Thursday,Over 51,Male,Elementary school,Employee,5-10yr,Pick up upto 10Q,Owner,__MISSING__,No defect,Other,Double carriageway (median),Tangent road with flat terrain,No junction,Asphalt roads,Dry,Daylight,Normal,Vehicle with vehicle collision,Going straight,__MISSING__,__MISSING__,__MISSING__,__MISSING__,Normal,Not a Pedestrian,No distancing,morning,2.0,1.0,,8.0,6.0,0.0
Friday,__MISSING__,Female,Junior high school,Employee,2-5yr,Public (12 seats),Owner,__MISSING__,__MISSING__,Residential areas,Two-way (divided with broken lines road marking),Tangent road with flat terrain,Crossing,Asphalt roads,Dry,Daylight,Normal,Rollover,Going straight,Driver or rider,Male,31-50,Driver,Normal,Not a Pedestrian,Changing lane to the right,morning,3.0,1.0,3.0,10.0,3.0,0.0
Saturday,Under 18,Male,Elementary school,Employee,Above 10yr,Other,Owner,5-10yrs,No defect,Residential areas,One way,Tangent road with flat terrain,__MISSING__,Asphalt roads,Dry,Daylight,Normal,Rollover,__MISSING__,Driver or rider,Male,31-50,Self-employed,Normal,Not a Pedestrian,No priority to vehicle,evening,2.0,1.0,3.0,23.0,2.0,0.0
Friday,__MISSING__,Male,Junior high school,Employee,5-10yr,Lorry (41?100Q),Owner,__MISSING__,No defect,Other,Two-way (divided with broken lines road marking),Tangent road with flat terrain,Crossing,Asphalt roads,Dry,Daylight,Normal,Vehicle with vehicle collision,Other,Driver or rider,Male,Over 51,Self-employed,Normal,Not a Pedestrian,No priority to vehicle,afternoon,1.0,1.0,2.0,16.0,2.0,0.0
Tuesday,Over 51,Male,Junior high school,Employee,5-10yr,Lorry (41?100Q),Owner,Above 10yr,__MISSING__,Church areas,Two-way (divided with broken lines road marking),Steep grade upward with mountainous terrain,Y Shape,Gravel roads,Dry,Daylight,Normal,Collision with roadside objects,Moving Backward,Passenger,Female,Over 51,__MISSING__,__MISSING__,Not a Pedestrian,No distancing,evening,2.0,1.0,3.0,18.0,3.0,0.0
Monday,31-50,Male,Junior high school,Employee,2-5yr,Automobile,Owner,Above 10yr,__MISSING__,Market areas,other,Steep grade downward with mountainous terrain,__MISSING__,Asphalt roads,Dry,Darkness - lights lit,Normal,Collision with pedestrians,Going straight,Pedestrian,Male,31-50,Student,Normal,Unknown or other,No priority to vehicle,evening,2.0,2.0,3.0,19.0,2.0,0.0
Tuesday,__MISSING__,Male,Writing & reading,Owner,5-10yr,Automobile,Owner,2-5yrs,__MISSING__,Office areas,Two-way (divided with broken lines road marking),Tangent road with flat terrain,No junction,Asphalt roads,Dry,Daylight,Normal,Vehicle with vehicle collision,Going straight,Driver or rider,Male,Under 18,Driver,Normal,Not a Pedestrian,No distancing,afternoon,3.0,1.0,3.0,16.0,2.0,0.0
Friday,18-30,Male,Junior high school,Employee,2-5yr,__MISSING__,Owner,__MISSING__,No defect,Church areas,Undivided Two way,Tangent road with flat terrain,Other,Asphalt roads,Dry,Daylight,Normal,Collision with pedestrians,Other,Driver or rider,Male,Under 18,__MISSING__,__MISSING__,Not a Pedestrian,Driving under the influence of drugs,morning,1.0,1.0,3.0,11.0,4.0,0.0
Sunday,Under 18,Male,__MISSING__,Employee,5-10yr,Public (13?45 seats),Owner,__MISSING__,No defect,Industrial areas,Undivided Two way,Tangent road with flat terrain,No junction,Asphalt roads,Dry,Daylight,Other,Vehicle with vehicle collision,Going straight,Driver or rider,Male,18-30,Driver,Normal,Not a Pedestrian,Other,afternoon,1.0,1.0,3.0,13.0,2.0,0.0
Sunday,__MISSING__,Male,Junior high school,Employee,Above 10yr,__MISSING__,Owner,__MISSING__,No defect,__MISSING__,Undivided Two way,Tangent road with flat terrain,Crossing,Asphalt roads,Wet or damp,Darkness - lights lit,Normal,Vehicle with vehicle collision,Going straight,Driver or rider,Male,18-30,Driver,Normal,Not a Pedestrian,Changing lane to the left,night,2.0,1.0,3.0,2.0,4.0,0.0
Thursday,31-50,Male,Junior high school,Employee,2-5yr,__MISSING__,Owner,__MISSING__,__MISSING__,Office areas,Undivided Two way,Tangent road with flat terrain,No junction,Asphalt roads,Wet or damp,Daylight,Raining,Collision with roadside objects,Getting off,__MISSING__,__MISSING__,__MISSING__,__MISSING__,__MISSING__,Not a Pedestrian,Moving Backward,morning,2.0,1.0,,8.0,9.0,0.0
Tuesday,__MISSING__,Male,Junior high school,Employee,1-2yr,Automobile,Owner,1-2yr,No defect,Office areas,Two-way (divided with broken lines road marking),Tangent road with flat terrain,Crossing,Gravel roads,Wet or damp,Daylight,Raining,Vehicle with vehicle collision,Going straight,Driver or rider,Male,18-30,Driver,Normal,Not a Pedestrian,Driving at high speed,morning,2.0,1.0,3.0,8.0,1.0,0.0
Saturday,31-50,Male,Above high school,Employee,2-5yr,Automobile,Owner,2-5yrs,No defect,Other,Two-way (divided with broken lines road marking),Tangent road with flat terrain,Y Shape,Asphalt roads,Dry,Daylight,Normal,Vehicle with vehicle collision,Going straight,Driver or rider,Male,18-30,__MISSING__,Normal,Not a Pedestrian,Driving carelessly,afternoon,2.0,1.0,3.0,14.0,1.0,0.0
Thursday,31-50,Male,Elementary school,Owner,Above 10yr,Long lorry,Owner,5-10yrs,No defect,Office areas,Undivided Two way,Tangent road with flat terrain,No junction,Asphalt roads,Dry,Daylight,Normal,Vehicle with vehicle collision,Turnover,Pedestrian,Male,18-30,__MISSING__,__MISSING__,Unknown or other,Overloading,afternoon,3.0,2.0,3.0,12.0,2.0,0.0
Wednesday,31-50,Male,High school,Employee,5-10yr,Automobile,Owner,2-5yrs,No defect,Office areas,Two-way (divided with broken lines road marking),Tangent road with flat terrain,No junction,Asphalt roads,Dry,Daylight,Normal,Vehicle with vehicle collision,Going straight,__MISSING__,__MISSING__,__MISSING__,__MISSING__,Normal,Not a Pedestrian,Other,morning,1.0,2.0,,11.0,5.0,0.0
Saturday,31-50,Male,Junior high school,Employee,5-10yr,Other,Owner,2-5yrs,__MISSING__,Other,Undivided Two way,Tangent road with flat terrain,No junction,Asphalt roads,Dry,Daylight,Normal,Vehicle with vehicle collision,Going straight,__MISSING__,__MISSING__,__MISSING__,Driver,Normal,Not a Pedestrian,Driving under the influence of drugs,afternoon,2.0,1.0,,15.0,5.0,0.0
Monday,Over 51,Male,Junior high school,Employee,2-5yr,Public (13?45 seats),Owner,__MISSING__,No defect,Office areas,Two-way (divided with broken lines road marking),Tangent road with flat terrain,Y Shape,Asphalt roads,Wet or damp,Daylight,Raining,Vehicle with vehicle collision,Stopping,Pedestrian,Female,Under 18,__MISSING__,__MISSING__,Crossing from nearside - masked by parked or statioNot a Pedestrianry vehicle,Changing lane to the right,afternoon,1.0,1.0,3.0,12.0,3.0,0.0
Tuesday,Under 18,Male,Junior high school,Employee,5-10yr,Lorry (41?100Q),Owner,__MISSING__,No defect,Office areas,Two-way (divided with broken lines road marking),Tangent road with flat terrain,__MISSING__,Earth roads,Dry,Darkness - lights lit,__MISSING__,Collision with pedestrians,Going straight,Driver or rider,Male,18-30,__MISSING__,__MISSING__,Not a Pedestrian,No distancing,night,1.0,2.0,2.0,5.0,5.0,0.0
Tuesday,18-30,Male,Junior high school,Employee,Above 10yr,Turbo,Owner,5-10yrs,__MISSING__,Church areas,Undivided Two way,Steep grade downward with mountainous terrain,No junction,Asphalt roads,Dry,Darkness - lights lit,Normal,Vehicle with vehicle collision,Going straight,Driver or rider,Male,31-50,Employee,Normal,Not a Pedestrian,Driving to the left,afternoon,2.0,2.0,3.0,17.0,1.0,0.0
Friday,31-50,Male,Elementary school,Employee,5-10yr,Automobile,Owner,5-10yrs,No defect,Other,Two-way (divided with broken lines road marking),Tangent road with rolling terrain,Y Shape,__MISSING__,Dry,Daylight,Normal,Vehicle with vehicle collision,Going straight,Passenger,Female,31-50,Self-employed,Normal,Not a Pedestrian,No distancing,evening,2.0,1.0,3.0,18.0,1.0,0.0
Wednesday,18-30,Male,__MISSING__,__MISSING__,__MISSING__,__MISSING__,__MISSING__,__MISSING__,__MISSING__,Residential areas,other,__MISSING__,Crossing,Asphalt roads with some distress,Dry,Daylight,Normal,Collision with animals,Turnover,__MISSING__,__MISSING__,__MISSING__,Driver,Normal,Not a Pedestrian,Improper parking,evening,2.0,3.0,,18.0,12.0,0.0
Sunday,__MISSING__,Female,Junior high school,Employee,5-10yr,Public (12 seats),Owner,5-10yrs,7,__MISSING__,Two-way (divided with broken lines road marking),Tangent road with flat terrain,No junction,Asphalt roads,Dry,Daylight,__MISSING__,Vehicle with vehicle collision,Going straight,__MISSING__,__MISSING__,__MISSING__,Driver,Normal,Not a Pedestrian,No priority to vehicle,afternoon,2.0,2.0,,14.0,7.0,0.0
Wednesday,31-50,Male,High school,Owner,5-10yr,Lorry (41?100Q),Owner,__MISSING__,No defect,Residential areas,Double carriageway (median),Tangent road with flat terrain,Y Shape,Asphalt roads,Dry,Daylight,Normal,Vehicle with vehicle collision,Going straight,Driver or rider,Female,31-50,__MISSING__,__MISSING__,Not a Pedestrian,Overtaking,morning,2.0,1.0,3.0,8.0,3.0,0.0
Friday,18-30,Male,Junior high school,Owner,Below 1yr,Public (> 45 seats),Owner,1-2yr,No defect,Other,One way,Tangent road with flat terrain,Crossing,Asphalt roads,Dry,Daylight,Normal,Collision with pedestrians,Getting off,__MISSING__,__MISSING__,__MISSING__,Driver,Normal,Not a Pedestrian,Changing lane to the left,morning,2.0,3.0,,10.0,4.0,0.0
Wednesday,31-50,Male,Junior high school,Employee,5-10yr,Stationwagen,Owner,Above 10yr,__MISSING__,Other,Undivided Two way,Tangent road with flat terrain,__MISSING__,Asphalt roads,Wet or damp,Daylight,Raining,Vehicle with vehicle collision,Moving Backward,Driver or rider,Male,31-50,Driver,Normal,Not a Pedestrian,No distancing,afternoon,1.0,1.0,3.0,17.0,2.0,0.0
Thursday,18-30,Male,Junior high school,Employee,2-5yr,Public (13?45 seats),Owner,__MISSING__,No defect,Office areas,Double carriageway (median),Tangent road with flat terrain,Crossing,Earth roads,Dry,Darkness - lights lit,Normal,Vehicle with vehicle collision,Other,Passenger,Female,Under 18,Self-employed,Normal,Not a Pedestrian,No distancing,evening,2.0,1.0,3.0,18.0,1.0,0.0
Monday,Over 51,Male,Junior high school,Employee,5-10yr,Automobile,Owner,5-10yrs,__MISSING__,Office areas,Undivided Two way,Tangent road with flat terrain,No junction,Asphalt roads,Dry,Daylight,Normal,Vehicle with vehicle collision,Going straight,__MISSING__,__MISSING__,__MISSING__,Employee,Normal,Not a Pedestrian,Changing lane to the left,afternoon,3.0,1.0,,15.0,5.0,0.0
Friday,Over 51,Male,Junior high school,Employee,5-10yr,Automobile,Owner,Below 1yr,__MISSING__,Office areas,Two-way (divided with broken lines road marking),Tangent road with flat terrain,Y Shape,Asphalt roads,Dry,Daylight,Normal,Vehicle with vehicle collision,Going straight,__MISSING__,__MISSING__,__MISSING__,Driver,Normal,Not a Pedestrian,__MISSING__,morning,2.0,3.0,,9.0,6.0,0.0
Tuesday,31-50,Male,Junior high school,Employee,5-10yr,Public (> 45 seats),Owner,1-2yr,No defect,Office areas,Undivided Two way,Tangent road with flat terrain,Y Shape,Asphalt roads,Dry,Daylight,Normal,Vehicle with vehicle collision,Other,Driver or rider,Male,31-50,Other,Normal,Not a Pedestrian,Overtaking,afternoon,2.0,1.0,3.0,15.0,0.0,0.0
Tuesday,18-30,Male,Junior high school,Owner,2-5yr,Lorry (41?100Q),Owner,__MISSING__,No defect,Office areas,Undivided Two way,Tangent road with flat terrain,O Shape,Asphalt roads,Wet or damp,Darkness - lights lit,Raining,Collision with roadside objects,Moving Backward,Pedestrian,Male,Under 18,__MISSING__,__MISSING__,Crossing from nearside - masked by parked or statioNot a Pedestrianry vehicle,Changing lane to the left,evening,2.0,1.0,2.0,18.0,3.0,0.0
Saturday,31-50,Male,Junior high school,Employee,5-10yr,Public (13?45 seats),Owner,__MISSING__,No defect,Residential areas,Undivided Two way,Tangent road with flat terrain,Y Shape,Asphalt roads,Dry,Daylight,Normal,Vehicle with vehicle collision,Moving Backward,__MISSING__,__MISSING__,__MISSING__,Driver,Normal,Not a Pedestrian,Driving carelessly,afternoon,2.0,2.0,,16.0,5.0,0.0
Monday,18-30,Female,Junior high school,Employee,Below 1yr,Automobile,Owner,Above 10yr,No defect,Residential areas,Two-way (divided with broken lines road marking),Tangent road with flat terrain,No junction,Asphalt roads,Dry,Daylight,Normal,Collision with roadside objects,Other,Driver or rider,Male,18-30,Driver,Normal,Not a Pedestrian,Driving under the influence of drugs,morning,2.0,1.0,3.0,11.0,0.0,0.0
Friday,31-50,Male,Elementary school,Owner,Above 10yr,Automobile,Owner,__MISSING__,No defect,Other,Undivided Two way,Tangent road with flat terrain,Crossing,Asphalt roads,Wet or damp,Daylight,Normal,Collision with roadside objects,Moving Backward,Driver or rider,Male,31-50,__MISSING__,__MISSING__,Not a Pedestrian,Changing lane to the right,morning,1.0,2.0,3.0,10.0,3.0,0.0
Friday,18-30,Male,Above high school,Employee,2-5yr,Lorry (41?100Q),Owner,__MISSING__,No defect,Residential areas,Undivided Two way,Tangent road with flat terrain,Y Shape,Asphalt roads,Dry,Daylight,Normal,Collision with pedestrians,Going straight,Driver or rider,Male,18-30,Driver,Normal,Not a Pedestrian,Other,afternoon,2.0,1.0,3.0,14.0,1.0,0.0
Sunday,18-30,Male,__MISSING__,Employee,5-10yr,Automobile,Owner,2-5yrs,__MISSING__,Other,Undivided Two way,Tangent road with flat terrain,Crossing,Asphalt roads,Dry,Daylight,Normal,Collision with roadside objects,Other,Driver or rider,Male,31-50,__MISSING__,Normal,Not a Pedestrian,Other,afternoon,2.0,1.0,3.0,14.0,3.0,0.0
Saturday,31-50,Male,High school,Owner,5-10yr,Automobile,Owner,Above 10yr,No defect,School areas,Undivided Two way,Tangent road with flat terrain,__MISSING__,Asphalt roads,Wet or damp,Daylight,Raining,Vehicle with vehicle collision,Getting off,Driver or rider,Male,18-30,__MISSING__,__MISSING__,Not a Pedestrian,No distancing,afternoon,2.0,2.0,3.0,14.0,3.0,0.0
Monday,Over 51,Male,Junior high school,Employee,1-2yr,Stationwagen,Owner,__MISSING__,No defect,Recreational areas,Two-way (divided with broken lines road marking),Tangent road with flat terrain,No junction,Asphalt roads,Wet or damp,Daylight,Normal,Vehicle with vehicle collision,Going straight,Driver or rider,Male,31-50,Self-employed,Normal,Not a Pedestrian,Moving Backward,morning,2.0,1.0,3.0,9.0,1.0,0.0
Tuesday,18-30,Male,Junior high school,Employee,Below 1yr,__MISSING__,Governmental,Below 1yr,No defect,Outside rural areas,Undivided Two way,Tangent road with flat terrain,Y Shape,Asphalt roads,Dry,Daylight,Normal,Vehicle with vehicle collision,Entering a junction,Pedestrian,Male,Under 18,__MISSING__,__MISSING__,Crossing from driver's nearside,Moving Backward,morning,2.0,1.0,3.0,8.0,3.0,0.0
Sunday,18-30,Male,Junior high school,Owner,1-2yr,Automobile,Owner,Above 10yr,No defect,Office areas,Undivided Two way,Tangent road with flat terrain,Other,Asphalt roads,Dry,Daylight,Normal,Vehicle with vehicle collision,Going straight,Passenger,Female,31-50,__MISSING__,__MISSING__,Not a Pedestrian,Driving at high speed,evening,2.0,2.0,3.0,18.0,2.0,0.0
Friday,18-30,Male,Junior high school,Employee,2-5yr,Automobile,Governmental,Above 10yr,No defect,Residential areas,other,Tangent road with flat terrain,Y Shape,Asphalt roads,Dry,Daylight,Normal,Vehicle with vehicle collision,U-Turn,__MISSING__,__MISSING__,__MISSING__,__MISSING__,Normal,Not a Pedestrian,No priority to vehicle,afternoon,2.0,1.0,,17.0,5.0,0.0
Sunday,31-50,Male,Junior high school,Employee,2-5yr,Pick up upto 10Q,Owner,__MISSING__,No defect,Other,Two-way (divided with broken lines road marking),Tangent road with flat terrain,Y Shape,Asphalt roads,Dry,Darkness - lights lit,Normal,Collision with roadside objects,Going straight,__MISSING__,__MISSING__,__MISSING__,Employee,Normal,Not a Pedestrian,No distancing,evening,2.0,1.0,,21.0,5.0,0.0
Sunday,18-30,Male,Junior high school,Employee,2-5yr,Public (13?45 seats),Owner,5-10yrs,No defect,Other,Undivided Two way,Tangent road with flat terrain,Y Shape,Asphalt roads,Dry,Daylight,Normal,Vehicle with vehicle collision,__MISSING__,__MISSING__,__MISSING__,__MISSING__,Driver,Normal,Not a Pedestrian,Moving Backward,morning,2.0,1.0,,11.0,5.0,0.0
Thursday,18-30,Male,Junior high school,Owner,Below 1yr,Pick up upto 10Q,Owner,1-2yr,__MISSING__,Office areas,Two-way (divided with broken lines road marking),Tangent road with mild grade and flat terrain,Y Shape,Asphalt roads,Dry,Daylight,Normal,Vehicle with vehicle collision,Going straight,__MISSING__,__MISSING__,__MISSING__,Driver,Normal,Not a Pedestrian,Driving carelessly,afternoon,2.0,1.0,,13.0,5.0,0.0
Thursday,18-30,Male,Elementary school,Employee,__MISSING__,Automobile,Governmental,1-2yr,No defect,Other,Undivided Two way,Tangent road with flat terrain,No junction,Asphalt roads,Dry,Daylight,Normal,Vehicle with vehicle collision,Going straight,__MISSING__,__MISSING__,__MISSING__,Self-employed,Normal,Not a Pedestrian,No priority to vehicle,morning,2.0,3.0,,10.0,5.0,0.0
Saturday,31-50,Male,Junior high school,Employee,Above 10yr,Lorry (41?100Q),Owner,2-5yrs,__MISSING__,Office areas,Two-way (divided with broken lines road marking),Tangent road with mountainous terrain and,Y Shape,Asphalt roads,Dry,Daylight,Normal,Vehicle with vehicle collision,Going straight,Driver or rider,Male,18-30,Self-employed,NormalNormal,Not a Pedestrian,Overspeed,evening,3.0,1.0,3.0,21.0,1.0,0.0
Wednesday,31-50,Male,Elementary school,Owner,5-10yr,Pick up upto 10Q,Owner,__MISSING__,No defect,Residential areas,Undivided Two way,Tangent road with flat terrain,Crossing,Asphalt roads,Dry,Darkness - lights lit,Normal,Vehicle with vehicle collision,Going straight,Driver or rider,Male,18-30,__MISSING__,__MISSING__,Not a Pedestrian,Overtaking,evening,2.0,2.0,3.0,21.0,3.0,0.0
Friday,__MISSING__,Female,Junior high school,Employee,Below 1yr,Automobile,Owner,__MISSING__,No defect,Church areas,Undivided Two way,Tangent road with flat terrain,No junction,Asphalt roads,Dry,Darkness - lights lit,Normal,Vehicle with vehicle collision,Going straight,__MISSING__,__MISSING__,__MISSING__,__MISSING__,__MISSING__,Not a Pedestrian,Changing lane to the right,night,4.0,1.0,,3.0,8.0,0.0
Sunday,Under 18,Male,Junior high school,Employee,Above 10yr,Pick up upto 10Q,Owner,__MISSING__,No defect,Residential areas,Undivided Two way,Tangent road with flat terrain,Y Shape,Asphalt roads,Dry,Darkness - lights lit,Normal,Vehicle with vehicle collision,Going straight,Passenger,Male,18-30,__MISSING__,__MISSING__,Not a Pedestrian,No distancing,night,2.0,2.0,3.0,0.0,3.0,0.0
Thursday,Over 51,Male,Junior high school,Employee,Above 10yr,Stationwagen,Governmental,Below 1yr,No defect,Residential areas,other,Steep grade downward with mountainous terrain,Crossing,Asphalt roads,Wet or damp,Daylight,Normal,Vehicle with vehicle collision,Going straight,__MISSING__,__MISSING__,__MISSING__,Self-employed,Normal,Not a Pedestrian,Overtaking,afternoon,2.0,2.0,,16.0,4.0,0.0
Friday,31-50,Male,Writing & reading,Employee,Below 1yr,Public (13?45 seats),Owner,2-5yrs,No defect,Other,other,Tangent road with flat terrain,__MISSING__,Asphalt roads,Dry,Daylight,Normal,Vehicle with vehicle collision,Going straight,__MISSING__,__MISSING__,__MISSING__,__MISSING__,Normal,Not a Pedestrian,Driving carelessly,afternoon,3.0,2.0,,13.0,6.0,0.0
Thursday,18-30,Male,Junior high school,Employee,Above 10yr,Public (12 seats),Owner,__MISSING__,No defect,Office areas,Two-way (divided with broken lines road marking),Tangent road with flat terrain,__MISSING__,Asphalt roads,Dry,Daylight,Normal,Vehicle with vehicle collision,Going straight,__MISSING__,__MISSING__,__MISSING__,Driver,Normal,Not a Pedestrian,Changing lane to the right,morning,2.0,1.0,,7.0,6.0,0.0
Tuesday,18-30,Male,Above high school,Owner,5-10yr,Lorry (41?100Q),Owner,__MISSING__,No defect,Office areas,Two-way (divided with broken lines road marking),Tangent road with mild grade and flat terrain,Other,Asphalt roads,Dry,Daylight,Normal,Vehicle with vehicle collision,Other,Pedestrian,Male,18-30,Driver,Normal,Unknown or other,Moving Backward,evening,2.0,2.0,3.0,19.0,1.0,0.0
Monday,18-30,Male,Above high school,Owner,5-10yr,Automobile,Owner,Below 1yr,No defect,Office areas,Two-way (divided with broken lines road marking),Tangent road with flat terrain,No junction,__MISSING__,Dry,Daylight,Normal,Collision with roadside objects,Turnover,__MISSING__,__MISSING__,__MISSING__,__MISSING__,__MISSING__,Not a Pedestrian,Changing lane to the right,afternoon,2.0,1.0,,16.0,7.0,0.0
Sunday,31-50,Male,Elementary school,Employee,Above 10yr,Automobile,Owner,2-5yrs,No defect,Other,Undivided Two way,Tangent road with flat terrain,__MISSING__,Asphalt roads,Wet or damp,Darkness - lights lit,Normal,Vehicle with vehicle collision,Going straight,Driver or rider,Male,31-50,Driver,Normal,Not a Pedestrian,Changing lane to the left,morning,2.0,5.0,3.0,8.0,1.0,1.0
Friday,31-50,Male,Junior high school,Employee,2-5yr,Public (13?45 seats),Owner,2-5yrs,__MISSING__,Other,Undivided Two way,Tangent road with flat terrain,Other,Asphalt roads,Dry,Daylight,Normal,Vehicle with vehicle collision,Going straight,Driver or rider,Male,18-30,Driver,Normal,Not a Pedestrian,Changing lane to the left,evening,2.0,4.0,3.0,18.0,1.0,1.0
Monday,Over 51,Male,Junior high school,Employee,Above 10yr,Lorry (11?40Q),Owner,2-5yrs,__MISSING__,Church areas,Two-way (divided with broken lines road marking),Tangent road with flat terrain,Y Shape,Asphalt roads,Wet or damp,Daylight,Normal,Collision with pedestrians,Reversing,__MISSING__,__MISSING__,__MISSING__,Driver,Normal,Not a Pedestrian,Changing lane to the right,afternoon,1.0,2.0,,13.0,5.0,0.0
Monday,31-50,Male,Elementary school,Employee,Above 10yr,Stationwagen,Owner,1-2yr,No defect,Hospital areas,Undivided Two way,Tangent road with flat terrain,Y Shape,Asphalt roads,Dry,Daylight,Normal,Collision with roadside objects,Going straight,Driver or rider,Male,Under 18,__MISSING__,__MISSING__,Not a Pedestrian,Moving Backward,afternoon,2.0,1.0,3.0,17.0,2.0,0.0
Friday,Over 51,Male,Junior high school,Employee,Above 10yr,Special vehicle,Owner,2-5yrs,__MISSING__,Other,Two-way (divided with broken lines road marking),Tangent road with flat terrain,Other,Asphalt roads,Dry,Daylight,Normal,Vehicle with vehicle collision,Turnover,__MISSING__,__MISSING__,__MISSING__,__MISSING__,__MISSING__,Not a Pedestrian,Changing lane to the right,evening,2.0,1.0,,20.0,7.0,0.0
Wednesday,18-30,Male,Junior high school,Employee,Above 10yr,Automobile,Owner,__MISSING__,__MISSING__,Other,Undivided Two way,Tangent road with flat terrain,__MISSING__,Asphalt roads,Wet or damp,Daylight,Raining,Collision with roadside objects,Going straight,Driver or rider,Male,18-30,__MISSING__,__MISSING__,Not a Pedestrian,No priority to vehicle,morning,2.0,4.0,3.0,8.0,5.0,1.0
Thursday,18-30,Male,Junior high school,Employee,__MISSING__,__MISSING__,Owner,__MISSING__,No defect,School areas,Undivided Two way,Tangent road with flat terrain,Y Shape,Asphalt roads,Dry,Darkness - lights lit,Normal,Vehicle with vehicle collision,Going straight,Pedestrian,Male,18-30,Driver,Normal,Unknown or other,Other,evening,1.0,1.0,3.0,19.0,3.0,0.0
Tuesday,31-50,Male,Elementary school,Employee,2-5yr,Lorry (41?100Q),Owner,1-2yr,No defect,__MISSING__,Undivided Two way,Tangent road with flat terrain,No junction,Asphalt roads,Dry,Daylight,Normal,Vehicle with vehicle collision,Going straight,__MISSING__,__MISSING__,__MISSING__,Driver,Normal,Not a Pedestrian,Driving carelessly,afternoon,1.0,1.0,,12.0,5.0,0.0
Sunday,31-50,Male,Junior high school,Employee,2-5yr,Public (13?45 seats),Owner,1-2yr,No defect,Other,Double carriageway (median),Tangent road with flat terrain,__MISSING__,Asphalt roads,Dry,Darkness - lights lit,Normal,Rollover,Going straight,__MISSING__,__MISSING__,__MISSING__,__MISSING__,__MISSING__,Not a Pedestrian,Driving carelessly,afternoon,3.0,1.0,,14.0,7.0,0.0
Tuesday,31-50,Male,Junior high school,Employee,Above 10yr,__MISSING__,Owner,__MISSING__,No defect,Other,Two-way (divided with broken lines road marking),Tangent road with flat terrain,Y Shape,Asphalt roads,Dry,Daylight,Normal,Collision with roadside objects,Moving Backward,Pedestrian,Male,31-50,Driver,Normal,Not a Pedestrian,Driving under the influence of drugs,morning,4.0,2.0,3.0,8.0,2.0,0.0
Monday,31-50,Male,High school,Employee,Above 10yr,Automobile,Owner,__MISSING__,No defect,Office areas,Two-way (divided with solid lines road marking),Tangent road with flat terrain,Y Shape,Asphalt roads,Wet or damp,Daylight,Raining,Vehicle with vehicle collision,Going straight,Driver or rider,Male,31-50,Unemployed,Normal,Not a Pedestrian,Driving to the left,morning,2.0,1.0,3.0,7.0,1.0,0.0
Friday,Over 51,Male,Junior high school,Employee,5-10yr,Stationwagen,Owner,__MISSING__,No defect,Church areas,Two-way (divided with solid lines road marking),Tangent road with flat terrain,No junction,Asphalt roads,Wet or damp,Darkness - lights lit,Normal,Collision with roadside objects,Turnover,Pedestrian,Female,Under 18,Driver,Normal,Crossing from nearside - masked by parked or statioNot a Pedestrianry vehicle,Getting off the vehicle improperly,morning,2.0,1.0,3.0,6.0,1.0,0.0
Monday,31-50,Male,Elementary school,Employee,5-10yr,Pick up upto 10Q,Owner,__MISSING__,No defect,Office areas,Two-way (divided with broken lines road marking),Tangent road with mountainous terrain and,No junction,Asphalt roads,Dry,Daylight,Normal,Vehicle with vehicle collision,Overtaking,__MISSING__,__MISSING__,__MISSING__,Employee,Normal,Not a Pedestrian,No distancing,afternoon,2.0,1.0,,13.0,5.0,0.0
Wednesday,18-30,Male,Writing & reading,Employee,Below 1yr,Lorry (41?100Q),Owner,__MISSING__,__MISSING__,Office areas,Undivided Two way,Tangent road with flat terrain,No junction,Asphalt roads,Dry,Daylight,Normal,Vehicle with vehicle collision,Going straight,Passenger,Female,31-50,__MISSING__,__MISSING__,Not a Pedestrian,Changing lane to the right,evening,2.0,4.0,3.0,18.0,4.0,1.0
Sunday,18-30,Male,Junior high school,Employee,1-2yr,Lorry (41?100Q),Owner,2-5yrs,__MISSING__,Residential areas,Undivided Two way,Tangent road with flat terrain,Y Shape,Asphalt roads,Wet or damp,Darkness - lights lit,Raining,Vehicle with vehicle collision,Going straight,Driver or rider,Female,31-50,Driver,Normal,Not a Pedestrian,No distancing,evening,2.0,1.0,2.0,20.0,1.0,0.0
Sunday,31-50,Male,Junior high school,Owner,Above 10yr,Special vehicle,Owner,__MISSING__,No defect,Other,Double carriageway (median),Steep grade downward with mountainous terrain,Y Shape,Asphalt roads,Dry,Daylight,Normal,Collision with roadside objects,Going straight,__MISSING__,__MISSING__,__MISSING__,Self-employed,Normal,Not a Pedestrian,Changing lane to the left,morning,2.0,1.0,,7.0,5.0,0.0
Thursday,Under 18,Male,Junior high school,Employee,5-10yr,Other,Owner,2-5yrs,__MISSING__,Other,Undivided Two way,Tangent road with mountainous terrain and,Y Shape,Asphalt roads,Dry,Daylight,Other,Vehicle with vehicle collision,__MISSING__,__MISSING__,__MISSING__,__MISSING__,Driver,__MISSING__,Not a Pedestrian,Getting off the vehicle improperly,afternoon,2.0,4.0,,14.0,7.0,1.0
Friday,31-50,Male,Junior high school,Employee,2-5yr,Automobile,Owner,Below 1yr,__MISSING__,Office areas,Two-way (divided with broken lines road marking),Tangent road with flat terrain,Crossing,Asphalt roads,Dry,Daylight,Normal,Vehicle with vehicle collision,Going straight,Driver or rider,Female,Over 51,Self-employed,Normal,Not a Pedestrian,Getting off the vehicle improperly,afternoon,2.0,1.0,3.0,14.0,1.0,0.0
Sunday,18-30,Male,Junior high school,Employee,2-5yr,Public (> 45 seats),Owner,__MISSING__,No defect,Church areas,Two-way (divided with broken lines road marking),Tangent road with flat terrain,No junction,Asphalt roads,Wet or damp,Daylight,Windy,Vehicle with vehicle collision,Other,Driver or rider,Male,Over 51,Driver,Normal,Not a Pedestrian,Driving carelessly,afternoon,2.0,3.0,3.0,15.0,1.0,0.0
Saturday,18-30,Male,High school,Owner,2-5yr,Automobile,Owner,__MISSING__,No defect,Church areas,Undivided Two way,Tangent road with flat terrain,No junction,Asphalt roads,Dry,Darkness - lights lit,Normal,Collision with animals,Going straight,__MISSING__,__MISSING__,__MISSING__,__MISSING__,__MISSING__,Not a Pedestrian,Changing lane to the right,evening,1.0,1.0,,23.0,7.0,0.0
Sunday,31-50,Male,Elementary school,Employee,5-10yr,Other,Governmental,__MISSING__,No defect,Residential areas,other,Tangent road with flat terrain,__MISSING__,Asphalt roads,Wet or damp,Darkness - lights lit,Other,Vehicle with vehicle collision,Going straight,__MISSING__,__MISSING__,__MISSING__,__MISSING__,__MISSING__,Not a Pedestrian,No priority to vehicle,evening,2.0,1.0,,20.0,8.0,0.0
Tuesday,__MISSING__,Male,__MISSING__,Owner,Above 10yr,Automobile,Owner,__MISSING__,No defect,Office areas,Undivided Two way,Tangent road with flat terrain,No junction,Asphalt roads,Dry,Daylight,Normal,Vehicle with vehicle collision,Going straight,Driver or rider,Male,31-50,__MISSING__,Normal,Not a Pedestrian,Driving carelessly,afternoon,2.0,1.0,3.0,13.0,4.0,0.0
Saturday,18-30,Male,Elementary school,Other,5-10yr,Public (12 seats),Owner,__MISSING__,No defect,School areas,Undivided Two way,Tangent road with flat terrain,Y Shape,Asphalt roads,Dry,Daylight,Normal,Collision with pedestrians,Going straight,Driver or rider,Male,18-30,Employee,Normal,Not a Pedestrian,Changing lane to the left,afternoon,2.0,1.0,3.0,14.0,1.0,0.0
Sunday,18-30,Male,Junior high school,Employee,2-5yr,Automobile,Owner,__MISSING__,No defect,Residential areas,Undivided Two way,Tangent road with flat terrain,No junction,__MISSING__,Dry,Darkness - lights lit,Normal,Vehicle with vehicle collision,Going straight,Driver or rider,Male,Under 18,__MISSING__,__MISSING__,Not a Pedestrian,Driving carelessly,night,1.0,1.0,3.0,1.0,4.0,0.0
Monday,18-30,Male,Junior high school,Employee,5-10yr,Stationwagen,Owner,__MISSING__,No defect,Other,Two-way (divided with broken lines road marking),Tangent road with flat terrain,No junction,Asphalt roads,Dry,Daylight,Normal,Vehicle with vehicle collision,Going straight,Driver or rider,Male,31-50,Driver,Normal,Not a Pedestrian,Overspeed,evening,2.0,2.0,3.0,19.0,1.0,0.0
Saturday,31-50,Male,Elementary school,Employee,1-2yr,Lorry (11?40Q),Owner,__MISSING__,No defect,Office areas,Two-way (divided with broken lines road marking),Tangent road with flat terrain,No junction,Asphalt roads,Dry,Daylight,Normal,Vehicle with vehicle collision,Stopping,__MISSING__,__MISSING__,__MISSING__,Driver,Normal,Not a Pedestrian,Driving carelessly,afternoon,2.0,2.0,,16.0,5.0,0.0
Sunday,18-30,Male,High school,Employee,Below 1yr,Automobile,Owner,__MISSING__,No defect,Other,Undivided Two way,Tangent road with flat terrain,Crossing,Asphalt roads,Dry,Daylight,Normal,Vehicle with vehicle collision,Going straight,Driver or rider,Male,31-50,__MISSING__,__MISSING__,Not a Pedestrian,Overtaking,afternoon,4.0,7.0,3.0,13.0,3.0,1.0
Sunday,18-30,Male,Junior high school,Owner,Below 1yr,Other,Owner,1-2yr,No defect,Other,One way,Tangent road with flat terrain,No junction,Gravel roads,Dry,Daylight,Normal,Vehicle with vehicle collision,Going straight,Driver or rider,Female,18-30,Driver,Normal,Not a Pedestrian,Driving carelessly,morning,2.0,3.0,3.0,11.0,0.0,0.0
Tuesday,31-50,Male,Junior high school,Employee,2-5yr,Public (13?45 seats),Owner,5-10yrs,__MISSING__,Hospital areas,other,Steep grade downward with mountainous terrain,Crossing,Asphalt roads,Wet or damp,Darkness - lights lit,Normal,Vehicle with vehicle collision,Going straight,Driver or rider,Male,31-50,Driver,Normal,Not a Pedestrian,No priority to vehicle,afternoon,2.0,1.0,3.0,17.0,1.0,0.0
Sunday,31-50,Male,Elementary school,Employee,5-10yr,Public (13?45 seats),Owner,__MISSING__,__MISSING__,Office areas,Two-way (divided with broken lines road marking),Tangent road with flat terrain,Crossing,Asphalt roads,Dry,Daylight,Normal,Vehicle with vehicle collision,Going straight,Driver or rider,Female,Under 18,Driver,Normal,Not a Pedestrian,No distancing,afternoon,3.0,1.0,2.0,16.0,2.0,0.0
Wednesday,Under 18,Male,High school,Employee,5-10yr,Lorry (11?40Q),Owner,2-5yrs,__MISSING__,Office areas,Two-way (divided with broken lines road marking),Tangent road with mountainous terrain and,No junction,Asphalt roads,Wet or damp,Darkness - lights lit,Raining,Vehicle with vehicle collision,Going straight,Driver or rider,Male,18-30,Self-employed,Normal,Not a Pedestrian,No distancing,evening,2.0,2.0,3.0,18.0,1.0,0.0
Sunday,18-30,Male,Junior high school,Employee,5-10yr,Public (> 45 seats),Owner,2-5yrs,No defect,Church areas,Undivided Two way,Tangent road with flat terrain,Y Shape,Asphalt roads,Dry,Daylight,Normal,Collision with roadside objects,Going straight,Driver or rider,Male,31-50,Driver,Normal,Not a Pedestrian,Other,morning,3.0,1.0,3.0,11.0,0.0,0.0
Sunday,31-50,Male,Junior high school,Employee,Below 1yr,Automobile,Governmental,__MISSING__,__MISSING__,Other,Two-way (divided with broken lines road marking),Tangent road with flat terrain,No junction,Asphalt roads,Dry,Darkness - lights lit,Normal,Vehicle with vehicle collision,Going straight,Passenger,Male,Over 51,Driver,Normal,Not a Pedestrian,Moving Backward,night,4.0,2.0,3.0,2.0,2.0,0.0
Wednesday,Under 18,Male,Junior high school,Employee,5-10yr,__MISSING__,Governmental,__MISSING__,No defect,School areas,Double carriageway (median),Tangent road with flat terrain,Y Shape,Asphalt roads,Wet or damp,Darkness - lights lit,Raining,Vehicle with vehicle collision,Going straight,Driver or rider,Male,31-50,__MISSING__,Normal,Not a Pedestrian,No priority to pedestrian,night,2.0,4.0,3.0,0.0,3.0,1.0
Thursday,__MISSING__,Female,__MISSING__,Employee,2-5yr,Automobile,Owner,__MISSING__,No defect,Office areas,other,Tangent road with flat terrain,Y Shape,Asphalt roads,Wet or damp,Daylight,Normal,Collision with roadside objects,Going straight,Driver or rider,Male,18-30,Driver,Normal,Not a Pedestrian,Driving under the influence of drugs,afternoon,1.0,1.0,3.0,15.0,3.0,0.0
Friday,31-50,Male,High school,Owner,5-10yr,Lorry (41?100Q),Governmental,2-5yrs,__MISSING__,Other,Two-way (divided with broken lines road marking),Tangent road with flat terrain,No junction,Asphalt roads,Dry,Daylight,Normal,Rollover,Going straight,Pedestrian,Female,18-30,Driver,Normal,Crossing from nearside - masked by parked or statioNot a Pedestrianry vehicle,Changing lane to the right,afternoon,2.0,3.0,3.0,16.0,1.0,0.0
Saturday,18-30,Male,Junior high school,Employee,2-5yr,Motorcycle,Owner,__MISSING__,No defect,Office areas,Double carriageway (median),Tangent road with flat terrain,Crossing,Asphalt roads,Snow,Daylight,Snow,Collision with pedestrians,Going straight,Passenger,Male,18-30,Self-employed,Normal,Not a Pedestrian,Driving carelessly,afternoon,3.0,2.0,3.0,12.0,1.0,0.0
Wednesday,18-30,Male,Elementary school,Other,5-10yr,__MISSING__,Owner,2-5yrs,__MISSING__,Office areas,Undivided Two way,Tangent road with flat terrain,__MISSING__,Asphalt roads,Wet or damp,Daylight,Normal,Vehicle with vehicle collision,Going straight,Passenger,Female,18-30,Driver,Normal,Not a Pedestrian,Driving under the influence of drugs,morning,3.0,2.0,3.0,10.0,3.0,0.0
Thursday,__MISSING__,Male,Elementary school,Employee,5-10yr,Lorry (41?100Q),Owner,__MISSING__,__MISSING__,Office areas,Undivided Two way,Tangent road with flat terrain,Y Shape,Asphalt roads,Dry,Daylight,Normal,Collision with pedestrians,Going straight,__MISSING__,__MISSING__,__MISSING__,__MISSING__,__MISSING__,Not a Pedestrian,Driving carelessly,afternoon,2.0,1.0,,14.0,9.0,0.0
Thursday,__MISSING__,Female,Elementary school,Employee,Below 1yr,Automobile,Owner,__MISSING__,No defect,Office areas,__MISSING__,Tangent road with flat terrain,No junction,Asphalt roads,Dry,Daylight,Normal,Collision with roadside objects,Going straight,Driver or rider,Male,18-30,Driver,Normal,Not a Pedestrian,Driving carelessly,morning,1.0,1.0,3.0,11.0,3.0,0.0
Saturday,31-50,Male,Junior high school,Employee,2-5yr,Public (12 seats),Owner,__MISSING__,No defect,Office areas,Two-way (divided with broken lines road marking),Tangent road with flat terrain,No junction,Asphalt roads,Dry,Daylight,Normal,Collision with roadside objects,U-Turn,Driver or rider,Female,18-30,__MISSING__,__MISSING__,Not a Pedestrian,Moving Backward,afternoon,2.0,3.0,3.0,12.0,3.0,0.0
Sunday,18-30,Male,Junior high school,Employee,2-5yr,Lorry (41?100Q),Owner,__MISSING__,No defect,Church areas,Double carriageway (median),Tangent road with flat terrain,No junction,Asphalt roads,Wet or damp,Daylight,Snow,Vehicle with vehicle collision,Going straight,Driver or rider,Male,31-50,Driver,Normal,Not a Pedestrian,Changing lane to the right,afternoon,2.0,1.0,3.0,13.0,1.0,0.0
Friday,31-50,Male,Junior high school,Employee,Above 10yr,Automobile,Owner,__MISSING__,__MISSING__,Office areas,Undivided Two way,Tangent road with flat terrain,Y Shape,Asphalt roads with some distress,Dry,Daylight,Normal,Vehicle with vehicle collision,Other,__MISSING__,__MISSING__,__MISSING__,__MISSING__,__MISSING__,Not a Pedestrian,Changing lane to the left,morning,2.0,1.0,,9.0,8.0,0.0
Monday,18-30,Female,Junior high school,Employee,Below 1yr,Stationwagen,Owner,5-10yrs,No defect,Other,Two-way (divided with broken lines road marking),Tangent road with flat terrain,Other,Asphalt roads,Dry,Daylight,Normal,Vehicle with vehicle collision,Waiting to go,Driver or rider,Male,Over 51,Driver,Normal,Not a Pedestrian,Changing lane to the right,afternoon,2.0,1.0,3.0,17.0,0.0,0.0
Wednesday,18-30,Male,Above high school,Employee,5-10yr,Other,Owner,__MISSING__,__MISSING__,Recreational areas,Two-way (divided with broken lines road marking),Tangent road with flat terrain,__MISSING__,Asphalt roads,Dry,Daylight,Normal,Vehicle with vehicle collision,Stopping,Driver or rider,Female,Over 51,Self-employed,Normal,Not a Pedestrian,Changing lane to the left,morning,2.0,1.0,3.0,7.0,3.0,0.0
Saturday,31-50,Male,High school,Employee,Above 10yr,Automobile,Owner,2-5yrs,No defect,Other,Undivided Two way,Tangent road with flat terrain,Y Shape,Asphalt roads,Dry,Daylight,Normal,Collision with pedestrians,__MISSING__,Driver or rider,Male,18-30,__MISSING__,Normal,Not a Pedestrian,Changing lane to the left,afternoon,2.0,1.0,3.0,17.0,2.0,0.0
Tuesday,Over 51,Male,Junior high school,Employee,Above 10yr,Automobile,Owner,1-2yr,__MISSING__,Office areas,Undivided Two way,Tangent road with flat terrain,No junction,Asphalt roads,Dry,Daylight,Normal,Vehicle with vehicle collision,Other,__MISSING__,__MISSING__,__MISSING__,Driver,Normal,Not a Pedestrian,No priority to vehicle,afternoon,2.0,2.0,,13.0,5.0,0.0
Thursday,31-50,Male,Junior high school,Employee,Above 10yr,Public (12 seats),Owner,__MISSING__,No defect,Office areas,Undivided Two way,Tangent road with flat terrain,__MISSING__,Asphalt roads,Dry,Daylight,Normal,Vehicle with vehicle collision,Going straight,Driver or rider,Female,Under 18,__MISSING__,__MISSING__,Not a Pedestrian,No priority to pedestrian,afternoon,2.0,1.0,3.0,16.0,4.0,0.0
Thursday,18-30,Male,Junior high school,Employee,5-10yr,Special vehicle,Owner,__MISSING__,No defect,Office areas,Two-way (divided with broken lines road marking),Tangent road with flat terrain,Y Shape,Asphalt roads,Wet or damp,Darkness - lights lit,Normal,Vehicle with vehicle collision,Going straight,Passenger,Female,Over 51,Driver,Normal,Not a Pedestrian,Changing lane to the left,evening,1.0,1.0,3.0,23.0,1.0,0.0
Wednesday,31-50,Male,Junior high school,Owner,Above 10yr,__MISSING__,Owner,Above 10yr,No defect,Residential areas,other,Tangent road with flat terrain,__MISSING__,Asphalt roads,Dry,Darkness - lights lit,Normal,Vehicle with vehicle collision,Going straight,__MISSING__,__MISSING__,__MISSING__,Driver,Normal,Not a Pedestrian,Moving Backward,afternoon,2.0,3.0,,13.0,6.0,0.0
Tuesday,18-30,Male,Junior high school,Employee,1-2yr,Public (> 45 seats),Governmental,__MISSING__,No defect,Residential areas,other,Tangent road with flat terrain,No junction,Asphalt roads,Dry,Darkness - no lighting,Normal,Vehicle with vehicle collision,Reversing,Driver or rider,Female,18-30,Employee,Normal,Not a Pedestrian,Changing lane to the right,evening,1.0,1.0,3.0,18.0,1.0,0.0
Wednesday,18-30,Male,Junior high school,Employee,Below 1yr,Stationwagen,Owner,__MISSING__,No defect,Office areas,Two-way (divided with broken lines road marking),Tangent road with flat terrain,__MISSING__,Other,Dry,Daylight,Normal,Vehicle with vehicle collision,Moving Backward,Driver or rider,Male,31-50,Driver,Normal,Not a Pedestrian,Other,morning,2.0,1.0,3.0,11.0,2.0,0.0
Sunday,31-50,Male,Junior high school,Employee,5-10yr,Public (> 45 seats),Owner,5-10yrs,__MISSING__,Other,One way,Tangent road with flat terrain,No junction,Asphalt roads,Wet or damp,Daylight,Raining,Vehicle with vehicle collision,Getting off,Driver or rider,Male,18-30,Self-employed,Normal,Not a Pedestrian,Changing lane to the right,afternoon,2.0,2.0,3.0,15.0,1.0,0.0
Sunday,31-50,Male,Elementary school,Employee,5-10yr,Lorry (41?100Q),Owner,__MISSING__,No defect,Other,Undivided Two way,Tangent road with flat terrain,No junction,Asphalt roads,Dry,Daylight,Normal,Collision with roadside objects,Turnover,__MISSING__,__MISSING__,__MISSING__,Self-employed,Normal,Not a Pedestrian,No distancing,morning,2.0,1.0,,10.0,5.0,0.0
Friday,__MISSING__,Male,Above high school,Owner,2-5yr,Lorry (41?100Q),Owner,5-10yrs,__MISSING__,Other,Undivided Two way,Tangent road with flat terrain,Y Shape,Asphalt roads,Dry,Daylight,Normal,Vehicle with vehicle collision,Other,Driver or rider,Male,Under 18,Self-employed,Normal,Not a Pedestrian,Changing lane to the right,afternoon,3.0,1.0,3.0,13.0,2.0,0.0
Monday,__MISSING__,Female,Junior high school,Employee,1-2yr,Other,Owner,__MISSING__,No defect,Residential areas,Two-way (divided with broken lines road marking),Tangent road with flat terrain,Y Shape,Asphalt roads,Dry,Darkness - lights lit,Other,Collision with roadside objects,Reversing,Driver or rider,Male,31-50,Driver,Normal,Not a Pedestrian,Driving carelessly,evening,3.0,3.0,2.0,19.0,2.0,0.0
Wednesday,18-30,Male,Elementary school,Employee,5-10yr,Public (12 seats),Owner,1-2yr,No defect,Other,other,Tangent road with flat terrain,Y Shape,Asphalt roads,Wet or damp,Darkness - lights lit,Cloudy,Vehicle with vehicle collision,Going straight,Driver or rider,Male,Under 18,Driver,Normal,Not a Pedestrian,Moving Backward,evening,2.0,1.0,3.0,20.0,0.0,0.0
Saturday,__MISSING__,Male,Junior high school,Employee,5-10yr,Automobile,Owner,__MISSING__,No defect,Church areas,One way,Tangent road with flat terrain,Y Shape,Asphalt roads,Dry,Darkness - lights lit,Normal,Vehicle with vehicle collision,Going straight,__MISSING__,__MISSING__,__MISSING__,__MISSING__,__MISSING__,Not a Pedestrian,Changing lane to the left,evening,2.0,1.0,,22.0,8.0,0.0
Tuesday,Over 51,Male,Elementary school,Employee,2-5yr,Taxi,Owner,__MISSING__,No defect,Office areas,Undivided Two way,Tangent road with flat terrain,__MISSING__,Gravel roads,Dry,Daylight,Normal,Vehicle with vehicle collision,Going straight,Pedestrian,Male,18-30,__MISSING__,__MISSING__,Crossing from offside - masked by parked or statioNot a Pedestrianry vehicle,No distancing,morning,2.0,1.0,3.0,9.0,4.0,0.0
Sunday,31-50,Male,Elementary school,Employee,2-5yr,Automobile,Owner,Above 10yr,No defect,Residential areas,Two-way (divided with broken lines road marking),Tangent road with flat terrain,__MISSING__,Asphalt roads,Dry,Daylight,Normal,Vehicle with vehicle collision,Going straight,Driver or rider,Male,18-30,Driver,Normal,Not a Pedestrian,No distancing,night,3.0,3.0,3.0,0.0,1.0,0.0
Wednesday,Under 18,Male,Junior high school,Employee,Above 10yr,Other,Owner,2-5yrs,__MISSING__,Residential areas,Two-way (divided with broken lines road marking),Tangent road with flat terrain,Crossing,Asphalt roads,Wet or damp,Daylight,Windy,Vehicle with vehicle collision,Going straight,Driver or rider,Male,18-30,Driver,Normal,Not a Pedestrian,No distancing,morning,3.0,1.0,3.0,10.0,1.0,0.0
Tuesday,Over 51,Male,Junior high school,Employee,2-5yr,Automobile,Owner,__MISSING__,No defect,Other,Undivided Two way,Tangent road with flat terrain,__MISSING__,Asphalt roads,Dry,Daylight,Normal,__MISSING__,Other,Passenger,Male,Over 51,Student,Normal,Not a Pedestrian,No priority to vehicle,afternoon,2.0,1.0,3.0,16.0,3.0,0.0
Friday,18-30,Male,Junior high school,Employee,Below 1yr,Lorry (41?100Q),Owner,__MISSING__,No defect,Office areas,One way,Tangent road with flat terrain,Y Shape,Asphalt roads,Dry,Daylight,Normal,Vehicle with vehicle collision,Moving Backward,Driver or rider,Female,18-30,__MISSING__,Normal,Not a Pedestrian,Overturning,night,2.0,1.0,3.0,5.0,2.0,0.0
Wednesday,31-50,Male,Junior high school,Employee,1-2yr,Stationwagen,Governmental,1-2yr,No defect,Other,Undivided Two way,Tangent road with flat terrain,No junction,Asphalt roads,Dry,Daylight,Normal,Vehicle with vehicle collision,Other,Driver or rider,Male,31-50,__MISSING__,Normal,Not a Pedestrian,Changing lane to the left,afternoon,1.0,1.0,3.0,15.0,1.0,0.0
Sunday,31-50,Male,Junior high school,Owner,5-10yr,Automobile,Owner,Above 10yr,No defect,Other,other,Tangent road with flat terrain,Y Shape,__MISSING__,Dry,Daylight,Normal,Vehicle with vehicle collision,Going straight,Passenger,Female,Under 18,Driver,Normal,Not a Pedestrian,Driving carelessly,afternoon,3.0,6.0,3.0,16.0,1.0,1.0
Thursday,31-50,Male,High school,Employee,1-2yr,Public (12 seats),Owner,__MISSING__,No defect,Office areas,Two-way (divided with broken lines road marking),Tangent road with flat terrain,No junction,Asphalt roads,Dry,Daylight,Normal,Vehicle with vehicle collision,Going straight,Pedestrian,Female,18-30,__MISSING__,__MISSING__,Not a Pedestrian,Moving Backward,afternoon,2.0,5.0,3.0,15.0,3.0,1.0
Saturday,18-30,Male,Junior high school,Employee,Below 1yr,Lorry (41?100Q),Owner,__MISSING__,No defect,Church areas,Double carriageway (median),Tangent road with flat terrain,Crossing,Asphalt roads,Dry,Daylight,Normal,__MISSING__,Going straight,Passenger,Female,Under 18,Driver,Normal,Not a Pedestrian,Changing lane to the left,afternoon,2.0,1.0,3.0,13.0,2.0,0.0
Sunday,18-30,Male,Junior high school,Employee,Below 1yr,Lorry (41?100Q),Owner,5-10yrs,__MISSING__,Other,Undivided Two way,Tangent road with flat terrain,Y Shape,Asphalt roads,Dry,Daylight,Normal,Vehicle with vehicle collision,Going straight,__MISSING__,__MISSING__,__MISSING__,Self-employed,Normal,Not a Pedestrian,Changing lane to the left,night,1.0,4.0,,4.0,5.0,1.0
Tuesday,18-30,Male,Junior high school,Employee,1-2yr,Stationwagen,Owner,__MISSING__,No defect,Office areas,Two-way (divided with broken lines road marking),Tangent road with flat terrain,No junction,Asphalt roads,Dry,Darkness - lights unlit,Normal,Vehicle with vehicle collision,Going straight,__MISSING__,__MISSING__,__MISSING__,Driver,Normal,Not a Pedestrian,Moving Backward,afternoon,2.0,1.0,,16.0,5.0,0.0
Tuesday,31-50,Male,Junior high school,Employee,1-2yr,Other,Owner,2-5yrs,__MISSING__,Residential areas,One way,Tangent road with flat terrain,No junction,Asphalt roads,Dry,Daylight,Normal,Collision with pedestrians,Going straight,Passenger,Male,31-50,__MISSING__,__MISSING__,Not a Pedestrian,No priority to pedestrian,afternoon,2.0,1.0,3.0,12.0,3.0,0.0
Wednesday,18-30,Male,Junior high school,Employee,1-2yr,__MISSING__,Owner,__MISSING__,No defect,Industrial areas,Undivided Two way,Tangent road with flat terrain,Y Shape,Asphalt roads,Wet or damp,Daylight,Windy,Vehicle with vehicle collision,Going straight,Passenger,Female,Over 51,__MISSING__,__MISSING__,Not a Pedestrian,Changing lane to the right,morning,2.0,1.0,3.0,8.0,4.0,0.0
Thursday,Over 51,Male,High school,Owner,2-5yr,Other,Owner,Above 10yr,__MISSING__,Industrial areas,Undivided Two way,Tangent road with flat terrain,Y Shape,Asphalt roads,Dry,Daylight,Normal,Vehicle with vehicle collision,Going straight,Driver or rider,Female,Over 51,Driver,Normal,Not a Pedestrian,Driving under the influence of drugs,evening,3.0,2.0,3.0,18.0,1.0,0.0
Friday,18-30,Male,Junior high school,Employee,2-5yr,__MISSING__,Owner,__MISSING__,No defect,Other,One way,Tangent road with flat terrain,Crossing,Asphalt roads,Dry,Daylight,Normal,Rollover,Going straight,Driver or rider,Male,18-30,Driver,Normal,Not a Pedestrian,Driving under the influence of drugs,afternoon,1.0,2.0,3.0,15.0,2.0,0.0
Friday,31-50,Male,Elementary school,Employee,5-10yr,__MISSING__,Governmental,__MISSING__,No defect,Office areas,other,Tangent road with mild grade and flat terrain,No junction,Asphalt roads,Wet or damp,Daylight,Raining,Vehicle with vehicle collision,Going straight,Passenger,Female,Over 51,Driver,Normal,Not a Pedestrian,Other,afternoon,2.0,4.0,3.0,13.0,2.0,1.0
Thursday,18-30,Male,Junior high school,Employee,5-10yr,__MISSING__,Owner,2-5yrs,__MISSING__,Office areas,Double carriageway (median),Tangent road with flat terrain,Y Shape,Asphalt roads,Dry,Daylight,Normal,Collision with roadside objects,Stopping,Pedestrian,Male,18-30,Driver,Normal,Unknown or other,Changing lane to the left,morning,2.0,2.0,3.0,9.0,2.0,0.0
Thursday,31-50,Male,Junior high school,Employee,5-10yr,Public (13?45 seats),Owner,__MISSING__,__MISSING__,Other,Two-way (divided with broken lines road marking),Tangent road with flat terrain,No junction,Asphalt roads,Dry,Daylight,Normal,Vehicle with vehicle collision,Getting off,Passenger,Female,Over 51,Student,Normal,Not a Pedestrian,Changing lane to the right,evening,2.0,1.0,3.0,18.0,2.0,0.0
Saturday,18-30,Male,Above high school,Employee,5-10yr,Automobile,Owner,__MISSING__,No defect,Other,Two-way (divided with broken lines road marking),Tangent road with flat terrain,Crossing,Asphalt roads,Wet or damp,Darkness - lights lit,Raining,Collision with roadside objects,Going straight,Driver or rider,Male,31-50,__MISSING__,__MISSING__,Not a Pedestrian,No distancing,evening,2.0,1.0,3.0,21.0,3.0,0.0
Tuesday,31-50,Male,Elementary school,Employee,5-10yr,Lorry (41?100Q),Owner,Above 10yr,No defect,Office areas,Undivided Two way,Tangent road with flat terrain,Crossing,Asphalt roads,Dry,Daylight,Normal,Collision with roadside objects,Going straight,Driver or rider,Male,18-30,Driver,Normal,Not a Pedestrian,Overturning,afternoon,2.0,1.0,2.0,17.0,0.0,0.0
Sunday,18-30,Male,Junior high school,Employee,5-10yr,Automobile,Owner,__MISSING__,No defect,Other,Two-way (divided with broken lines road marking),Tangent road with flat terrain,No junction,Asphalt roads,Dry,Daylight,Normal,Vehicle with vehicle collision,Going straight,Driver or rider,Male,Under 18,Driver,Normal,Not a Pedestrian,Overspeed,afternoon,3.0,4.0,3.0,12.0,1.0,1.0
Friday,31-50,Male,Junior high school,Employee,Below 1yr,Public (13?45 seats),Owner,__MISSING__,No defect,Industrial areas,Undivided Two way,Tangent road with flat terrain,__MISSING__,Asphalt roads,Wet or damp,Daylight,Raining,Vehicle with vehicle collision,Going straight,Driver or rider,Female,31-50,Driver,Normal,Not a Pedestrian,No priority to vehicle,evening,2.0,3.0,3.0,19.0,2.0,0.0
Saturday,18-30,Male,Junior high school,Employee,2-5yr,Automobile,Owner,__MISSING__,No defect,Office areas,Double carriageway (median),Tangent road with flat terrain,No junction,Asphalt roads,Dry,Daylight,Normal,Vehicle with vehicle collision,__MISSING__,__MISSING__,__MISSING__,__MISSING__,Driver,Normal,Not a Pedestrian,Driving under the influence of drugs,afternoon,2.0,1.0,,13.0,6.0,0.0
Thursday,18-30,Male,High school,Owner,2-5yr,Long lorry,Owner,__MISSING__,No defect,Office areas,__MISSING__,Tangent road with flat terrain,__MISSING__,Asphalt roads,Wet or damp,Daylight,Raining,Rollover,Going straight,Pedestrian,Female,Under 18,Driver,Normal,Crossing from driver's nearside,Getting off the vehicle improperly,morning,2.0,2.0,3.0,11.0,3.0,0.0
Monday,31-50,Male,__MISSING__,__MISSING__,__MISSING__,Lorry (11?40Q),Owner,__MISSING__,__MISSING__,Office areas,Undivided Two way,Tangent road with flat terrain,No junction,Asphalt roads,Dry,Daylight,Normal,Vehicle with vehicle collision,Going straight,Driver or rider,Male,Over 51,Driver,Normal,Not a Pedestrian,Other,morning,2.0,1.0,3.0,8.0,5.0,0.0
Tuesday,Over 51,Male,Junior high school,Employee,Above 10yr,Motorcycle,Owner,2-5yrs,__MISSING__,Other,Two-way (divided with broken lines road marking),Tangent road with flat terrain,Crossing,Asphalt roads,Dry,Daylight,Normal,Vehicle with vehicle collision,Going straight,Passenger,Female,31-50,__MISSING__,__MISSING__,Not a Pedestrian,No distancing,morning,2.0,2.0,3.0,10.0,3.0,0.0
Friday,18-30,Male,Junior high school,Owner,5-10yr,Other,Owner,__MISSING__,No defect,Other,Undivided Two way,Tangent road with flat terrain,Crossing,Asphalt roads,Dry,Daylight,Normal,Vehicle with vehicle collision,Moving Backward,Driver or rider,Male,31-50,Driver,Normal,Not a Pedestrian,No priority to pedestrian,morning,2.0,1.0,3.0,7.0,1.0,0.0
Saturday,Under 18,Male,Junior high school,Employee,Above 10yr,Lorry (41?100Q),Owner,5-10yrs,No defect,Residential areas,Undivided Two way,Tangent road with flat terrain,__MISSING__,Asphalt roads,Dry,Daylight,Normal,Collision with roadside objects,Turnover,__MISSING__,__MISSING__,__MISSING__,Self-employed,Normal,Not a Pedestrian,No priority to vehicle,evening,1.0,1.0,,23.0,5.0,0.0
Tuesday,18-30,Male,Junior high school,Employee,Above 10yr,Pick up upto 10Q,Owner,__MISSING__,__MISSING__,Residential areas,Two-way (divided with broken lines road marking),Tangent road with flat terrain,Other,Other,Dry,Daylight,Normal,Vehicle with vehicle collision,Going straight,Driver or rider,Male,Over 51,Driver,Normal,Not a Pedestrian,Driving to the left,afternoon,3.0,1.0,3.0,12.0,2.0,0.0
Friday,18-30,Male,Elementary school,Employee,2-5yr,Automobile,Owner,5-10yrs,No defect,Residential areas,One way,Tangent road with flat terrain,Other,Asphalt roads,Wet or damp,Daylight,Normal,Vehicle with vehicle collision,Moving Backward,Driver or rider,Male,31-50,__MISSING__,__MISSING__,Not a Pedestrian,Changing lane to the right,morning,1.0,2.0,3.0,10.0,2.0,0.0
Wednesday,Over 51,Male,Junior high school,Employee,Below 1yr,Long lorry,Owner,__MISSING__,__MISSING__,Other,other,Tangent road with flat terrain,Other,Asphalt roads,Dry,Daylight,Normal,Vehicle with vehicle collision,Going straight,__MISSING__,__MISSING__,__MISSING__,__MISSING__,__MISSING__,Not a Pedestrian,No priority to vehicle,afternoon,3.0,2.0,,14.0,8.0,0.0
Tuesday,__MISSING__,Male,Junior high school,Employee,1-2yr,Stationwagen,Owner,__MISSING__,No defect,Other,Two-way (divided with broken lines road marking),Tangent road with flat terrain,No junction,Gravel roads,Wet or damp,Darkness - lights lit,Raining,Collision with pedestrians,Going straight,Pedestrian,Male,31-50,__MISSING__,__MISSING__,"Walking along in carriageway, facing traffic",Driving carelessly,evening,1.0,1.0,3.0,20.0,4.0,0.0
Tuesday,31-50,Male,Elementary school,Employee,2-5yr,Public (13?45 seats),Owner,Above 10yr,No defect,Office areas,other,Tangent road with flat terrain,Crossing,Asphalt roads,Dry,Daylight,Normal,Vehicle with vehicle collision,Going straight,Driver or rider,Female,18-30,Driver,Normal,Not a Pedestrian,Changing lane to the left,morning,2.0,1.0,3.0,8.0,0.0,0.0
Tuesday,31-50,Male,Junior high school,Employee,2-5yr,Lorry (11?40Q),Owner,__MISSING__,No defect,Church areas,Undivided Two way,Tangent road with flat terrain,Y Shape,Asphalt roads,Dry,Daylight,Normal,Vehicle with vehicle collision,Going straight,__MISSING__,__MISSING__,__MISSING__,Driver,Normal,Not a Pedestrian,Other,morning,6.0,2.0,,9.0,5.0,0.0
Tuesday,18-30,Male,Junior high school,Employee,5-10yr,Automobile,Owner,Above 10yr,No defect,Residential areas,Two-way (divided with broken lines road marking),Tangent road with flat terrain,__MISSING__,Asphalt roads,Dry,Darkness - lights lit,Normal,Collision with animals,U-Turn,Driver or rider,Male,31-50,__MISSING__,__MISSING__,Not a Pedestrian,Other,morning,2.0,1.0,3.0,8.0,3.0,0.0
Thursday,31-50,Male,__MISSING__,Employee,__MISSING__,Ridden horse,Owner,__MISSING__,__MISSING__,Recreational areas,Two-way (divided with broken lines road marking),Tangent road with flat terrain,No junction,Asphalt roads,Dry,Darkness - lights lit,Normal,Collision with pedestrians,Going straight,Driver or rider,Male,Over 51,Driver,Normal,Not a Pedestrian,No distancing,afternoon,2.0,1.0,3.0,17.0,4.0,0.0
Monday,18-30,Male,Junior high school,Employee,2-5yr,__MISSING__,Owner,2-5yrs,__MISSING__,Office areas,Double carriageway (median),Tangent road with flat terrain,Y Shape,Asphalt roads,Dry,Daylight,Normal,Vehicle with vehicle collision,Going straight,__MISSING__,__MISSING__,__MISSING__,Driver,Normal,Not a Pedestrian,No distancing,morning,2.0,1.0,,7.0,6.0,0.0
Sunday,__MISSING__,Male,Junior high school,Employee,2-5yr,Public (> 45 seats),Owner,__MISSING__,No defect,Other,Two-way (divided with broken lines road marking),Tangent road with flat terrain,Crossing,Asphalt roads,Dry,Daylight,Normal,Collision with roadside objects,Other,Driver or rider,Male,31-50,Driver,Normal,Not a Pedestrian,Changing lane to the left,afternoon,2.0,1.0,3.0,13.0,2.0,0.0
Monday,18-30,Male,Junior high school,Employee,Above 10yr,Public (12 seats),Owner,5-10yrs,No defect,Other,Two-way (divided with broken lines road marking),Tangent road with flat terrain,Y Shape,Asphalt roads,Dry,Daylight,Normal,Vehicle with vehicle collision,Other,Driver or rider,Male,18-30,Self-employed,Normal,Not a Pedestrian,No distancing,afternoon,2.0,1.0,3.0,13.0,0.0,0.0
Wednesday,31-50,Male,Elementary school,Other,5-10yr,Other,Owner,__MISSING__,No defect,Office areas,Two-way (divided with solid lines road marking),Tangent road with flat terrain,No junction,Asphalt roads,Dry,Daylight,Normal,Vehicle with vehicle collision,Going straight,Driver or rider,Male,31-50,Driver,Normal,Not a Pedestrian,Getting off the vehicle improperly,evening,3.0,3.0,3.0,19.0,1.0,0.0
Tuesday,31-50,Male,__MISSING__,Owner,5-10yr,Automobile,Governmental,__MISSING__,No defect,Other,One way,Tangent road with flat terrain,No junction,Asphalt roads,Dry,Daylight,Normal,Vehicle with vehicle collision,Going straight,__MISSING__,__MISSING__,__MISSING__,__MISSING__,Normal,Not a Pedestrian,Driving carelessly,afternoon,2.0,1.0,,13.0,7.0,0.0
Friday,31-50,Male,Junior high school,Employee,2-5yr,Stationwagen,Owner,Below 1yr,No defect,Other,Undivided Two way,Tangent road with flat terrain,No junction,Asphalt roads,Dry,Daylight,Normal,Vehicle with vehicle collision,Going straight,__MISSING__,__MISSING__,__MISSING__,__MISSING__,Normal,Not a Pedestrian,No distancing,morning,2.0,1.0,,9.0,5.0,0.0
Wednesday,31-50,Male,__MISSING__,__MISSING__,__MISSING__,Public (12 seats),Owner,2-5yrs,__MISSING__,Other,Two-way (divided with broken lines road marking),Tangent road with flat terrain,Y Shape,Asphalt roads,Wet or damp,Daylight,Normal,Collision with pedestrians,Going straight,__MISSING__,__MISSING__,__MISSING__,Driver,Normal,Not a Pedestrian,Changing lane to the left,afternoon,2.0,1.0,,14.0,8.0,0.0
Monday,__MISSING__,Male,Junior high school,Owner,Below 1yr,Other,Owner,__MISSING__,__MISSING__,Other,Two-way (divided with broken lines road marking),Tangent road with flat terrain,Crossing,Asphalt roads,Dry,Darkness - lights lit,Normal,Collision with roadside objects,Other,Driver or rider,Male,18-30,Driver,Normal,Not a Pedestrian,No distancing,evening,2.0,2.0,3.0,20.0,3.0,0.0
Monday,31-50,Male,Junior high school,Employee,5-10yr,Other,Owner,5-10yrs,__MISSING__,Church areas,One way,Tangent road with flat terrain,Y Shape,Asphalt roads,Dry,Daylight,Normal,Vehicle with vehicle collision,Reversing,Driver or rider,Male,Under 18,Self-employed,Normal,Not a Pedestrian,No distancing,morning,2.0,3.0,2.0,8.0,1.0,0.0
Tuesday,Over 51,Male,Illiterate,Employee,2-5yr,Lorry (11?40Q),Governmental,__MISSING__,No defect,Office areas,Two-way (divided with broken lines road marking),Escarpments,No junction,Asphalt roads,Dry,Daylight,Normal,Collision with pedestrians,Turnover,Pedestrian,Male,31-50,Driver,Normal,Not a Pedestrian,No distancing,morning,2.0,1.0,3.0,9.0,1.0,0.0
Friday,Over 51,Male,Junior high school,Employee,Below 1yr,Stationwagen,Owner,Above 10yr,No defect,Office areas,Two-way (divided with broken lines road marking),Sharp reverse curve,No junction,Asphalt roads,Dry,Daylight,Normal,Collision with roadside objects,Going straight,__MISSING__,__MISSING__,__MISSING__,Driver,Normal,Not a Pedestrian,Changing lane to the right,afternoon,1.0,2.0,,15.0,4.0,0.0
Friday,31-50,Male,High school,Employee,Above 10yr,Automobile,Organization,5-10yrs,No defect,Hospital areas,Undivided Two way,Tangent road with mountainous terrain and,No junction,Asphalt roads,Wet or damp,Darkness - lights lit,Normal,Vehicle with vehicle collision,Going straight,Driver or rider,Male,Under 18,Driver,Normal,Not a Pedestrian,Changing lane to the right,morning,2.0,1.0,3.0,6.0,0.0,0.0
Saturday,31-50,Male,Junior high school,Employee,1-2yr,Automobile,Owner,__MISSING__,No defect,Other,Two-way (divided with broken lines road marking),Tangent road with flat terrain,Crossing,Asphalt roads,Dry,Darkness - lights lit,Normal,Vehicle with vehicle collision,Moving Backward,Driver or rider,Male,18-30,Driver,Normal,Not a Pedestrian,No priority to pedestrian,night,2.0,1.0,3.0,0.0,1.0,0.0
Thursday,__MISSING__,Male,Junior high school,Employee,Below 1yr,Public (12 seats),Owner,Above 10yr,No defect,Residential areas,Two-way (divided with broken lines road marking),Tangent road with flat terrain,No junction,Asphalt roads,Dry,Daylight,Normal,Vehicle with vehicle collision,Going straight,Pedestrian,Male,18-30,Driver,Normal,Crossing from nearside - masked by parked or statioNot a Pedestrianry vehicle,Changing lane to the right,afternoon,2.0,1.0,3.0,16.0,1.0,0.0
Tuesday,18-30,Male,Junior high school,Employee,1-2yr,Automobile,Owner,5-10yrs,No defect,Church areas,Undivided Two way,Tangent road with flat terrain,Y Shape,Asphalt roads,Dry,Daylight,Normal,Collision with roadside objects,Going straight,__MISSING__,__MISSING__,__MISSING__,Driver,Normal,Not a Pedestrian,Overtaking,afternoon,2.0,1.0,,13.0,4.0,0.0
Friday,18-30,Male,Above high school,Employee,2-5yr,Automobile,Owner,2-5yrs,No defect,Market areas,Undivided Two way,Tangent road with flat terrain,No junction,Asphalt roads,Dry,Daylight,Normal,Collision with animals,Going straight,__MISSING__,__MISSING__,__MISSING__,Driver,Normal,Not a Pedestrian,Changing lane to the right,afternoon,1.0,1.0,,14.0,4.0,0.0
Monday,18-30,Male,Junior high school,Owner,1-2yr,Lorry (41?100Q),Owner,__MISSING__,__MISSING__,Office areas,Two-way (divided with broken lines road marking),Tangent road with flat terrain,Y Shape,Asphalt roads,Dry,Darkness - lights lit,Normal,Collision with roadside objects,Going straight,Driver or rider,Male,18-30,Driver,Normal,Not a Pedestrian,Driving carelessly,afternoon,2.0,1.0,3.0,15.0,2.0,0.0
Monday,18-30,Male,Elementary school,Owner,5-10yr,Stationwagen,Owner,5-10yrs,__MISSING__,Residential areas,Undivided Two way,Tangent road with flat terrain,Y Shape,Asphalt roads,Dry,Daylight,Normal,Vehicle with vehicle collision,Going straight,Driver or rider,Female,31-50,__MISSING__,Normal,Not a Pedestrian,No distancing,morning,2.0,1.0,1.0,8.0,2.0,0.0
Monday,18-30,Male,Junior high school,Employee,Above 10yr,Lorry (41?100Q),Owner,2-5yrs,No defect,Market areas,Undivided Two way,Tangent road with flat terrain,Crossing,Asphalt roads,Dry,Daylight,Normal,__MISSING__,Going straight,Passenger,Male,31-50,Driver,Normal,Not a Pedestrian,Changing lane to the right,afternoon,3.0,1.0,3.0,17.0,1.0,0.0
Wednesday,31-50,Male,Junior high school,Employee,No Licence,Automobile,Owner,1-2yr,No defect,Other,Two-way (divided with broken lines road marking),Tangent road with flat terrain,Y Shape,Asphalt roads,Wet or damp,Darkness - lights lit,Other,__MISSING__,Going straight,Driver or rider,Female,31-50,Driver,Normal,Not a Pedestrian,Other,afternoon,2.0,1.0,3.0,17.0,1.0,0.0
Friday,18-30,Male,High school,Employee,2-5yr,__MISSING__,Owner,__MISSING__,No defect,Other,Undivided Two way,Tangent road with flat terrain,T Shape,Asphalt roads,Dry,Daylight,Normal,Collision with roadside objects,Going straight,__MISSING__,__MISSING__,__MISSING__,Self-employed,Normal,Not a Pedestrian,No distancing,afternoon,2.0,1.0,,16.0,6.0,0.0
Saturday,18-30,Male,__MISSING__,Owner,5-10yr,Other,Owner,5-10yrs,__MISSING__,Office areas,Two-way (divided with broken lines road marking),Tangent road with flat terrain,Y Shape,Asphalt roads,Dry,Daylight,Normal,Vehicle with vehicle collision,__MISSING__,Driver or rider,Male,18-30,Driver,Normal,Not a Pedestrian,__MISSING__,evening,3.0,2.0,2.0,20.0,4.0,0.0
Tuesday,18-30,Male,High school,Employee,Above 10yr,Public (13?45 seats),Owner,__MISSING__,No defect,Other,Undivided Two way,Tangent road with flat terrain,Y Shape,Asphalt roads,Dry,Darkness - lights lit,Normal,Vehicle with vehicle collision,Moving Backward,Passenger,Female,Over 51,Other,Normal,Not a Pedestrian,Changing lane to the left,night,2.0,1.0,3.0,1.0,1.0,0.0
Monday,18-30,Male,Junior high school,Employee,Below 1yr,Lorry (11?40Q),Owner,1-2yr,No defect,Residential areas,Two-way (divided with broken lines road marking),Tangent road with flat terrain,No junction,Asphalt roads,Wet or damp,Daylight,Raining,Vehicle with vehicle collision,Overtaking,__MISSING__,__MISSING__,__MISSING__,Driver,Normal,Not a Pedestrian,Overturning,morning,3.0,2.0,,7.0,4.0,0.0
Monday,Over 51,Male,Junior high school,Employee,2-5yr,Long lorry,Owner,5-10yrs,__MISSING__,Other,One way,Tangent road with flat terrain,No junction,Asphalt roads,Dry,Daylight,Normal,Vehicle with vehicle collision,__MISSING__,__MISSING__,__MISSING__,__MISSING__,Employee,Normal,Not a Pedestrian,Driving under the influence of drugs,afternoon,3.0,1.0,,16.0,6.0,0.0
Thursday,18-30,Male,Junior high school,Employee,Above 10yr,Public (12 seats),Owner,__MISSING__,__MISSING__,Industrial areas,Undivided Two way,Tangent road with flat terrain,Y Shape,Asphalt roads,Dry,Daylight,Normal,Vehicle with vehicle collision,Moving Backward,__MISSING__,__MISSING__,__MISSING__,Employee,Normal,Not a Pedestrian,Moving Backward,morning,2.0,1.0,,7.0,6.0,0.0
Friday,18-30,Male,Junior high school,Employee,__MISSING__,Lorry (41?100Q),Owner,Below 1yr,__MISSING__,Residential areas,Two-way (divided with broken lines road marking),Tangent road with flat terrain,__MISSING__,Earth roads,Wet or damp,Daylight,Raining,Vehicle with vehicle collision,Going straight,__MISSING__,__MISSING__,__MISSING__,Other,Normal,Not a Pedestrian,Driving carelessly,morning,2.0,2.0,,10.0,7.0,0.0
Friday,31-50,Male,High school,Employee,5-10yr,Automobile,Owner,__MISSING__,No defect,Recreational areas,Undivided Two way,Tangent road with flat terrain,No junction,Asphalt roads,Dry,Darkness - lights lit,Normal,Vehicle with vehicle collision,Going straight,__MISSING__,__MISSING__,__MISSING__,Driver,Normal,Not a Pedestrian,No priority to pedestrian,night,1.0,1.0,,2.0,5.0,0.0
Thursday,18-30,Male,Junior high school,Employee,Above 10yr,Automobile,Owner,2-5yrs,__MISSING__,Industrial areas,One way,__MISSING__,Y Shape,Asphalt roads,Dry,Daylight,Normal,Vehicle with vehicle collision,Going straight,Driver or rider,Male,18-30,Driver,Normal,Not a Pedestrian,Changing lane to the right,morning,2.0,2.0,3.0,8.0,2.0,0.0
Tuesday,Under 18,Male,Junior high school,Owner,5-10yr,Lorry (41?100Q),Owner,__MISSING__,No defect,Other,Two-way (divided with broken lines road marking),Tangent road with flat terrain,Crossing,Asphalt roads,Dry,Darkness - lights lit,Normal,Vehicle with vehicle collision,Going straight,Pedestrian,Female,31-50,__MISSING__,__MISSING__,Unknown or other,Driving to the left,night,2.0,1.0,3.0,1.0,3.0,0.0
Thursday,31-50,__MISSING__,Elementary school,Employee,5-10yr,Other,Owner,__MISSING__,No defect,Office areas,Double carriageway (median),Tangent road with flat terrain,Y Shape,Asphalt roads,Wet or damp,Daylight,Raining,Vehicle with vehicle collision,Going straight,Driver or rider,Female,Over 51,Driver,Normal,Not a Pedestrian,Driving carelessly,afternoon,2.0,3.0,3.0,15.0,2.0,0.0
Friday,18-30,Male,Elementary school,Owner,Below 1yr,Lorry (41?100Q),Owner,__MISSING__,No defect,Office areas,Two-way (divided with broken lines road marking),Tangent road with flat terrain,Crossing,Asphalt roads,Wet or damp,Daylight,Raining,Vehicle with vehicle collision,Reversing,Driver or rider,Female,31-50,Driver,Normal,Not a Pedestrian,No distancing,afternoon,2.0,2.0,3.0,17.0,1.0,0.0
Friday,18-30,Male,__MISSING__,__MISSING__,5-10yr,__MISSING__,Owner,__MISSING__,__MISSING__,Other,Undivided Two way,Tangent road with flat terrain,Y Shape,Asphalt roads,Wet or damp,Darkness - lights lit,Raining,Vehicle with vehicle collision,Moving Backward,Driver or rider,Male,31-50,Driver,Normal,Not a Pedestrian,Changing lane to the left,evening,2.0,4.0,3.0,22.0,5.0,1.0
Sunday,18-30,Male,Junior high school,Employee,2-5yr,Lorry (41?100Q),Owner,Above 10yr,No defect,Office areas,Undivided Two way,Tangent road with flat terrain,Y Shape,Asphalt roads,Wet or damp,Daylight,Raining,Vehicle with vehicle collision,Moving Backward,Driver or rider,Female,18-30,__MISSING__,__MISSING__,Not a Pedestrian,Changing lane to the left,morning,2.0,3.0,3.0,11.0,2.0,0.0
Thursday,31-50,Male,Junior high school,Employee,1-2yr,Lorry (41?100Q),Owner,2-5yrs,No defect,Other,Two-way (divided with broken lines road marking),Tangent road with flat terrain,Y Shape,Asphalt roads,Dry,Daylight,Normal,Vehicle with vehicle collision,Going straight,Passenger,Female,Over 51,Driver,Normal,Not a Pedestrian,Overturning,morning,2.0,1.0,3.0,8.0,0.0,0.0
Sunday,18-30,Male,Elementary school,Owner,Above 10yr,Automobile,Governmental,__MISSING__,No defect,Other,Two-way (divided with solid lines road marking),Tangent road with flat terrain,__MISSING__,Asphalt roads,Dry,Daylight,Normal,Rollover,Going straight,Driver or rider,Male,31-50,__MISSING__,__MISSING__,Not a Pedestrian,Changing lane to the left,morning,2.0,4.0,3.0,11.0,4.0,1.0
Monday,18-30,Male,Junior high school,Employee,Above 10yr,Other,Owner,__MISSING__,__MISSING__,Other,Two-way (divided with broken lines road marking),Tangent road with flat terrain,Crossing,Asphalt roads,Dry,Daylight,Normal,Collision with roadside objects,Moving Backward,Passenger,Female,18-30,Employee,Normal,Not a Pedestrian,No distancing,afternoon,2.0,3.0,3.0,13.0,2.0,0.0
Monday,18-30,Male,Elementary school,Employee,2-5yr,Lorry (41?100Q),Owner,2-5yrs,__MISSING__,Other,Two-way (divided with broken lines road marking),Tangent road with flat terrain,Y Shape,Asphalt roads,Dry,Daylight,Normal,Vehicle with vehicle collision,Other,__MISSING__,__MISSING__,__MISSING__,Driver,Normal,Not a Pedestrian,Driving to the left,morning,1.0,2.0,,10.0,5.0,0.0
Saturday,Under 18,Male,Junior high school,Employee,Below 1yr,Lorry (41?100Q),Owner,__MISSING__,No defect,Office areas,Double carriageway (median),Tangent road with flat terrain,__MISSING__,Asphalt roads,Wet or damp,Darkness - lights lit,Normal,Vehicle with vehicle collision,Going straight,Driver or rider,Male,31-50,Driver,Normal,Not a Pedestrian,Driving carelessly,evening,1.0,1.0,2.0,20.0,2.0,0.0
Thursday,31-50,Male,Junior high school,Owner,5-10yr,Automobile,Owner,__MISSING__,No defect,Church areas,Double carriageway (median),Tangent road with flat terrain,Y Shape,Asphalt roads,Dry,Daylight,Normal,Collision with roadside objects,Going straight,Driver or rider,Male,18-30,Driver,__MISSING__,Not a Pedestrian,No distancing,afternoon,1.0,1.0,3.0,15.0,2.0,0.0
Friday,31-50,Male,Junior high school,Employee,Above 10yr,Lorry (41?100Q),Owner,Above 10yr,No defect,Other,One way,Steep grade downward with mountainous terrain,__MISSING__,Gravel roads,Wet or damp,Daylight,Raining,Vehicle with vehicle collision,Going straight,__MISSING__,__MISSING__,__MISSING__,Driver,Normal,Not a Pedestrian,Changing lane to the right,morning,2.0,1.0,,11.0,5.0,0.0
Sunday,31-50,Male,Junior high school,Employee,Above 10yr,Lorry (11?40Q),Owner,__MISSING__,No defect,Industrial areas,Undivided Two way,Tangent road with mild grade and flat terrain,Y Shape,Asphalt roads,Dry,Daylight,Normal,Vehicle with vehicle collision,Going straight,__MISSING__,__MISSING__,__MISSING__,Driver,Normal,Not a Pedestrian,Changing lane to the left,morning,2.0,2.0,,10.0,5.0,0.0
Thursday,31-50,Male,High school,Employee,Above 10yr,Automobile,Owner,5-10yrs,No defect,Church areas,Two-way (divided with broken lines road marking),Tangent road with flat terrain,No junction,Asphalt roads,Dry,Daylight,Normal,Vehicle with vehicle collision,Going straight,__MISSING__,__MISSING__,__MISSING__,Driver,Normal,Not a Pedestrian,No priority to pedestrian,afternoon,1.0,1.0,,15.0,4.0,0.0
Friday,Under 18,Male,Junior high school,Employee,1-2yr,Automobile,Owner,1-2yr,__MISSING__,School areas,other,Steep grade downward with mountainous terrain,Other,Asphalt roads,Dry,Daylight,Normal,Collision with roadside objects,Going straight,__MISSING__,__MISSING__,__MISSING__,Self-employed,Normal,Not a Pedestrian,Changing lane to the right,afternoon,2.0,2.0,,16.0,5.0,0.0
Friday,18-30,Male,Junior high school,Employee,1-2yr,Stationwagen,Owner,5-10yrs,No defect,Church areas,other,Tangent road with flat terrain,No junction,Asphalt roads,Dry,Darkness - lights lit,Normal,Vehicle with vehicle collision,Other,__MISSING__,__MISSING__,__MISSING__,Driver,Normal,Not a Pedestrian,No distancing,evening,1.0,3.0,,21.0,4.0,0.0
Sunday,18-30,Male,Junior high school,Employee,5-10yr,Long lorry,Owner,Above 10yr,__MISSING__,Other,Two-way (divided with broken lines road marking),Tangent road with mountainous terrain and,Crossing,Asphalt roads,Dry,Darkness - lights lit,Normal,Vehicle with vehicle collision,Reversing,__MISSING__,__MISSING__,__MISSING__,Driver,__MISSING__,Not a Pedestrian,No distancing,evening,2.0,5.0,,22.0,6.0,1.0
Saturday,Over 51,Male,Junior high school,Employee,5-10yr,Automobile,Governmental,5-10yrs,No defect,Church areas,Two-way (divided with broken lines road marking),Tangent road with flat terrain,__MISSING__,Asphalt roads,Dry,Daylight,Normal,Vehicle with vehicle collision,Going straight,Driver or rider,Female,18-30,Driver,Normal,Not a Pedestrian,Changing lane to the left,afternoon,1.0,1.0,3.0,12.0,1.0,0.0
Wednesday,18-30,Male,Junior high school,Employee,Above 10yr,Lorry (11?40Q),Owner,__MISSING__,__MISSING__,Residential areas,other,Tangent road with flat terrain,Y Shape,Asphalt roads,Dry,Daylight,Normal,Collision with roadside objects,Going straight,Pedestrian,Female,Under 18,__MISSING__,Normal,Crossing from nearside - masked by parked or statioNot a Pedestrianry vehicle,Driving carelessly,afternoon,2.0,1.0,3.0,13.0,3.0,0.0
Wednesday,Over 51,Male,Elementary school,Employee,1-2yr,Lorry (11?40Q),Owner,5-10yrs,__MISSING__,Office areas,Undivided Two way,Tangent road with mountainous terrain and,Crossing,Asphalt roads,Dry,Daylight,Normal,Vehicle with vehicle collision,Moving Backward,Driver or rider,Male,31-50,Driver,Normal,Not a Pedestrian,Overtaking,morning,2.0,2.0,3.0,11.0,1.0,0.0
Monday,18-30,Male,Junior high school,Employee,Above 10yr,Public (> 45 seats),Owner,Above 10yr,No defect,Church areas,Two-way (divided with broken lines road marking),Steep grade downward with mountainous terrain,Y Shape,Asphalt roads,Dry,Daylight,Normal,Vehicle with vehicle collision,Moving Backward,Driver or rider,Male,31-50,Self-employed,Normal,Not a Pedestrian,Driving carelessly,afternoon,2.0,1.0,3.0,13.0,0.0,0.0
Friday,18-30,Male,Junior high school,Owner,Below 1yr,Automobile,Governmental,Above 10yr,No defect,Residential areas,other,Tangent road with flat terrain,No junction,Asphalt roads,Dry,Daylight,Normal,Vehicle with vehicle collision,Going straight,__MISSING__,__MISSING__,__MISSING__,Self-employed,Normal,Not a Pedestrian,Changing lane to the left,morning,2.0,1.0,,9.0,4.0,0.0
Friday,18-30,Male,Elementary school,Employee,5-10yr,Lorry (41?100Q),Owner,__MISSING__,__MISSING__,Other,other,Tangent road with flat terrain,No junction,Asphalt roads,Wet or damp,Daylight,Normal,Other,Going straight,Passenger,Female,5,Self-employed,Normal,Not a Pedestrian,Driving carelessly,morning,1.0,1.0,3.0,8.0,2.0,0.0
Saturday,31-50,Male,Junior high school,Employee,Above 10yr,Public (13?45 seats),Owner,5-10yrs,__MISSING__,Office areas,Two-way (divided with broken lines road marking),Tangent road with flat terrain,No junction,Asphalt roads,Dry,Daylight,Normal,Vehicle with vehicle collision,Going straight,Passenger,Female,18-30,Driver,Normal,Not a Pedestrian,Changing lane to the left,afternoon,2.0,2.0,3.0,16.0,1.0,0.0
Thursday,31-50,Male,Junior high school,Employee,5-10yr,Automobile,Owner,__MISSING__,__MISSING__,Office areas,Two-way (divided with broken lines road marking),Tangent road with flat terrain,Crossing,Asphalt roads,Dry,Daylight,Normal,Vehicle with vehicle collision,Going straight,Passenger,Female,18-30,Self-employed,Normal,Not a Pedestrian,Changing lane to the right,afternoon,2.0,1.0,3.0,15.0,2.0,0.0
Thursday,31-50,Male,Junior high school,Employee,Above 10yr,Pick up upto 10Q,Owner,__MISSING__,No defect,Other,Two-way (divided with broken lines road marking),Tangent road with flat terrain,__MISSING__,Asphalt roads,Dry,Darkness - lights lit,Normal,Vehicle with vehicle collision,Going straight,__MISSING__,__MISSING__,__MISSING__,Driver,Normal,Not a Pedestrian,Driving under the influence of drugs,evening,2.0,2.0,,18.0,6.0,0.0
Tuesday,31-50,Male,Elementary school,Owner,1-2yr,Other,Owner,2-5yrs,No defect,Office areas,Two-way (divided with broken lines road marking),Tangent road with flat terrain,Crossing,Asphalt roads,Wet or damp,Darkness - lights lit,Raining,Vehicle with vehicle collision,Going straight,Pedestrian,Male,18-30,__MISSING__,__MISSING__,Crossing from nearside - masked by parked or statioNot a Pedestrianry vehicle,Driving to the left,morning,2.0,1.0,3.0,6.0,2.0,0.0
Saturday,__MISSING__,Female,Elementary school,Employee,Above 10yr,Automobile,Owner,__MISSING__,No defect,Office areas,Two-way (divided with broken lines road marking),Tangent road with flat terrain,Y Shape,Earth roads,Snow,Daylight,Snow,Vehicle with vehicle collision,Reversing,__MISSING__,__MISSING__,__MISSING__,Self-employed,Normal,Not a Pedestrian,Moving Backward,morning,3.0,2.0,,11.0,6.0,0.0
Monday,18-30,Male,Elementary school,Owner,Above 10yr,Special vehicle,Owner,__MISSING__,No defect,Office areas,Two-way (divided with broken lines road marking),Tangent road with flat terrain,No junction,Asphalt roads,Dry,Daylight,Normal,Vehicle with vehicle collision,Reversing,Pedestrian,Male,Over 51,Driver,Normal,Not a Pedestrian,Moving Backward,afternoon,2.0,2.0,3.0,13.0,1.0,0.0
Friday,31-50,Male,Junior high school,Employee,1-2yr,__MISSING__,Owner,__MISSING__,No defect,Other,Two-way (divided with broken lines road marking),Tangent road with flat terrain,Crossing,Asphalt roads,Wet or damp,Daylight,Normal,Collision with pedestrians,Going straight,__MISSING__,__MISSING__,__MISSING__,Driver,__MISSING__,Not a Pedestrian,Changing lane to the left,afternoon,2.0,1.0,,13.0,7.0,0.0
Saturday,__MISSING__,Male,Junior high school,Employee,5-10yr,Other,Organization,__MISSING__,__MISSING__,Recreational areas,Two-way (divided with broken lines road marking),Tangent road with flat terrain,Crossing,Asphalt roads,Dry,Darkness - lights lit,Normal,Vehicle with vehicle collision,Going straight,__MISSING__,__MISSING__,__MISSING__,Self-employed,Normal,Not a Pedestrian,No distancing,evening,3.0,1.0,,18.0,7.0,0.0
Sunday,Over 51,Male,Elementary school,Employee,1-2yr,Long lorry,Owner,2-5yrs,__MISSING__,Office areas,Double carriageway (median),Tangent road with flat terrain,No junction,Earth roads,Dry,Darkness - lights lit,Normal,Collision with roadside objects,Other,__MISSING__,__MISSING__,__MISSING__,Self-employed,Normal,Not a Pedestrian,No priority to vehicle,night,2.0,1.0,,1.0,5.0,0.0
Monday,31-50,Male,__MISSING__,Owner,5-10yr,Automobile,Organization,5-10yrs,No defect,Hospital areas,Undivided Two way,Tangent road with mountainous terrain and,Crossing,Asphalt roads,Wet or damp,Daylight,Raining,Collision with roadside objects,Going straight,Pedestrian,Female,31-50,Driver,Normal,Unknown or other,No distancing,afternoon,2.0,1.0,3.0,15.0,1.0,0.0
Friday,31-50,Female,Junior high school,Employee,Below 1yr,Other,Owner,2-5yrs,No defect,Office areas,Two-way (divided with broken lines road marking),Tangent road with flat terrain,__MISSING__,Asphalt roads,Dry,Daylight,Normal,Vehicle with vehicle collision,Other,__MISSING__,__MISSING__,__MISSING__,Self-employed,Normal,Not a Pedestrian,Changing lane to the left,night,3.0,1.0,,1.0,5.0,0.0
Wednesday,Under 18,Male,Junior high school,Employee,Above 10yr,Special vehicle,Owner,Above 10yr,__MISSING__,Other,Undivided Two way,Tangent road with flat terrain,Crossing,Asphalt roads,Dry,Daylight,Normal,Vehicle with vehicle collision,Going straight,Driver or rider,Male,18-30,Driver,Normal,Not a Pedestrian,No distancing,afternoon,2.0,1.0,3.0,15.0,1.0,0.0
Sunday,Under 18,Male,Elementary school,Employee,2-5yr,Lorry (41?100Q),Governmental,__MISSING__,No defect,Office areas,Two-way (divided with broken lines road marking),Escarpments,Crossing,Asphalt roads,Dry,Daylight,Normal,Collision with roadside objects,Moving Backward,Passenger,Female,31-50,Self-employed,Normal,Not a Pedestrian,Moving Backward,afternoon,1.0,2.0,3.0,12.0,1.0,0.0
Tuesday,__MISSING__,Female,Junior high school,Employee,5-10yr,__MISSING__,Owner,__MISSING__,__MISSING__,Office areas,Two-way (divided with broken lines road marking),Tangent road with flat terrain,No junction,Asphalt roads,Wet or damp,Darkness - lights lit,Raining,Vehicle with vehicle collision,Going straight,__MISSING__,__MISSING__,__MISSING__,__MISSING__,__MISSING__,Not a Pedestrian,No priority to vehicle,evening,2.0,1.0,,19.0,10.0,0.0
Thursday,18-30,Male,Junior high school,Owner,5-10yr,Lorry (41?100Q),Governmental,__MISSING__,No defect,Church areas,Two-way (divided with broken lines road marking),Tangent road with flat terrain,Y Shape,Asphalt roads,Dry,Daylight,Normal,Vehicle with vehicle collision,__MISSING__,Driver or rider,Male,31-50,__MISSING__,__MISSING__,Not a Pedestrian,Changing lane to the right,morning,2.0,1.0,2.0,7.0,4.0,0.0
Thursday,18-30,Male,__MISSING__,Employee,1-2yr,Public (> 45 seats),Owner,__MISSING__,No defect,Residential areas,Two-way (divided with broken lines road marking),Tangent road with flat terrain,No junction,Earth roads,Dry,Daylight,Normal,Vehicle with vehicle collision,Reversing,Driver or rider,Male,31-50,__MISSING__,__MISSING__,Not a Pedestrian,No priority to vehicle,afternoon,2.0,1.0,2.0,13.0,4.0,0.0
Thursday,Under 18,Male,Junior high school,Employee,Below 1yr,__MISSING__,Owner,2-5yrs,No defect,Residential areas,Undivided Two way,Tangent road with flat terrain,Y Shape,Asphalt roads,Dry,Darkness - lights lit,Normal,Rollover,Going straight,__MISSING__,__MISSING__,__MISSING__,__MISSING__,Normal,Not a Pedestrian,Driving to the left,evening,2.0,2.0,,18.0,6.0,0.0
Friday,31-50,Male,Junior high school,Employee,1-2yr,Automobile,Owner,__MISSING__,__MISSING__,Office areas,Undivided Two way,Tangent road with flat terrain,Crossing,Asphalt roads,Wet or damp,Daylight,Raining,Vehicle with vehicle collision,Overtaking,__MISSING__,__MISSING__,__MISSING__,Driver,Normal,Not a Pedestrian,Changing lane to the left,afternoon,3.0,1.0,,17.0,6.0,0.0
Sunday,18-30,Male,Junior high school,Owner,Above 10yr,Automobile,__MISSING__,__MISSING__,No defect,Other,Two-way (divided with broken lines road marking),Tangent road with flat terrain,No junction,Asphalt roads,Dry,Daylight,Normal,Vehicle with vehicle collision,Going straight,Driver or rider,Male,Over 51,__MISSING__,__MISSING__,Not a Pedestrian,Changing lane to the right,evening,3.0,2.0,3.0,18.0,4.0,0.0
Wednesday,18-30,Male,Junior high school,Employee,__MISSING__,__MISSING__,Owner,__MISSING__,No defect,Church areas,Undivided Two way,Tangent road with flat terrain,Crossing,Asphalt roads,Wet or damp,Daylight,Raining,Vehicle with vehicle collision,Entering a junction,__MISSING__,__MISSING__,__MISSING__,Driver,Normal,Not a Pedestrian,No distancing,morning,2.0,1.0,,7.0,7.0,0.0
Saturday,31-50,Male,Above high school,Employee,5-10yr,Stationwagen,Owner,__MISSING__,No defect,Residential areas,Double carriageway (median),Tangent road with flat terrain,Crossing,Asphalt roads,Dry,Daylight,Normal,Collision with pedestrians,Going straight,Pedestrian,Female,31-50,Driver,Normal,Not a Pedestrian,No distancing,afternoon,2.0,2.0,2.0,12.0,1.0,0.0
Monday,18-30,Male,Junior high school,Employee,2-5yr,__MISSING__,Owner,Above 10yr,No defect,Residential areas,other,Tangent road with flat terrain,Y Shape,Asphalt roads,Wet or damp,Darkness - lights lit,Raining,Collision with animals,Moving Backward,__MISSING__,__MISSING__,__MISSING__,Unemployed,Normal,Not a Pedestrian,No priority to pedestrian,evening,2.0,3.0,,22.0,5.0,0.0
Wednesday,31-50,Male,Junior high school,Employee,5-10yr,Lorry (41?100Q),Owner,__MISSING__,No defect,Office areas,Double carriageway (median),Tangent road with flat terrain,No junction,Asphalt roads,Dry,Daylight,Normal,Vehicle with vehicle collision,Going straight,Driver or rider,Female,5,Self-employed,Normal,Not a Pedestrian,Changing lane to the left,evening,2.0,1.0,3.0,18.0,1.0,0.0
Saturday,Under 18,Male,Elementary school,Employee,2-5yr,Other,Owner,2-5yrs,No defect,Office areas,Two-way (divided with broken lines road marking),Tangent road with flat terrain,Other,Asphalt roads,Wet or damp,Darkness - lights lit,Normal,Vehicle with vehicle collision,Other,__MISSING__,__MISSING__,__MISSING__,Driver,Normal,Not a Pedestrian,Turnover,evening,2.0,1.0,,19.0,4.0,0.0
Saturday,18-30,Male,__MISSING__,Owner,__MISSING__,Automobile,Owner,__MISSING__,__MISSING__,Office areas,Two-way (divided with broken lines road marking),Tangent road with flat terrain,Y Shape,Asphalt roads,Dry,Daylight,Normal,Vehicle with vehicle collision,Turnover,__MISSING__,__MISSING__,__MISSING__,Driver,Normal,Not a Pedestrian,No distancing,afternoon,2.0,1.0,,15.0,8.0,0.0
Thursday,__MISSING__,Male,Junior high school,Employee,5-10yr,Automobile,Owner,2-5yrs,No defect,Other,Two-way (divided with broken lines road marking),Tangent road with mild grade and flat terrain,No junction,Asphalt roads with some distress,Dry,Darkness - lights lit,Normal,Vehicle with vehicle collision,Going straight,__MISSING__,__MISSING__,__MISSING__,Self-employed,Normal,Not a Pedestrian,No distancing,evening,2.0,1.0,,19.0,5.0,0.0
Thursday,__MISSING__,Male,Elementary school,Employee,2-5yr,Stationwagen,Owner,Above 10yr,No defect,Church areas,Undivided Two way,Sharp reverse curve,Crossing,Asphalt roads,Wet or damp,Daylight,Normal,Collision with pedestrians,Going straight,Driver or rider,Male,31-50,Driver,Normal,Not a Pedestrian,Moving Backward,afternoon,2.0,1.0,3.0,16.0,1.0,0.0
Thursday,31-50,Male,Junior high school,Employee,Above 10yr,Public (> 45 seats),Owner,5-10yrs,No defect,Office areas,Undivided Two way,Tangent road with flat terrain,Crossing,Asphalt roads,Dry,Daylight,Normal,Vehicle with vehicle collision,Going straight,Driver or rider,Male,18-30,__MISSING__,__MISSING__,Not a Pedestrian,Other,morning,2.0,1.0,3.0,8.0,2.0,0.0
Wednesday,Under 18,Male,Junior high school,Employee,Above 10yr,Other,Owner,2-5yrs,No defect,Residential areas,Two-way (divided with broken lines road marking),Gentle horizontal curve,Y Shape,Asphalt roads,Dry,Daylight,Normal,Vehicle with vehicle collision,Going straight,Driver or rider,Male,5,Other,Normal,Not a Pedestrian,No distancing,evening,2.0,2.0,3.0,18.0,0.0,0.0
Saturday,31-50,Male,Elementary school,Employee,Above 10yr,Lorry (11?40Q),Governmental,__MISSING__,No defect,School areas,Undivided Two way,Tangent road with flat terrain,Y Shape,Asphalt roads,Dry,Darkness - lights lit,Normal,Vehicle with vehicle collision,Going straight,Passenger,Female,31-50,Driver,Normal,Not a Pedestrian,Moving Backward,evening,2.0,1.0,3.0,20.0,1.0,0.0
Saturday,Under 18,Male,Elementary school,Employee,5-10yr,Stationwagen,Owner,Above 10yr,__MISSING__,Other,other,Tangent road with flat terrain,__MISSING__,Asphalt roads,Dry,Daylight,Normal,Vehicle with vehicle collision,Going straight,__MISSING__,__MISSING__,__MISSING__,Driver,Normal,Not a Pedestrian,No distancing,afternoon,3.0,2.0,,16.0,6.0,0.0
Tuesday,__MISSING__,Male,Junior high school,Owner,1-2yr,Lorry (41?100Q),Owner,__MISSING__,__MISSING__,Office areas,One way,Tangent road with flat terrain,Y Shape,Gravel roads,Dry,Daylight,Normal,Vehicle with vehicle collision,Going straight,Passenger,Female,18-30,Self-employed,Normal,Not a Pedestrian,No distancing,afternoon,2.0,1.0,3.0,13.0,3.0,0.0
Monday,Over 51,Male,Junior high school,Employee,Above 10yr,Long lorry,Owner,__MISSING__,No defect,Other,Two-way (divided with broken lines road marking),Tangent road with flat terrain,Y Shape,Asphalt roads,Dry,Daylight,__MISSING__,Vehicle with vehicle collision,Going straight,__MISSING__,__MISSING__,__MISSING__,Driver,Normal,Not a Pedestrian,Changing lane to the right,afternoon,3.0,4.0,,15.0,6.0,1.0
Saturday,31-50,Male,Junior high school,Employee,Below 1yr,Automobile,Owner,__MISSING__,No defect,Office areas,Undivided Two way,Tangent road with flat terrain,Crossing,Asphalt roads,Dry,Daylight,Normal,Collision with roadside objects,Going straight,Driver or rider,Male,31-50,Self-employed,Normal,Not a Pedestrian,Moving Backward,afternoon,2.0,8.0,3.0,17.0,1.0,1.0
Friday,18-30,Male,Elementary school,Employee,Above 10yr,Lorry (41?100Q),Owner,__MISSING__,No defect,Office areas,Two-way (divided with broken lines road marking),Tangent road with flat terrain,Y Shape,Asphalt roads,Wet or damp,Daylight,Normal,Vehicle with vehicle collision,Turnover,__MISSING__,__MISSING__,__MISSING__,Driver,Normal,Not a Pedestrian,No distancing,morning,3.0,2.0,,8.0,5.0,0.0
Thursday,18-30,Male,High school,Employee,Below 1yr,Lorry (11?40Q),Owner,2-5yrs,__MISSING__,Residential areas,Undivided Two way,Tangent road with flat terrain,No junction,Asphalt roads,Dry,Daylight,Normal,Collision with roadside objects,Reversing,Driver or rider,Male,31-50,Employee,Normal,Not a Pedestrian,No distancing,afternoon,2.0,2.0,3.0,15.0,1.0,0.0
Thursday,18-30,Male,Elementary school,Employee,5-10yr,Automobile,Governmental,Above 10yr,__MISSING__,Other,Double carriageway (median),Tangent road with flat terrain,No junction,Asphalt roads,Wet or damp,Darkness - lights lit,Cloudy,Vehicle with vehicle collision,Going straight,Pedestrian,Male,31-50,Driver,Normal,Not a Pedestrian,Driving carelessly,afternoon,2.0,2.0,3.0,17.0,1.0,0.0
Wednesday,Over 51,Male,Junior high school,Employee,Above 10yr,Automobile,Owner,__MISSING__,__MISSING__,Industrial areas,Undivided Two way,Tangent road with flat terrain,Crossing,Asphalt roads,Dry,Daylight,Raining,Vehicle with vehicle collision,Going straight,__MISSING__,__MISSING__,__MISSING__,Self-employed,Normal,Not a Pedestrian,Moving Backward,afternoon,3.0,2.0,,14.0,6.0,0.0
Wednesday,__MISSING__,Male,__MISSING__,__MISSING__,__MISSING__,Lorry (41?100Q),Owner,__MISSING__,No defect,Office areas,Double carriageway (median),Tangent road with flat terrain,No junction,Asphalt roads,Wet or damp,Daylight,Raining,Vehicle with vehicle collision,Going straight,Driver or rider,Male,18-30,Self-employed,Normal,Not a Pedestrian,No distancing,afternoon,3.0,4.0,3.0,12.0,5.0,1.0
Thursday,__MISSING__,Female,Junior high school,Employee,Above 10yr,Automobile,__MISSING__,__MISSING__,__MISSING__,__MISSING__,__MISSING__,Tangent road with flat terrain,Y Shape,Asphalt roads,Dry,Daylight,Normal,Collision with roadside objects,Going straight,Pedestrian,Male,31-50,Driver,Normal,"Walking along in carriageway, back to traffic",Changing lane to the right,afternoon,1.0,1.0,3.0,15.0,6.0,0.0
Wednesday,Over 51,Male,Junior high school,Employee,5-10yr,Lorry (41?100Q),Owner,__MISSING__,No defect,Other,Undivided Two way,Tangent road with flat terrain,No junction,Asphalt roads,Dry,Darkness - lights lit,Normal,Collision with roadside objects,Going straight,__MISSING__,__MISSING__,__MISSING__,__MISSING__,__MISSING__,Not a Pedestrian,Overspeed,morning,2.0,1.0,,6.0,7.0,0.0
Friday,18-30,Male,Elementary school,Employee,Above 10yr,__MISSING__,Governmental,__MISSING__,__MISSING__,Office areas,other,Tangent road with flat terrain,Y Shape,Asphalt roads,Dry,Daylight,Normal,Vehicle with vehicle collision,Going straight,Driver or rider,Male,31-50,Driver,Normal,Not a Pedestrian,Driving carelessly,morning,2.0,1.0,2.0,9.0,3.0,0.0
Sunday,Over 51,Male,Junior high school,Employee,1-2yr,Lorry (41?100Q),__MISSING__,__MISSING__,__MISSING__,Church areas,Two-way (divided with broken lines road marking),Tangent road with flat terrain,Y Shape,Asphalt roads,Dry,Daylight,Normal,Vehicle with vehicle collision,Going straight,Passenger,Female,31-50,__MISSING__,__MISSING__,Not a Pedestrian,No priority to pedestrian,afternoon,2.0,1.0,3.0,15.0,5.0,0.0
Saturday,Over 51,__MISSING__,Junior high school,Employee,5-10yr,Public (> 45 seats),Owner,2-5yrs,No defect,Other,One way,Tangent road with flat terrain,Crossing,Asphalt roads,Wet or damp,Darkness - lights lit,Raining,Vehicle with vehicle collision,Going straight,Pedestrian,Female,18-30,Driver,Normal,Crossing from offside - masked by parked or statioNot a Pedestrianry vehicle,Changing lane to the left,morning,3.0,1.0,3.0,6.0,1.0,0.0
Friday,__MISSING__,Female,Junior high school,Employee,Below 1yr,Other,Governmental,__MISSING__,No defect,Church areas,Two-way (divided with broken lines road marking),Tangent road with flat terrain,Y Shape,Asphalt roads,Dry,Daylight,Normal,Vehicle with vehicle collision,Going straight,__MISSING__,__MISSING__,__MISSING__,Driver,Normal,Not a Pedestrian,No distancing,evening,2.0,1.0,,20.0,6.0,0.0
Thursday,Under 18,Male,Junior high school,Employee,5-10yr,Automobile,Owner,__MISSING__,No defect,Other,Two-way (divided with broken lines road marking),Tangent road with flat terrain,Y Shape,Asphalt roads,Dry,Daylight,Normal,Vehicle with vehicle collision,Going straight,__MISSING__,__MISSING__,__MISSING__,Driver,Normal,Not a Pedestrian,Overturning,evening,2.0,1.0,,19.0,5.0,0.0
Saturday,__MISSING__,Male,Elementary school,Owner,2-5yr,Pick up upto 10Q,Owner,__MISSING__,No defect,Office areas,Double carriageway (median),Tangent road with flat terrain,Crossing,Asphalt roads,Dry,Daylight,Normal,Vehicle with vehicle collision,Other,Driver or rider,Female,18-30,Driver,Normal,Not a Pedestrian,Changing lane to the left,afternoon,1.0,1.0,3.0,12.0,2.0,0.0
Friday,31-50,Male,Junior high school,Employee,1-2yr,Other,Owner,__MISSING__,No defect,Office areas,__MISSING__,Tangent road with flat terrain,Other,Other,Dry,Daylight,__MISSING__,Vehicle with vehicle collision,Other,__MISSING__,__MISSING__,__MISSING__,Driver,Normal,Not a Pedestrian,No distancing,afternoon,2.0,3.0,,14.0,7.0,0.0
Friday,31-50,Male,High school,Owner,Above 10yr,Automobile,Owner,__MISSING__,__MISSING__,Office areas,Undivided Two way,Tangent road with flat terrain,No junction,Asphalt roads,Wet or damp,Daylight,Snow,Collision with roadside objects,Reversing,__MISSING__,__MISSING__,__MISSING__,Other,Normal,Not a Pedestrian,Changing lane to the left,morning,2.0,1.0,,7.0,6.0,0.0
Tuesday,Over 51,Male,Elementary school,Employee,Above 10yr,Lorry (11?40Q),Owner,5-10yrs,No defect,Residential areas,Undivided Two way,Tangent road with flat terrain,Crossing,Asphalt roads,Dry,Daylight,Normal,Collision with roadside objects,Going straight,__MISSING__,__MISSING__,__MISSING__,Driver,Normal,Not a Pedestrian,No priority to vehicle,afternoon,3.0,1.0,,13.0,4.0,0.0
Sunday,__MISSING__,Female,Junior high school,Employee,2-5yr,Long lorry,Governmental,__MISSING__,No defect,School areas,Undivided Two way,Tangent road with flat terrain,No junction,Asphalt roads,Dry,Daylight,__MISSING__,Collision with roadside objects,Reversing,__MISSING__,__MISSING__,__MISSING__,Self-employed,Normal,Not a Pedestrian,Changing lane to the right,morning,2.0,1.0,,9.0,7.0,0.0
Saturday,__MISSING__,Female,Junior high school,__MISSING__,5-10yr,Taxi,Owner,5-10yrs,No defect,Other,Two-way (divided with broken lines road marking),Tangent road with flat terrain,No junction,Asphalt roads,Dry,Daylight,Normal,Collision with roadside objects,Going straight,Driver or rider,Male,18-30,Driver,Normal,Not a Pedestrian,No distancing,afternoon,1.0,1.0,3.0,12.0,2.0,0.0
Saturday,31-50,Male,Junior high school,Employee,Below 1yr,Public (13?45 seats),Owner,2-5yrs,__MISSING__,Other,Two-way (divided with broken lines road marking),Tangent road with flat terrain,Crossing,Asphalt roads,Dry,Daylight,Normal,Vehicle with vehicle collision,Going straight,Driver or rider,Male,31-50,Other,Normal,Not a Pedestrian,Changing lane to the left,morning,2.0,1.0,2.0,11.0,1.0,0.0
Thursday,18-30,Male,High school,Employee,2-5yr,Automobile,Owner,Below 1yr,__MISSING__,Office areas,Undivided Two way,Tangent road with flat terrain,Crossing,Asphalt roads,Dry,Daylight,Normal,Vehicle with vehicle collision,Going straight,__MISSING__,__MISSING__,__MISSING__,Driver,Normal,Not a Pedestrian,No distancing,evening,2.0,1.0,,19.0,5.0,0.0
Friday,Over 51,Male,Junior high school,Employee,Above 10yr,Other,Owner,__MISSING__,No defect,Other,other,Steep grade downward with mountainous terrain,Y Shape,Asphalt roads,Dry,Darkness - lights lit,Normal,Rollover,Going straight,Driver or rider,Male,31-50,__MISSING__,__MISSING__,Not a Pedestrian,Changing lane to the left,evening,1.0,1.0,3.0,23.0,3.0,0.0
Wednesday,Under 18,Male,Elementary school,Employee,2-5yr,Special vehicle,Owner,__MISSING__,No defect,Office areas,Two-way (divided with broken lines road marking),Tangent road with flat terrain,Y Shape,Asphalt roads,Wet or damp,Darkness - no lighting,Raining,Vehicle with vehicle collision,Going straight,Pedestrian,Male,31-50,Driver,Normal,"In carriageway, statioNot a Pedestrianry - not crossing (standing or playing) - masked by parked or statioNot a Pedestrianry vehicle",Moving Backward,morning,2.0,1.0,3.0,6.0,1.0,0.0
Tuesday,31-50,Male,Junior high school,Employee,1-2yr,Other,Owner,__MISSING__,__MISSING__,__MISSING__,other,Tangent road with flat terrain,Y Shape,Asphalt roads,Dry,Daylight,Normal,Rollover,Going straight,Driver or rider,Female,18-30,Other,Normal,Not a Pedestrian,No distancing,afternoon,2.0,2.0,3.0,16.0,3.0,0.0
Tuesday,__MISSING__,Male,Junior high school,Employee,1-2yr,Automobile,Owner,__MISSING__,No defect,Industrial areas,Undivided Two way,Tangent road with flat terrain,No junction,Asphalt roads,Dry,Darkness - lights lit,Normal,Vehicle with vehicle collision,Going straight,Passenger,Male,Over 51,Other,Normal,Not a Pedestrian,Changing lane to the right,evening,2.0,1.0,3.0,19.0,2.0,0.0
Friday,31-50,Male,Junior high school,Owner,5-10yr,Motorcycle,Owner,__MISSING__,No defect,Office areas,Two-way (divided with broken lines road marking),Tangent road with flat terrain,Crossing,Asphalt roads,Wet or damp,Daylight,Raining,Collision with roadside objects,Going straight,Driver or rider,Male,Under 18,__MISSING__,__MISSING__,Not a Pedestrian,Driving carelessly,afternoon,2.0,2.0,3.0,17.0,3.0,0.0
Wednesday,18-30,Male,Junior high school,Employee,1-2yr,Public (12 seats),Owner,5-10yrs,__MISSING__,Industrial areas,Undivided Two way,Tangent road with flat terrain,Y Shape,Asphalt roads,Dry,Daylight,Normal,Vehicle with vehicle collision,Moving Backward,Passenger,Male,31-50,Driver,Normal,Not a Pedestrian,Driving carelessly,morning,1.0,1.0,3.0,8.0,1.0,0.0
Wednesday,Over 51,Male,Junior high school,Employee,5-10yr,Lorry (41?100Q),Owner,2-5yrs,No defect,Office areas,Two-way (divided with broken lines road marking),Tangent road with flat terrain,Crossing,Asphalt roads,Wet or damp,Darkness - lights lit,Windy,Vehicle with vehicle collision,Going straight,__MISSING__,__MISSING__,__MISSING__,Driver,Normal,Not a Pedestrian,No distancing,morning,2.0,1.0,,7.0,4.0,0.0
Tuesday,18-30,Male,Junior high school,Employee,2-5yr,Other,Owner,2-5yrs,__MISSING__,School areas,Undivided Two way,Tangent road with mild grade and flat terrain,Y Shape,Asphalt roads,Dry,Daylight,Normal,Vehicle with vehicle collision,Going straight,Driver or rider,Male,31-50,__MISSING__,__MISSING__,Not a Pedestrian,Moving Backward,afternoon,1.0,1.0,3.0,15.0,3.0,0.0
Thursday,Under 18,Male,Junior high school,Employee,1-2yr,Automobile,Owner,__MISSING__,__MISSING__,Office areas,Undivided Two way,Tangent road with flat terrain,__MISSING__,Asphalt roads,Dry,Daylight,Normal,Vehicle with vehicle collision,Reversing,Passenger,Male,Over 51,__MISSING__,__MISSING__,Not a Pedestrian,Overtaking,morning,4.0,1.0,3.0,10.0,5.0,0.0
Monday,18-30,Male,Above high school,Owner,1-2yr,Pick up upto 10Q,Owner,2-5yrs,No defect,Residential areas,Two-way (divided with broken lines road marking),Gentle horizontal curve,Y Shape,Asphalt roads,Dry,Daylight,Normal,Vehicle with vehicle collision,Going straight,Passenger,Male,5,Driver,Normal,Not a Pedestrian,Changing lane to the right,afternoon,4.0,1.0,3.0,15.0,0.0,0.0
Friday,31-50,Male,High school,Employee,Below 1yr,Automobile,Owner,__MISSING__,7,Outside rural areas,other,Tangent road with flat terrain,Crossing,Asphalt roads,Dry,Daylight,Normal,Collision with pedestrians,Going straight,__MISSING__,__MISSING__,__MISSING__,Employee,Normal,Not a Pedestrian,No priority to pedestrian,morning,2.0,1.0,,7.0,5.0,0.0
Thursday,31-50,Male,__MISSING__,__MISSING__,__MISSING__,Public (12 seats),Owner,__MISSING__,__MISSING__,Other,Two-way (divided with broken lines road marking),Tangent road with flat terrain,X Shape,Asphalt roads,Dry,Daylight,Normal,Vehicle with vehicle collision,Going straight,__MISSING__,__MISSING__,__MISSING__,Driver,Normal,Not a Pedestrian,Overtaking,afternoon,2.0,1.0,,14.0,9.0,0.0
Sunday,18-30,Male,Junior high school,Owner,__MISSING__,Automobile,Governmental,Above 10yr,No defect,Other,Two-way (divided with broken lines road marking),Tangent road with flat terrain,Y Shape,Asphalt roads,Dry,Daylight,Normal,Vehicle with vehicle collision,Going straight,Pedestrian,Female,Over 51,__MISSING__,Normal,Not a Pedestrian,Changing lane to the right,afternoon,2.0,1.0,3.0,13.0,2.0,0.0
Thursday,Over 51,Male,Junior high school,Employee,5-10yr,__MISSING__,Owner,5-10yrs,__MISSING__,Office areas,Two-way (divided with broken lines road marking),Tangent road with flat terrain,Y Shape,Asphalt roads,Wet or damp,Daylight,Normal,Collision with roadside objects,Going straight,Driver or rider,Male,31-50,Self-employed,Normal,Not a Pedestrian,Changing lane to the right,morning,2.0,1.0,3.0,11.0,2.0,0.0
Thursday,Over 51,Male,Junior high school,Employee,Above 10yr,Automobile,Owner,__MISSING__,__MISSING__,Office areas,One way,Tangent road with flat terrain,__MISSING__,Earth roads,Dry,Daylight,Normal,Vehicle with vehicle collision,Reversing,Driver or rider,Male,18-30,Self-employed,Normal,Not a Pedestrian,Overloading,morning,4.0,1.0,3.0,10.0,3.0,0.0
Monday,18-30,Male,Junior high school,Employee,Below 1yr,Stationwagen,Owner,5-10yrs,No defect,Industrial areas,other,Tangent road with flat terrain,Y Shape,Asphalt roads,Wet or damp,Daylight,Raining,Vehicle with vehicle collision,Going straight,Driver or rider,Male,Under 18,Driver,Normal,Not a Pedestrian,Other,evening,2.0,2.0,3.0,19.0,0.0,0.0
Friday,__MISSING__,Male,Junior high school,Employee,5-10yr,Lorry (41?100Q),Owner,Above 10yr,__MISSING__,Church areas,Two-way (divided with broken lines road marking),Steep grade upward with mountainous terrain,Crossing,Gravel roads,Dry,Daylight,Normal,Collision with roadside objects,Going straight,Driver or rider,Male,18-30,__MISSING__,__MISSING__,Not a Pedestrian,Changing lane to the right,morning,2.0,1.0,3.0,7.0,4.0,0.0
Thursday,__MISSING__,Female,Junior high school,Owner,Above 10yr,Automobile,Governmental,1-2yr,No defect,Residential areas,Undivided Two way,Tangent road with flat terrain,No junction,Asphalt roads,Dry,Daylight,Normal,Vehicle with vehicle collision,Going straight,Driver or rider,Male,18-30,Other,Normal,Not a Pedestrian,Moving Backward,afternoon,2.0,2.0,3.0,12.0,1.0,0.0
Saturday,__MISSING__,Male,Junior high school,Employee,1-2yr,Public (13?45 seats),Owner,__MISSING__,No defect,Office areas,Two-way (divided with broken lines road marking),Tangent road with flat terrain,No junction,Asphalt roads,Dry,Daylight,Normal,Vehicle with vehicle collision,Reversing,Driver or rider,Male,Over 51,Driver,Normal,Not a Pedestrian,Driving under the influence of drugs,morning,2.0,4.0,3.0,10.0,2.0,1.0
Sunday,Under 18,Male,Junior high school,Employee,2-5yr,__MISSING__,Owner,__MISSING__,__MISSING__,Office areas,Undivided Two way,Tangent road with flat terrain,Y Shape,Asphalt roads,Wet or damp,Daylight,Raining,Vehicle with vehicle collision,Going straight,Passenger,Female,Over 51,Driver,Normal,Not a Pedestrian,No priority to pedestrian,afternoon,2.0,1.0,3.0,13.0,3.0,0.0
Wednesday,31-50,Male,Writing & reading,Employee,2-5yr,Lorry (41?100Q),Owner,1-2yr,No defect,Other,other,Steep grade downward with mountainous terrain,No junction,Asphalt roads,Dry,Daylight,Normal,Rollover,Going straight,__MISSING__,__MISSING__,__MISSING__,__MISSING__,Normal,Not a Pedestrian,Changing lane to the right,morning,2.0,1.0,,10.0,5.0,0.0
Thursday,31-50,Male,High school,Owner,5-10yr,Lorry (41?100Q),Owner,Above 10yr,__MISSING__,Other,Two-way (divided with broken lines road marking),Tangent road with flat terrain,Crossing,Asphalt roads,Dry,Darkness - no lighting,Normal,Vehicle with vehicle collision,__MISSING__,Driver or rider,Female,Under 18,Self-employed,Normal,Not a Pedestrian,Changing lane to the left,evening,2.0,1.0,3.0,19.0,2.0,0.0
Tuesday,31-50,Male,Junior high school,Employee,2-5yr,Automobile,Owner,__MISSING__,__MISSING__,Other,Undivided Two way,Tangent road with flat terrain,Y Shape,Asphalt roads,Dry,Daylight,Normal,Collision with animals,Going straight,__MISSING__,__MISSING__,__MISSING__,__MISSING__,__MISSING__,Not a Pedestrian,Driving carelessly,afternoon,3.0,1.0,,16.0,8.0,0.0
Sunday,18-30,Male,Junior high school,Employee,Above 10yr,Lorry (41?100Q),Owner,__MISSING__,__MISSING__,Office areas,Two-way (divided with broken lines road marking),Tangent road with flat terrain,Y Shape,Asphalt roads,Dry,Darkness - lights lit,Normal,Collision with roadside objects,Going straight,Driver or rider,Male,5,Driver,Normal,Not a Pedestrian,No priority to vehicle,evening,3.0,2.0,3.0,20.0,2.0,0.0
Thursday,31-50,Male,Junior high school,Employee,5-10yr,__MISSING__,Owner,__MISSING__,__MISSING__,Office areas,One way,Tangent road with mild grade and flat terrain,Y Shape,Asphalt roads,Dry,Darkness - lights lit,Normal,Vehicle with vehicle collision,Going straight,Passenger,Female,31-50,Driver,__MISSING__,Not a Pedestrian,No distancing,evening,2.0,1.0,3.0,23.0,4.0,0.0
Tuesday,Over 51,Male,Junior high school,Employee,Above 10yr,Pick up upto 10Q,Owner,__MISSING__,No defect,Office areas,Two-way (divided with broken lines road marking),Tangent road with mountainous terrain and,__MISSING__,Asphalt roads,Wet or damp,Darkness - lights lit,Raining,Vehicle with vehicle collision,Overtaking,__MISSING__,__MISSING__,__MISSING__,__MISSING__,__MISSING__,Not a Pedestrian,No distancing,morning,1.0,4.0,,9.0,8.0,1.0
Tuesday,Over 51,Male,Junior high school,Employee,5-10yr,Motorcycle,Owner,Above 10yr,No defect,Office areas,other,Tangent road with flat terrain,Y Shape,Asphalt roads,Wet or damp,Darkness - lights lit,Other,Vehicle with vehicle collision,Going straight,__MISSING__,__MISSING__,__MISSING__,Self-employed,Normal,Not a Pedestrian,No priority to pedestrian,evening,2.0,1.0,,22.0,4.0,0.0
Friday,18-30,Female,Junior high school,Owner,1-2yr,Lorry (41?100Q),Owner,__MISSING__,No defect,Residential areas,Two-way (divided with broken lines road marking),Steep grade downward with mountainous terrain,Crossing,Asphalt roads,Dry,Daylight,Normal,Vehicle with vehicle collision,Going straight,__MISSING__,__MISSING__,__MISSING__,__MISSING__,__MISSING__,Not a Pedestrian,No priority to vehicle,evening,2.0,2.0,,19.0,7.0,0.0
Wednesday,31-50,Male,Elementary school,Employee,5-10yr,Lorry (41?100Q),Owner,__MISSING__,No defect,Office areas,One way,Tangent road with flat terrain,No junction,Asphalt roads,Wet or damp,Darkness - lights lit,Normal,Vehicle with vehicle collision,Going straight,__MISSING__,__MISSING__,__MISSING__,Self-employed,Normal,Not a Pedestrian,No priority to vehicle,evening,2.0,1.0,,19.0,5.0,0.0
Wednesday,Over 51,Male,Junior high school,Employee,Above 10yr,Other,Owner,__MISSING__,No defect,Office areas,Two-way (divided with broken lines road marking),Tangent road with flat terrain,O Shape,Asphalt roads,Wet or damp,Daylight,Raining,Collision with pedestrians,Going straight,Passenger,Male,Under 18,Driver,Normal,Not a Pedestrian,Changing lane to the left,afternoon,2.0,2.0,3.0,14.0,1.0,0.0
Sunday,31-50,Male,Junior high school,Owner,5-10yr,__MISSING__,Owner,__MISSING__,No defect,Church areas,Two-way (divided with broken lines road marking),Tangent road with flat terrain,__MISSING__,Asphalt roads,Dry,Daylight,Normal,Rollover,Going straight,Driver or rider,Male,Under 18,Other,Normal,Not a Pedestrian,No distancing,morning,2.0,4.0,3.0,11.0,3.0,1.0
Wednesday,18-30,Male,Junior high school,Owner,2-5yr,Stationwagen,Owner,__MISSING__,No defect,Hospital areas,One way,Tangent road with flat terrain,No junction,Asphalt roads,Wet or damp,Darkness - no lighting,Windy,Vehicle with vehicle collision,Going straight,Driver or rider,Male,18-30,Self-employed,Normal,Not a Pedestrian,No priority to vehicle,afternoon,2.0,3.0,3.0,17.0,1.0,0.0
Monday,18-30,Male,Junior high school,Employee,2-5yr,Automobile,__MISSING__,__MISSING__,No defect,Office areas,Undivided Two way,Tangent road with mountainous terrain and,No junction,Asphalt roads,Dry,Daylight,Normal,Collision with roadside objects,Going straight,__MISSING__,__MISSING__,__MISSING__,__MISSING__,__MISSING__,Not a Pedestrian,No distancing,afternoon,2.0,1.0,,15.0,8.0,0.0
Saturday,18-30,Male,Junior high school,Employee,1-2yr,Automobile,Owner,__MISSING__,No defect,Office areas,Two-way (divided with broken lines road marking),Tangent road with flat terrain,Y Shape,Asphalt roads,Wet or damp,Daylight,Normal,Collision with roadside objects,Going straight,__MISSING__,__MISSING__,__MISSING__,Driver,Normal,Not a Pedestrian,No distancing,afternoon,1.0,1.0,,13.0,5.0,0.0
Saturday,18-30,Male,Junior high school,Employee,Below 1yr,Automobile,Owner,2-5yrs,No defect,Rural village areas,Undivided Two way,Gentle horizontal curve,No junction,Asphalt roads,Dry,Darkness - lights lit,Normal,Collision with roadside objects,Going straight,__MISSING__,__MISSING__,__MISSING__,Driver,Normal,Not a Pedestrian,No distancing,night,2.0,1.0,,3.0,4.0,0.0
Monday,18-30,Male,Elementary school,Employee,2-5yr,__MISSING__,Governmental,__MISSING__,No defect,School areas,Double carriageway (median),Tangent road with flat terrain,Crossing,Earth roads,Dry,Darkness - lights lit,Normal,Collision with roadside objects,Reversing,Passenger,Male,Under 18,Driver,Normal,Not a Pedestrian,No distancing,night,2.0,2.0,2.0,0.0,2.0,0.0
Sunday,Over 51,Male,Elementary school,Employee,2-5yr,__MISSING__,Owner,2-5yrs,__MISSING__,Other,Two-way (divided with broken lines road marking),Tangent road with flat terrain,Crossing,Asphalt roads,Dry,Daylight,Normal,Collision with pedestrians,Other,Driver or rider,Male,18-30,Driver,Normal,Not a Pedestrian,No distancing,morning,2.0,1.0,3.0,8.0,2.0,0.0
Sunday,31-50,Male,Junior high school,Employee,2-5yr,Stationwagen,Owner,__MISSING__,__MISSING__,Church areas,Two-way (divided with broken lines road marking),Tangent road with flat terrain,Y Shape,Gravel roads,Wet or damp,Daylight,Normal,Collision with roadside objects,Other,Driver or rider,Male,18-30,Driver,Normal,Not a Pedestrian,Moving Backward,afternoon,2.0,1.0,3.0,14.0,2.0,0.0
Wednesday,31-50,Male,High school,Employee,Below 1yr,Pick up upto 10Q,Owner,5-10yrs,No defect,Other,One way,Tangent road with flat terrain,Y Shape,Asphalt roads,Dry,Daylight,Normal,Collision with pedestrians,Going straight,Driver or rider,Female,31-50,Self-employed,Normal,Not a Pedestrian,Changing lane to the left,afternoon,2.0,1.0,3.0,12.0,0.0,0.0
Sunday,31-50,Male,High school,Employee,1-2yr,Lorry (41?100Q),Owner,Below 1yr,__MISSING__,Other,Undivided Two way,Tangent road with mild grade and flat terrain,No junction,Asphalt roads,Dry,Daylight,Normal,Vehicle with vehicle collision,Getting off,Driver or rider,Female,18-30,Driver,Normal,Not a Pedestrian,No distancing,afternoon,2.0,1.0,3.0,17.0,1.0,0.0
Friday,Over 51,Male,High school,Owner,Above 10yr,Bicycle,Owner,__MISSING__,No defect,Industrial areas,Undivided Two way,Tangent road with flat terrain,No junction,Asphalt roads,Wet or damp,Darkness - lights lit,Normal,Vehicle with vehicle collision,Going straight,__MISSING__,__MISSING__,__MISSING__,Other,Normal,Not a Pedestrian,No distancing,afternoon,2.0,2.0,,16.0,5.0,0.0
Monday,Under 18,Male,High school,Employee,2-5yr,Automobile,Owner,__MISSING__,No defect,Office areas,Undivided Two way,Tangent road with flat terrain,Y Shape,Asphalt roads,Dry,Daylight,Normal,Vehicle with vehicle collision,Going straight,Driver or rider,Male,18-30,__MISSING__,__MISSING__,Not a Pedestrian,No priority to pedestrian,afternoon,2.0,1.0,3.0,15.0,3.0,0.0
Wednesday,Over 51,Male,Junior high school,Employee,5-10yr,Public (13?45 seats),Owner,__MISSING__,No defect,Residential areas,Undivided Two way,Tangent road with flat terrain,Y Shape,Asphalt roads,Wet or damp,Darkness - lights lit,__MISSING__,Collision with pedestrians,Getting off,Driver or rider,Male,18-30,Self-employed,Normal,Not a Pedestrian,Overloading,afternoon,1.0,1.0,3.0,17.0,2.0,0.0
Wednesday,31-50,Male,Junior high school,Employee,1-2yr,Public (13?45 seats),Owner,__MISSING__,No defect,Other,Undivided Two way,Tangent road with flat terrain,No junction,Asphalt roads,Dry,Daylight,Normal,Collision with pedestrians,Going straight,Pedestrian,Male,18-30,Self-employed,Normal,Unknown or other,Moving Backward,afternoon,2.0,2.0,3.0,16.0,1.0,0.0
Thursday,31-50,Male,Junior high school,Employee,2-5yr,Automobile,Owner,__MISSING__,No defect,Office areas,Two-way (divided with broken lines road marking),Tangent road with flat terrain,Y Shape,Asphalt roads,Dry,Daylight,Normal,Vehicle with vehicle collision,Going straight,Passenger,Female,18-30,__MISSING__,__MISSING__,Not a Pedestrian,No distancing,evening,2.0,1.0,3.0,20.0,3.0,0.0
Wednesday,18-30,Male,High school,Employee,5-10yr,Long lorry,Owner,__MISSING__,No defect,Hospital areas,One way,Tangent road with flat terrain,Y Shape,Asphalt roads,Dry,Daylight,Normal,Vehicle with vehicle collision,Going straight,Driver or rider,Male,18-30,Driver,Normal,Not a Pedestrian,Driving carelessly,morning,2.0,1.0,2.0,10.0,1.0,0.0
Friday,31-50,Male,Junior high school,Employee,2-5yr,Public (> 45 seats),Owner,2-5yrs,__MISSING__,Office areas,One way,Steep grade downward with mountainous terrain,Y Shape,Asphalt roads with some distress,Dry,Daylight,Normal,Vehicle with vehicle collision,Moving Backward,Pedestrian,Male,31-50,Driver,Normal,Not a Pedestrian,Changing lane to the right,afternoon,3.0,2.0,3.0,15.0,1.0,0.0
Friday,18-30,Male,Junior high school,Employee,Below 1yr,Automobile,Owner,__MISSING__,__MISSING__,Office areas,other,Tangent road with flat terrain,No junction,Asphalt roads,Dry,Daylight,Normal,Vehicle with vehicle collision,Going straight,Passenger,Female,Under 18,__MISSING__,__MISSING__,Not a Pedestrian,Overturning,afternoon,1.0,1.0,3.0,17.0,4.0,0.0
Monday,Over 51,Male,Elementary school,Employee,5-10yr,Automobile,Owner,__MISSING__,__MISSING__,Residential areas,other,Tangent road with flat terrain,No junction,Asphalt roads,Dry,Daylight,Normal,Vehicle with vehicle collision,Getting off,Driver or rider,Male,18-30,Driver,Normal,Not a Pedestrian,Changing lane to the right,afternoon,3.0,1.0,3.0,16.0,2.0,0.0
Friday,18-30,Male,Writing & reading,Employee,Below 1yr,Lorry (11?40Q),Owner,__MISSING__,__MISSING__,Residential areas,One way,Tangent road with flat terrain,Crossing,Asphalt roads,Dry,Daylight,Normal,Vehicle with vehicle collision,Going straight,Driver or rider,Female,31-50,Driver,Normal,Not a Pedestrian,Driving carelessly,afternoon,1.0,1.0,3.0,14.0,2.0,0.0
Sunday,18-30,Male,High school,Employee,Below 1yr,Stationwagen,Owner,5-10yrs,__MISSING__,Residential areas,Undivided Two way,Tangent road with flat terrain,Crossing,Asphalt roads,Dry,Daylight,Normal,Vehicle with vehicle collision,Going straight,__MISSING__,__MISSING__,__MISSING__,Driver,Normal,Not a Pedestrian,No distancing,afternoon,2.0,1.0,,15.0,5.0,0.0
Sunday,18-30,Male,Junior high school,Owner,1-2yr,Automobile,Owner,__MISSING__,No defect,Other,Undivided Two way,Tangent road with flat terrain,Y Shape,Asphalt roads,Dry,Darkness - lights lit,Normal,Collision with roadside objects,Moving Backward,Passenger,Female,31-50,Employee,Normal,Not a Pedestrian,Changing lane to the left,night,2.0,7.0,2.0,4.0,1.0,1.0
Tuesday,18-30,Male,Junior high school,Employee,5-10yr,Public (12 seats),Owner,__MISSING__,No defect,Residential areas,One way,Tangent road with flat terrain,Y Shape,Asphalt roads,Dry,Daylight,Normal,Vehicle with vehicle collision,Entering a junction,Driver or rider,Male,18-30,Driver,Normal,Not a Pedestrian,No distancing,afternoon,3.0,1.0,3.0,13.0,1.0,0.0
Saturday,31-50,Male,Junior high school,Employee,Below 1yr,Lorry (41?100Q),Owner,__MISSING__,__MISSING__,Office areas,other,Tangent road with flat terrain,No junction,Asphalt roads,Wet or damp,Darkness - lights lit,Cloudy,Vehicle with vehicle collision,Going straight,Pedestrian,Female,Under 18,Driver,Normal,Crossing from offside - masked by parked or statioNot a Pedestrianry vehicle,Moving Backward,afternoon,2.0,2.0,3.0,14.0,2.0,0.0
Saturday,18-30,Male,Elementary school,Employee,2-5yr,Other,Owner,__MISSING__,No defect,Office areas,Undivided Two way,Tangent road with flat terrain,No junction,Asphalt roads,Dry,Daylight,Normal,Vehicle with vehicle collision,Moving Backward,Driver or rider,Female,Under 18,Other,Normal,Not a Pedestrian,Driving carelessly,morning,2.0,1.0,3.0,9.0,1.0,0.0
Tuesday,18-30,Male,Junior high school,Employee,Below 1yr,Automobile,Organization,2-5yrs,__MISSING__,Residential areas,Undivided Two way,Tangent road with flat terrain,__MISSING__,Asphalt roads,Dry,Daylight,Normal,Vehicle with vehicle collision,Getting off,Passenger,Male,31-50,Self-employed,Normal,Not a Pedestrian,Changing lane to the left,afternoon,2.0,2.0,3.0,17.0,2.0,0.0
Saturday,31-50,Male,Elementary school,Other,5-10yr,Lorry (41?100Q),__MISSING__,__MISSING__,__MISSING__,Other,Undivided Two way,Tangent road with flat terrain,Y Shape,Asphalt roads,Dry,Daylight,Normal,Vehicle with vehicle collision,Other,__MISSING__,__MISSING__,__MISSING__,__MISSING__,__MISSING__,Not a Pedestrian,No priority to vehicle,morning,1.0,1.0,,9.0,9.0,0.0
Friday,31-50,Male,Junior high school,Employee,Above 10yr,Stationwagen,Owner,2-5yrs,__MISSING__,Church areas,Two-way (divided with broken lines road marking),Tangent road with flat terrain,Y Shape,Asphalt roads,Dry,Daylight,Normal,Vehicle with vehicle collision,Going straight,Driver or rider,Male,18-30,__MISSING__,__MISSING__,Not a Pedestrian,No distancing,morning,2.0,1.0,3.0,7.0,3.0,0.0
Monday,31-50,Male,Elementary school,Employee,1-2yr,Automobile,Owner,__MISSING__,No defect,Other,Two-way (divided with broken lines road marking),Tangent road with flat terrain,Y Shape,Asphalt roads,Dry,Daylight,__MISSING__,Vehicle with vehicle collision,Going straight,__MISSING__,__MISSING__,__MISSING__,Driver,Normal,Not a Pedestrian,Other,morning,3.0,4.0,,9.0,6.0,1.0
Wednesday,Over 51,Male,Elementary school,Owner,2-5yr,Long lorry,Governmental,__MISSING__,No defect,Other,Two-way (divided with solid lines road marking),Tangent road with flat terrain,Y Shape,Asphalt roads,Dry,Darkness - lights lit,Normal,Vehicle with vehicle collision,Going straight,Driver or rider,Female,31-50,__MISSING__,Normal,Not a Pedestrian,Driving carelessly,morning,1.0,1.0,3.0,6.0,2.0,0.0
Friday,31-50,Male,Junior high school,Employee,Above 10yr,Lorry (41?100Q),Owner,__MISSING__,No defect,Office areas,other,Tangent road with mountainous terrain and,Other,Asphalt roads,Dry,Darkness - lights lit,Normal,Collision with pedestrians,Other,__MISSING__,__MISSING__,__MISSING__,Driver,Normal,Not a Pedestrian,Changing lane to the left,afternoon,2.0,1.0,,17.0,5.0,0.0
Wednesday,31-50,Male,High school,Owner,5-10yr,Automobile,Owner,__MISSING__,No defect,Other,One way,Tangent road with flat terrain,No junction,Asphalt roads,Wet or damp,Darkness - lights lit,Raining,Collision with roadside objects,Reversing,Driver or rider,Male,31-50,Driver,Normal,Not a Pedestrian,No distancing,evening,2.0,1.0,3.0,18.0,1.0,0.0
Wednesday,31-50,Male,High school,Employee,Above 10yr,Pick up upto 10Q,Owner,1-2yr,No defect,Office areas,Double carriageway (median),Tangent road with flat terrain,Other,Asphalt roads,Dry,Daylight,__MISSING__,Vehicle with vehicle collision,Going straight,__MISSING__,__MISSING__,__MISSING__,__MISSING__,__MISSING__,Not a Pedestrian,Changing lane to the right,morning,1.0,1.0,,9.0,7.0,0.0
Thursday,18-30,Male,Elementary school,Owner,2-5yr,Lorry (41?100Q),Owner,__MISSING__,No defect,Office areas,Double carriageway (median),Tangent road with flat terrain,Crossing,Asphalt roads,Wet or damp,Daylight,Other,Vehicle with vehicle collision,Going straight,__MISSING__,__MISSING__,__MISSING__,Driver,Normal,Not a Pedestrian,Changing lane to the right,morning,2.0,1.0,,9.0,5.0,0.0
Friday,31-50,Male,Junior high school,Employee,5-10yr,Automobile,Owner,5-10yrs,__MISSING__,Residential areas,Undivided Two way,Tangent road with flat terrain,Crossing,Asphalt roads,Dry,Daylight,Normal,Vehicle with vehicle collision,Going straight,__MISSING__,__MISSING__,__MISSING__,Driver,Normal,Not a Pedestrian,Changing lane to the left,morning,2.0,1.0,,10.0,5.0,0.0
Friday,18-30,Male,Elementary school,Employee,Below 1yr,Public (> 45 seats),Governmental,1-2yr,No defect,Other,Two-way (divided with broken lines road marking),Tangent road with flat terrain,No junction,Asphalt roads,Dry,Daylight,Normal,Collision with roadside objects,Going straight,__MISSING__,__MISSING__,__MISSING__,__MISSING__,__MISSING__,Not a Pedestrian,Changing lane to the left,afternoon,2.0,1.0,,13.0,6.0,0.0
Monday,Over 51,Male,Junior high school,Employee,Below 1yr,Public (> 45 seats),Organization,2-5yrs,__MISSING__,Industrial areas,Two-way (divided with broken lines road marking),Tangent road with flat terrain,Crossing,Asphalt roads,Wet or damp,Daylight,Windy,Vehicle with vehicle collision,Going straight,Pedestrian,Male,31-50,__MISSING__,__MISSING__,Not a Pedestrian,No priority to vehicle,afternoon,2.0,1.0,3.0,12.0,3.0,0.0
Saturday,Under 18,Male,Elementary school,__MISSING__,__MISSING__,Pick up upto 10Q,Owner,__MISSING__,__MISSING__,Residential areas,Undivided Two way,Tangent road with flat terrain,Crossing,Asphalt roads,Dry,Daylight,Normal,Vehicle with vehicle collision,Going straight,__MISSING__,__MISSING__,__MISSING__,Other,Normal,Not a Pedestrian,Driving to the left,evening,2.0,1.0,,20.0,8.0,0.0
Wednesday,31-50,Male,Junior high school,Employee,Below 1yr,Pick up upto 10Q,Owner,__MISSING__,__MISSING__,Other,Two-way (divided with broken lines road marking),Tangent road with flat terrain,O Shape,Asphalt roads,Wet or damp,Daylight,Raining,Vehicle with vehicle collision,Going straight,Pedestrian,Male,31-50,Driver,Normal,Not a Pedestrian,Overturning,afternoon,2.0,2.0,3.0,14.0,2.0,0.0
Saturday,18-30,Male,Junior high school,Employee,Above 10yr,Automobile,Owner,__MISSING__,__MISSING__,Residential areas,__MISSING__,Tangent road with flat terrain,Y Shape,Asphalt roads,Dry,Daylight,Normal,Vehicle with vehicle collision,Moving Backward,Driver or rider,Male,5,Driver,Normal,Not a Pedestrian,Changing lane to the left,evening,2.0,1.0,3.0,20.0,3.0,0.0
Tuesday,31-50,Male,Junior high school,Owner,2-5yr,Special vehicle,Owner,__MISSING__,No defect,Residential areas,Undivided Two way,Tangent road with flat terrain,Other,Asphalt roads,Dry,Daylight,Normal,Collision with roadside objects,Other,__MISSING__,__MISSING__,__MISSING__,Driver,Normal,Not a Pedestrian,Changing lane to the left,morning,3.0,1.0,,10.0,5.0,0.0
Sunday,Under 18,Male,High school,Employee,1-2yr,Lorry (11?40Q),Owner,2-5yrs,__MISSING__,Other,Undivided Two way,Tangent road with flat terrain,Y Shape,Other,Wet or damp,Darkness - lights lit,Raining,Vehicle with vehicle collision,Going straight,__MISSING__,__MISSING__,__MISSING__,Driver,Normal,Not a Pedestrian,No distancing,evening,2.0,1.0,,20.0,5.0,0.0
Sunday,18-30,Male,Junior high school,Employee,2-5yr,Public (12 seats),Owner,__MISSING__,No defect,Other,Two-way (divided with broken lines road marking),Tangent road with flat terrain,Crossing,Asphalt roads,Dry,Daylight,Normal,Vehicle with vehicle collision,Going straight,__MISSING__,__MISSING__,__MISSING__,Driver,Normal,Not a Pedestrian,Driving under the influence of drugs,afternoon,3.0,2.0,,12.0,5.0,0.0
Monday,31-50,Male,Elementary school,Other,5-10yr,Motorcycle,Owner,__MISSING__,No defect,Office areas,Two-way (divided with solid lines road marking),Tangent road with flat terrain,No junction,Asphalt roads,Dry,Daylight,Normal,Vehicle with vehicle collision,Going straight,__MISSING__,__MISSING__,__MISSING__,Self-employed,Normal,Not a Pedestrian,No distancing,afternoon,3.0,1.0,,16.0,5.0,0.0
Tuesday,__MISSING__,Female,Junior high school,Employee,Above 10yr,Pick up upto 10Q,Owner,__MISSING__,__MISSING__,Other,other,Tangent road with flat terrain,No junction,Asphalt roads,Dry,Daylight,Normal,Vehicle with vehicle collision,Other,Passenger,Female,31-50,Driver,Normal,Not a Pedestrian,No distancing,afternoon,1.0,1.0,3.0,13.0,3.0,0.0
Monday,__MISSING__,Male,Junior high school,Employee,Above 10yr,Automobile,Owner,1-2yr,No defect,Rural village areas,Undivided Two way,Gentle horizontal curve,Y Shape,Asphalt roads,Wet or damp,Darkness - lights lit,Windy,Vehicle with vehicle collision,Other,Pedestrian,Female,Over 51,Driver,Normal,Not a Pedestrian,Overspeed,afternoon,2.0,1.0,1.0,17.0,1.0,0.0
Tuesday,31-50,Male,Junior high school,Employee,Above 10yr,Automobile,Governmental,Below 1yr,No defect,Residential areas,Two-way (divided with broken lines road marking),Tangent road with flat terrain,Y Shape,Asphalt roads,Dry,Daylight,Normal,Vehicle with vehicle collision,Moving Backward,__MISSING__,__MISSING__,__MISSING__,Driver,Normal,Not a Pedestrian,Overtaking,afternoon,3.0,1.0,,17.0,4.0,0.0
Tuesday,Under 18,Male,Above high school,Employee,5-10yr,__MISSING__,Owner,__MISSING__,No defect,Office areas,Two-way (divided with broken lines road marking),Tangent road with mild grade and flat terrain,Other,Asphalt roads,Dry,Daylight,Normal,Rollover,Going straight,Passenger,Male,18-30,Self-employed,Normal,Not a Pedestrian,No priority to vehicle,morning,2.0,2.0,3.0,11.0,2.0,0.0
Monday,18-30,Male,__MISSING__,Owner,__MISSING__,Automobile,Governmental,5-10yrs,No defect,Other,Undivided Two way,Tangent road with flat terrain,No junction,Asphalt roads,Dry,Daylight,Normal,Collision with roadside objects,Overtaking,__MISSING__,__MISSING__,__MISSING__,Driver,Normal,Not a Pedestrian,Changing lane to the left,evening,2.0,1.0,,20.0,6.0,0.0
Sunday,__MISSING__,Female,Junior high school,Employee,Above 10yr,Public (12 seats),Governmental,__MISSING__,__MISSING__,Residential areas,Two-way (divided with broken lines road marking),Tangent road with flat terrain,No junction,Asphalt roads,Dry,Darkness - lights lit,Normal,Vehicle with vehicle collision,Going straight,Passenger,Male,18-30,__MISSING__,__MISSING__,Not a Pedestrian,No priority to vehicle,night,2.0,1.0,3.0,3.0,5.0,0.0
Wednesday,Over 51,Male,Elementary school,Employee,5-10yr,Lorry (41?100Q),__MISSING__,__MISSING__,__MISSING__,Other,Undivided Two way,Tangent road with flat terrain,No junction,Asphalt roads,Dry,Darkness - no lighting,Cloudy,Vehicle with vehicle collision,Going straight,Driver or rider,Male,18-30,__MISSING__,__MISSING__,Not a Pedestrian,No priority to pedestrian,morning,2.0,1.0,3.0,7.0,5.0,0.0
Wednesday,31-50,Male,High school,Employee,Below 1yr,__MISSING__,Owner,1-2yr,No defect,Industrial areas,other,Tangent road with flat terrain,Crossing,Asphalt roads,Wet or damp,Darkness - lights lit,Raining,Vehicle with vehicle collision,Going straight,__MISSING__,__MISSING__,__MISSING__,Driver,Normal,Not a Pedestrian,No priority to vehicle,evening,2.0,1.0,,22.0,5.0,0.0
Tuesday,18-30,Male,Elementary school,Employee,5-10yr,Public (13?45 seats),Owner,Below 1yr,No defect,Other,Undivided Two way,Tangent road with flat terrain,Y Shape,Asphalt roads,Wet or damp,Darkness - lights lit,Snow,Vehicle with vehicle collision,Moving Backward,Driver or rider,Male,31-50,Employee,Normal,Not a Pedestrian,Other,evening,1.0,1.0,3.0,19.0,0.0,0.0
Friday,__MISSING__,Male,Junior high school,Owner,1-2yr,Other,Owner,1-2yr,No defect,Other,Two-way (divided with broken lines road marking),Tangent road with flat terrain,Y Shape,Asphalt roads,Dry,Daylight,Normal,Vehicle with vehicle collision,Reversing,Driver or rider,Female,18-30,__MISSING__,__MISSING__,Not a Pedestrian,Driving carelessly,evening,2.0,3.0,3.0,20.0,3.0,0.0
Thursday,31-50,Male,Junior high school,Owner,5-10yr,Pick up upto 10Q,Owner,2-5yrs,No defect,Other,Two-way (divided with broken lines road marking),Tangent road with flat terrain,No junction,Asphalt roads,Dry,Darkness - lights lit,Normal,Vehicle with vehicle collision,Going straight,__MISSING__,__MISSING__,__MISSING__,Employee,Normal,Not a Pedestrian,Changing lane to the left,afternoon,2.0,1.0,,17.0,4.0,0.0
Monday,__MISSING__,Male,Junior high school,Owner,5-10yr,Public (13?45 seats),Owner,1-2yr,__MISSING__,School areas,other,Steep grade downward with mountainous terrain,No junction,Asphalt roads,Dry,Daylight,Normal,Vehicle with vehicle collision,Going straight,Driver or rider,Male,31-50,Driver,Normal,Not a Pedestrian,Driving under the influence of drugs,afternoon,2.0,1.0,3.0,14.0,2.0,0.0
Friday,31-50,Male,Junior high school,Employee,Above 10yr,Other,Owner,__MISSING__,No defect,Industrial areas,Two-way (divided with broken lines road marking),__MISSING__,No junction,Asphalt roads,Dry,Daylight,Normal,Vehicle with vehicle collision,Going straight,__MISSING__,__MISSING__,__MISSING__,Driver,Normal,Not a Pedestrian,No priority to vehicle,afternoon,2.0,3.0,,16.0,6.0,0.0
Tuesday,18-30,Male,Junior high school,Employee,Above 10yr,__MISSING__,Governmental,Above 10yr,No defect,Other,Two-way (divided with broken lines road marking),Tangent road with flat terrain,Y Shape,Asphalt roads,Dry,Darkness - lights lit,Normal,Vehicle with vehicle collision,Going straight,__MISSING__,__MISSING__,__MISSING__,Self-employed,Normal,Not a Pedestrian,No distancing,afternoon,2.0,1.0,,17.0,5.0,0.0
Sunday,Over 51,Male,Elementary school,Employee,5-10yr,Public (12 seats),Owner,__MISSING__,No defect,Other,Two-way (divided with broken lines road marking),Tangent road with flat terrain,Y Shape,Asphalt roads,Wet or damp,Daylight,Raining,Vehicle with vehicle collision,Going straight,__MISSING__,__MISSING__,__MISSING__,Driver,Normal,Not a Pedestrian,Moving Backward,afternoon,2.0,1.0,,13.0,5.0,0.0
Friday,31-50,Male,Junior high school,Employee,5-10yr,Other,Owner,__MISSING__,No defect,Office areas,One way,Tangent road with flat terrain,No junction,Asphalt roads,Dry,Daylight,Normal,Vehicle with vehicle collision,Going straight,Pedestrian,Male,18-30,Driver,Normal,Crossing from offside - masked by parked or statioNot a Pedestrianry vehicle,No distancing,afternoon,2.0,1.0,3.0,13.0,1.0,0.0
Wednesday,31-50,Male,Elementary school,Employee,5-10yr,Lorry (41?100Q),Owner,__MISSING__,No defect,Recreational areas,other,Tangent road with flat terrain,Crossing,Asphalt roads,Wet or damp,Daylight,Raining,Vehicle with vehicle collision,Turnover,Pedestrian,Male,31-50,Driver,Normal,Crossing from nearside - masked by parked or statioNot a Pedestrianry vehicle,No priority to pedestrian,morning,2.0,1.0,2.0,7.0,1.0,0.0
Friday,Over 51,Male,Junior high school,Owner,2-5yr,Pick up upto 10Q,Owner,__MISSING__,No defect,Recreational areas,One way,Tangent road with flat terrain,Crossing,Asphalt roads,Wet or damp,Daylight,Normal,Vehicle with vehicle collision,Going straight,__MISSING__,__MISSING__,__MISSING__,Other,Normal,Not a Pedestrian,Driving carelessly,morning,2.0,1.0,,8.0,5.0,0.0
Friday,18-30,Male,Junior high school,Employee,5-10yr,Automobile,Owner,5-10yrs,No defect,Church areas,other,Tangent road with flat terrain,No junction,__MISSING__,Dry,Daylight,Normal,Vehicle with vehicle collision,Moving Backward,Driver or rider,Male,31-50,__MISSING__,__MISSING__,Not a Pedestrian,Other,afternoon,1.0,1.0,2.0,17.0,3.0,0.0
Friday,__MISSING__,Male,Elementary school,Employee,2-5yr,Other,Governmental,2-5yrs,__MISSING__,Other,Two-way (divided with broken lines road marking),Tangent road with flat terrain,Crossing,Asphalt roads,Wet or damp,Daylight,Other,Vehicle with vehicle collision,Going straight,__MISSING__,__MISSING__,__MISSING__,Driver,Normal,Not a Pedestrian,Driving under the influence of drugs,evening,2.0,1.0,,18.0,6.0,0.0
Friday,18-30,Male,Junior high school,Employee,Above 10yr,Lorry (41?100Q),Owner,__MISSING__,No defect,Residential areas,Two-way (divided with broken lines road marking),Tangent road with flat terrain,No junction,Asphalt roads,Wet or damp,Daylight,Normal,Vehicle with vehicle collision,Going straight,Pedestrian,Male,31-50,Driver,Normal,Crossing from nearside - masked by parked or statioNot a Pedestrianry vehicle,Changing lane to the left,afternoon,2.0,4.0,3.0,16.0,1.0,1.0
Thursday,18-30,Male,Elementary school,Employee,__MISSING__,Taxi,Owner,__MISSING__,No defect,Office areas,other,Tangent road with mountainous terrain and,No junction,Asphalt roads,Dry,Daylight,Normal,Collision with roadside objects,Going straight,__MISSING__,__MISSING__,__MISSING__,__MISSING__,__MISSING__,Not a Pedestrian,No priority to vehicle,afternoon,2.0,1.0,,17.0,8.0,0.0
Sunday,18-30,Male,Elementary school,Employee,2-5yr,Other,Owner,Below 1yr,__MISSING__,Other,Undivided Two way,Tangent road with mild grade and flat terrain,Crossing,Asphalt roads,Dry,Darkness - no lighting,Normal,Vehicle with vehicle collision,__MISSING__,Driver or rider,Male,31-50,Driver,Normal,Not a Pedestrian,Driving carelessly,evening,2.0,2.0,3.0,19.0,2.0,0.0
Wednesday,__MISSING__,Male,Junior high school,Employee,1-2yr,Public (13?45 seats),Owner,2-5yrs,No defect,Residential areas,Undivided Two way,Tangent road with flat terrain,Y Shape,Asphalt roads,Dry,Darkness - lights lit,__MISSING__,Vehicle with vehicle collision,__MISSING__,Driver or rider,Male,18-30,Driver,Normal,Not a Pedestrian,Moving Backward,evening,2.0,1.0,3.0,18.0,3.0,0.0
Friday,31-50,Male,High school,Employee,5-10yr,Lorry (41?100Q),Owner,__MISSING__,No defect,Other,Two-way (divided with broken lines road marking),Tangent road with flat terrain,Y Shape,Asphalt roads,Dry,Darkness - lights lit,Normal,Vehicle with vehicle collision,Going straight,__MISSING__,__MISSING__,__MISSING__,Employee,Normal,Not a Pedestrian,Changing lane to the right,afternoon,1.0,1.0,,17.0,5.0,0.0
Monday,__MISSING__,Female,High school,Employee,Above 10yr,Automobile,Governmental,Below 1yr,No defect,Other,Two-way (divided with broken lines road marking),Tangent road with flat terrain,__MISSING__,Asphalt roads,Wet or damp,Darkness - lights lit,Normal,Collision with pedestrians,Going straight,__MISSING__,__MISSING__,__MISSING__,__MISSING__,__MISSING__,Not a Pedestrian,Changing lane to the right,morning,2.0,1.0,,9.0,8.0,0.0
Monday,18-30,Male,Junior high school,Employee,No Licence,Automobile,Owner,__MISSING__,No defect,Residential areas,Two-way (divided with broken lines road marking),Tangent road with flat terrain,Y Shape,Asphalt roads,Dry,Daylight,Normal,Vehicle with vehicle collision,Going straight,__MISSING__,__MISSING__,__MISSING__,Student,Normal,Not a Pedestrian,Changing lane to the right,afternoon,2.0,1.0,,14.0,5.0,0.0
Friday,__MISSING__,Female,Junior high school,Owner,Below 1yr,Pick up upto 10Q,Owner,__MISSING__,__MISSING__,Office areas,Two-way (divided with broken lines road marking),Tangent road with flat terrain,Y Shape,Asphalt roads,Dry,Daylight,Normal,Vehicle with vehicle collision,Going straight,Driver or rider,Female,31-50,Driver,Normal,Not a Pedestrian,Changing lane to the right,morning,2.0,1.0,3.0,11.0,3.0,0.0
Thursday,18-30,Male,Elementary school,Owner,5-10yr,Public (13?45 seats),Governmental,5-10yrs,No defect,Other,Undivided Two way,Tangent road with flat terrain,Y Shape,Asphalt roads,Dry,Darkness - lights lit,Normal,Vehicle with vehicle collision,Going straight,Pedestrian,Female,18-30,Self-employed,Normal,Crossing from nearside - masked by parked or statioNot a Pedestrianry vehicle,No distancing,evening,1.0,1.0,3.0,19.0,0.0,0.0
Sunday,31-50,Male,Junior high school,Employee,5-10yr,Public (> 45 seats),Organization,2-5yrs,No defect,Other,Two-way (divided with broken lines road marking),Tangent road with mountainous terrain and,No junction,Asphalt roads,Wet or damp,Darkness - lights lit,Raining,Vehicle with vehicle collision,Other,Driver or rider,Male,18-30,Driver,Normal,Not a Pedestrian,No distancing,evening,2.0,1.0,3.0,22.0,0.0,0.0
Friday,__MISSING__,Female,High school,Employee,2-5yr,Automobile,Owner,__MISSING__,__MISSING__,Residential areas,__MISSING__,Tangent road with flat terrain,Crossing,Asphalt roads,Dry,Darkness - lights lit,Normal,Vehicle with vehicle collision,Reversing,Driver or rider,Male,18-30,Driver,Normal,Not a Pedestrian,Driving to the left,evening,4.0,1.0,3.0,20.0,4.0,0.0
Tuesday,18-30,Female,Junior high school,Employee,Above 10yr,Stationwagen,Owner,__MISSING__,No defect,Office areas,Double carriageway (median),Tangent road with flat terrain,No junction,Asphalt roads,Dry,Daylight,Normal,Vehicle with vehicle collision,Moving Backward,__MISSING__,__MISSING__,__MISSING__,Driver,Normal,Not a Pedestrian,No distancing,afternoon,3.0,3.0,,17.0,5.0,0.0
Saturday,Over 51,Male,Junior high school,Employee,1-2yr,Automobile,Owner,__MISSING__,__MISSING__,Industrial areas,Two-way (divided with broken lines road marking),Tangent road with flat terrain,__MISSING__,Asphalt roads,Wet or damp,Daylight,Raining,Vehicle with vehicle collision,Going straight,Driver or rider,Female,Over 51,Driver,Normal,Not a Pedestrian,No distancing,evening,1.0,2.0,2.0,20.0,3.0,0.0
Thursday,18-30,Male,High school,Employee,2-5yr,Pick up upto 10Q,Owner,__MISSING__,__MISSING__,Residential areas,Undivided Two way,Tangent road with flat terrain,No junction,Asphalt roads,Dry,Daylight,Normal,Vehicle with vehicle collision,Other,__MISSING__,__MISSING__,__MISSING__,Driver,Normal,Not a Pedestrian,No distancing,afternoon,2.0,1.0,,15.0,6.0,0.0
Sunday,18-30,Male,Elementary school,Employee,5-10yr,Pick up upto 10Q,Owner,Above 10yr,No defect,Residential areas,other,Tangent road with flat terrain,__MISSING__,Asphalt roads,Dry,Daylight,Normal,Vehicle with vehicle collision,Going straight,Driver or rider,Female,18-30,Driver,Normal,Not a Pedestrian,Changing lane to the left,night,3.0,3.0,3.0,0.0,1.0,0.0
Saturday,18-30,Male,Junior high school,Owner,2-5yr,Automobile,Owner,__MISSING__,No defect,Church areas,Undivided Two way,Tangent road with flat terrain,__MISSING__,Asphalt roads,Dry,Daylight,Normal,Vehicle with vehicle collision,Moving Backward,__MISSING__,__MISSING__,__MISSING__,Driver,Normal,Not a Pedestrian,Other,evening,2.0,2.0,,19.0,6.0,0.0
Thursday,__MISSING__,Male,Junior high school,Employee,5-10yr,Lorry (41?100Q),Owner,__MISSING__,No defect,Other,Undivided Two way,Tangent road with flat terrain,Y Shape,Asphalt roads,Dry,Darkness - lights lit,Normal,Vehicle with vehicle collision,Reversing,__MISSING__,__MISSING__,__MISSING__,Driver,Normal,Not a Pedestrian,Driving carelessly,night,1.0,1.0,,2.0,6.0,0.0
Friday,__MISSING__,Male,Junior high school,Employee,2-5yr,Taxi,Owner,Above 10yr,No defect,Residential areas,other,Tangent road with rolling terrain,Y Shape,Asphalt roads,Dry,Darkness - lights lit,Normal,Vehicle with vehicle collision,Going straight,__MISSING__,__MISSING__,__MISSING__,Self-employed,Normal,Not a Pedestrian,No distancing,evening,2.0,1.0,,23.0,5.0,0.0
Sunday,Under 18,Male,High school,Employee,5-10yr,Other,Governmental,__MISSING__,No defect,Other,Two-way (divided with broken lines road marking),Tangent road with flat terrain,No junction,Asphalt roads,Dry,Daylight,Normal,Vehicle with vehicle collision,Going straight,__MISSING__,__MISSING__,__MISSING__,Driver,Normal,Not a Pedestrian,No distancing,afternoon,1.0,1.0,,14.0,5.0,0.0
Thursday,31-50,Male,Junior high school,Employee,Above 10yr,Automobile,Owner,2-5yrs,No defect,Other,Two-way (divided with broken lines road marking),Tangent road with flat terrain,Y Shape,Asphalt roads,Dry,Daylight,Normal,Rollover,Going straight,Driver or rider,Male,Under 18,Driver,Normal,Not a Pedestrian,Changing lane to the right,morning,2.0,1.0,3.0,8.0,0.0,0.0
Thursday,31-50,Male,Above high school,Owner,2-5yr,Lorry (41?100Q),Governmental,__MISSING__,No defect,Residential areas,Double carriageway (median),Tangent road with flat terrain,Crossing,Other,Dry,Daylight,Normal,Vehicle with vehicle collision,Going straight,Driver or rider,Male,18-30,Driver,Normal,Not a Pedestrian,Other,afternoon,2.0,2.0,3.0,16.0,1.0,0.0
Tuesday,Under 18,Male,Junior high school,__MISSING__,5-10yr,__MISSING__,Owner,__MISSING__,No defect,Other,Double carriageway (median),Steep grade downward with mountainous terrain,Y Shape,Asphalt roads,Dry,Daylight,Normal,Vehicle with vehicle collision,Going straight,Driver or rider,Male,Under 18,__MISSING__,__MISSING__,Not a Pedestrian,Driving carelessly,morning,2.0,1.0,2.0,11.0,5.0,0.0
Monday,31-50,Male,Elementary school,Employee,2-5yr,Lorry (41?100Q),Organization,__MISSING__,No defect,Other,Double carriageway (median),Tangent road with flat terrain,__MISSING__,Asphalt roads,Dry,Daylight,Normal,Vehicle with vehicle collision,Going straight,__MISSING__,__MISSING__,__MISSING__,__MISSING__,__MISSING__,Not a Pedestrian,No distancing,afternoon,3.0,1.0,,16.0,8.0,0.0
Saturday,31-50,Male,Junior high school,Employee,2-5yr,Stationwagen,Owner,__MISSING__,No defect,Outside rural areas,Two-way (divided with broken lines road marking),Tangent road with flat terrain,Other,Asphalt roads,Dry,Daylight,Normal,Collision with roadside objects,Going straight,__MISSING__,__MISSING__,__MISSING__,Driver,Normal,Not a Pedestrian,Getting off the vehicle improperly,afternoon,2.0,1.0,,13.0,5.0,0.0
Thursday,31-50,Male,Junior high school,Employee,2-5yr,Pick up upto 10Q,Organization,Above 10yr,__MISSING__,Hospital areas,Two-way (divided with broken lines road marking),Tangent road with flat terrain,Crossing,Asphalt roads,Wet or damp,Daylight,Normal,Vehicle with vehicle collision,Going straight,__MISSING__,__MISSING__,__MISSING__,Self-employed,Normal,Not a Pedestrian,Other,morning,2.0,2.0,,9.0,5.0,0.0
Tuesday,Over 51,Male,Junior high school,Employee,1-2yr,Stationwagen,Owner,2-5yrs,__MISSING__,Residential areas,Undivided Two way,Tangent road with flat terrain,__MISSING__,Asphalt roads,Dry,Daylight,Normal,Vehicle with vehicle collision,Going straight,Driver or rider,Female,18-30,__MISSING__,__MISSING__,Not a Pedestrian,No distancing,afternoon,3.0,2.0,3.0,13.0,4.0,0.0
Thursday,Over 51,Male,Junior high school,Employee,5-10yr,Automobile,Owner,1-2yr,No defect,__MISSING__,Undivided Two way,Tangent road with flat terrain,Y Shape,Asphalt roads,Dry,Daylight,Normal,Vehicle with vehicle collision,Going straight,__MISSING__,__MISSING__,__MISSING__,Employee,Normal,Not a Pedestrian,Moving Backward,morning,2.0,1.0,,10.0,5.0,0.0
Wednesday,31-50,Male,Junior high school,Owner,5-10yr,Automobile,Owner,Above 10yr,No defect,Residential areas,Two-way (divided with broken lines road marking),Tangent road with flat terrain,Crossing,Asphalt roads,Dry,Darkness - lights lit,Normal,Collision with roadside objects,Going straight,Driver or rider,Male,18-30,Driver,Normal,Not a Pedestrian,No distancing,evening,2.0,2.0,3.0,21.0,0.0,0.0
Wednesday,18-30,Male,Junior high school,Employee,5-10yr,Public (> 45 seats),Governmental,Above 10yr,No defect,School areas,Two-way (divided with broken lines road marking),Tangent road with flat terrain,T Shape,Asphalt roads,Wet or damp,Darkness - lights lit,Raining,Collision with roadside objects,Going straight,__MISSING__,__MISSING__,__MISSING__,Other,Normal,Not a Pedestrian,Changing lane to the right,evening,1.0,1.0,,22.0,4.0,0.0
Saturday,18-30,Male,Junior high school,Employee,__MISSING__,Other,Owner,5-10yrs,__MISSING__,Other,Undivided Two way,Tangent road with flat terrain,No junction,Asphalt roads,Dry,Darkness - lights lit,Normal,Vehicle with vehicle collision,Other,Driver or rider,Male,31-50,Driver,Normal,Not a Pedestrian,Changing lane to the right,night,1.0,4.0,3.0,1.0,2.0,1.0
Wednesday,31-50,Male,Junior high school,Employee,5-10yr,Lorry (41?100Q),Owner,Above 10yr,No defect,Other,Undivided Two way,Tangent road with flat terrain,O Shape,Asphalt roads,Dry,Daylight,Normal,Vehicle with vehicle collision,Going straight,__MISSING__,__MISSING__,__MISSING__,Self-employed,Normal,Not a Pedestrian,Driving carelessly,afternoon,2.0,1.0,,16.0,4.0,0.0
Saturday,31-50,Male,Junior high school,Employee,2-5yr,Lorry (41?100Q),Owner,__MISSING__,No defect,Residential areas,Two-way (divided with solid lines road marking),Tangent road with flat terrain,No junction,Asphalt roads,Dry,Darkness - lights lit,Normal,__MISSING__,Going straight,Driver or rider,Male,18-30,Driver,Normal,Not a Pedestrian,No priority to pedestrian,evening,2.0,1.0,2.0,22.0,2.0,0.0
Wednesday,18-30,Male,__MISSING__,__MISSING__,__MISSING__,Automobile,Owner,__MISSING__,7,Other,other,Tangent road with flat terrain,Other,Asphalt roads,Dry,Daylight,Normal,Vehicle with vehicle collision,Other,Pedestrian,Male,18-30,__MISSING__,__MISSING__,Unknown or other,No distancing,afternoon,2.0,1.0,3.0,17.0,6.0,0.0
Friday,31-50,Male,Junior high school,Employee,5-10yr,Lorry (41?100Q),Owner,__MISSING__,No defect,Residential areas,Undivided Two way,Tangent road with flat terrain,No junction,Asphalt roads,Wet or damp,Daylight,Normal,Vehicle with vehicle collision,Going straight,Driver or rider,Male,31-50,Driver,Normal,Not a Pedestrian,Moving Backward,morning,1.0,1.0,2.0,9.0,1.0,0.0
Wednesday,18-30,Male,Junior high school,Employee,1-2yr,Motorcycle,Owner,__MISSING__,No defect,Industrial areas,Two-way (divided with broken lines road marking),Tangent road with flat terrain,Y Shape,Asphalt roads,Dry,Daylight,Normal,Vehicle with vehicle collision,Going straight,Pedestrian,Male,18-30,Driver,Normal,Unknown or other,Moving Backward,evening,3.0,1.0,3.0,18.0,1.0,0.0
Saturday,Under 18,Male,Elementary school,Employee,Below 1yr,Lorry (41?100Q),Owner,Above 10yr,No defect,Other,Undivided Two way,Tangent road with flat terrain,Y Shape,Asphalt roads,Wet or damp,Darkness - lights lit,Raining,__MISSING__,Going straight,Pedestrian,Female,Under 18,Driver,Normal,Not a Pedestrian,Getting off the vehicle improperly,afternoon,2.0,1.0,3.0,16.0,1.0,0.0
Saturday,__MISSING__,Male,Junior high school,Employee,Above 10yr,Automobile,Governmental,__MISSING__,No defect,Residential areas,Two-way (divided with broken lines road marking),Tangent road with flat terrain,Y Shape,Asphalt roads,Wet or damp,Daylight,Normal,Collision with pedestrians,Turnover,Driver or rider,Male,31-50,Employee,Normal,Not a Pedestrian,Driving to the left,afternoon,2.0,1.0,3.0,14.0,2.0,0.0
Tuesday,Over 51,Male,Junior high school,Employee,1-2yr,Lorry (41?100Q),Owner,2-5yrs,No defect,Other,Two-way (divided with broken lines road marking),Tangent road with flat terrain,No junction,Asphalt roads,Dry,Darkness - lights lit,Normal,Vehicle with vehicle collision,Going straight,__MISSING__,__MISSING__,__MISSING__,Driver,Normal,Not a Pedestrian,Changing lane to the right,evening,2.0,1.0,,19.0,4.0,0.0
Tuesday,Over 51,Male,Junior high school,Employee,2-5yr,Public (12 seats),Owner,Above 10yr,No defect,School areas,Undivided Two way,Tangent road with flat terrain,No junction,Asphalt roads,Dry,Daylight,Cloudy,Vehicle with vehicle collision,Going straight,Passenger,Female,Over 51,Self-employed,Normal,Not a Pedestrian,Changing lane to the right,morning,2.0,1.0,3.0,9.0,0.0,0.0
Monday,31-50,Male,Junior high school,Employee,2-5yr,Automobile,Owner,__MISSING__,__MISSING__,Office areas,Two-way (divided with broken lines road marking),Tangent road with flat terrain,No junction,Asphalt roads,Dry,Daylight,Normal,Vehicle with vehicle collision,Going straight,Pedestrian,Female,Over 51,__MISSING__,__MISSING__,Crossing from nearside - masked by parked or statioNot a Pedestrianry vehicle,Changing lane to the left,morning,2.0,1.0,1.0,8.0,4.0,0.0
Friday,31-50,Male,Junior high school,Employee,Above 10yr,Other,Owner,__MISSING__,No defect,Other,other,Tangent road with flat terrain,Y Shape,Asphalt roads,Dry,Daylight,Normal,Collision with roadside objects,Other,Pedestrian,Female,31-50,Driver,Normal,Not a Pedestrian,Changing lane to the right,morning,2.0,1.0,3.0,11.0,1.0,0.0
Tuesday,Over 51,Male,Elementary school,Owner,5-10yr,Public (12 seats),Owner,__MISSING__,No defect,Church areas,Undivided Two way,Tangent road with flat terrain,__MISSING__,__MISSING__,Wet or damp,Darkness - lights lit,Normal,Vehicle with vehicle collision,Going straight,Pedestrian,Male,Under 18,Driver,Normal,Not a Pedestrian,Driving carelessly,morning,3.0,1.0,3.0,10.0,3.0,0.0
Tuesday,Over 51,Male,Elementary school,Employee,Above 10yr,Other,Owner,__MISSING__,No defect,Church areas,Two-way (divided with broken lines road marking),Tangent road with flat terrain,Y Shape,Earth roads,Dry,Daylight,Normal,Collision with roadside objects,Other,Driver or rider,Male,18-30,__MISSING__,__MISSING__,Not a Pedestrian,Changing lane to the left,morning,2.0,1.0,3.0,9.0,3.0,0.0
Friday,Under 18,Male,Elementary school,Employee,No Licence,Stationwagen,Owner,2-5yrs,__MISSING__,Church areas,Undivided Two way,Tangent road with flat terrain,Other,Asphalt roads,Dry,Darkness - lights lit,Normal,Vehicle with vehicle collision,Entering a junction,__MISSING__,__MISSING__,__MISSING__,Driver,Normal,Not a Pedestrian,No priority to vehicle,evening,2.0,1.0,,21.0,5.0,0.0
Tuesday,31-50,Male,Junior high school,Employee,1-2yr,Automobile,Owner,5-10yrs,No defect,Church areas,__MISSING__,Tangent road with mountainous terrain and,__MISSING__,Asphalt roads,Dry,Daylight,Normal,Vehicle with vehicle collision,Reversing,Driver or rider,Male,18-30,__MISSING__,Normal,Not a Pedestrian,Changing lane to the right,evening,2.0,2.0,2.0,18.0,3.0,0.0
Monday,Under 18,Male,Elementary school,Employee,5-10yr,Lorry (41?100Q),Owner,__MISSING__,No defect,Residential areas,Undivided Two way,Tangent road with flat terrain,Y Shape,Asphalt roads,Dry,Daylight,Normal,Collision with roadside objects,Turnover,__MISSING__,__MISSING__,__MISSING__,Driver,Normal,Not a Pedestrian,Changing lane to the right,evening,2.0,1.0,,18.0,5.0,0.0
Tuesday,18-30,__MISSING__,High school,Employee,2-5yr,Automobile,Owner,Above 10yr,No defect,Office areas,Undivided Two way,Tangent road with flat terrain,O Shape,Asphalt roads,Wet or damp,Darkness - no lighting,Raining,Vehicle with vehicle collision,Going straight,Driver or rider,Male,18-30,__MISSING__,__MISSING__,Not a Pedestrian,Changing lane to the left,evening,2.0,1.0,3.0,20.0,3.0,0.0
Saturday,18-30,Male,Junior high school,Employee,5-10yr,Lorry (11?40Q),Owner,2-5yrs,No defect,Office areas,Double carriageway (median),Tangent road with flat terrain,Y Shape,Asphalt roads,Dry,Daylight,Normal,Vehicle with vehicle collision,Other,Driver or rider,Male,31-50,Self-employed,Normal,Not a Pedestrian,Overspeed,afternoon,2.0,1.0,3.0,14.0,0.0,0.0
Wednesday,Over 51,Male,High school,Owner,2-5yr,Automobile,Owner,2-5yrs,__MISSING__,Residential areas,Double carriageway (median),Tangent road with flat terrain,Crossing,Asphalt roads,Dry,Daylight,Normal,Collision with roadside objects,Moving Backward,Pedestrian,Female,Over 51,__MISSING__,__MISSING__,Not a Pedestrian,Driving carelessly,morning,2.0,1.0,3.0,9.0,3.0,0.0
Friday,18-30,Male,Elementary school,Employee,5-10yr,Lorry (41?100Q),Owner,__MISSING__,No defect,Office areas,Undivided Two way,Tangent road with flat terrain,No junction,Asphalt roads,Dry,Daylight,Normal,Vehicle with vehicle collision,Going straight,__MISSING__,__MISSING__,__MISSING__,__MISSING__,__MISSING__,Not a Pedestrian,No priority to vehicle,morning,2.0,1.0,,8.0,7.0,0.0
Tuesday,__MISSING__,Female,Junior high school,Employee,Above 10yr,Special vehicle,Owner,5-10yrs,__MISSING__,Office areas,Undivided Two way,Tangent road with flat terrain,Y Shape,Asphalt roads,Dry,Darkness - lights lit,Normal,Vehicle with vehicle collision,Moving Backward,Driver or rider,Male,31-50,__MISSING__,Normal,Not a Pedestrian,Driving carelessly,afternoon,2.0,1.0,3.0,17.0,3.0,0.0
Sunday,__MISSING__,Male,Junior high school,Employee,1-2yr,Other,Owner,__MISSING__,No defect,Outside rural areas,Undivided Two way,Tangent road with mountainous terrain and,No junction,Asphalt roads,Dry,Daylight,Normal,Vehicle with vehicle collision,Going straight,Driver or rider,Male,18-30,Self-employed,Normal,Not a Pedestrian,No priority to vehicle,afternoon,1.0,1.0,3.0,13.0,2.0,0.0
Thursday,18-30,Male,Elementary school,Owner,5-10yr,Public (13?45 seats),Owner,__MISSING__,No defect,Industrial areas,Two-way (divided with broken lines road marking),__MISSING__,No junction,Earth roads,Dry,Daylight,Normal,Vehicle with vehicle collision,Going straight,Pedestrian,Male,18-30,Driver,Normal,Not a Pedestrian,Changing lane to the right,morning,2.0,4.0,3.0,7.0,2.0,1.0
Saturday,__MISSING__,Male,High school,Employee,5-10yr,Pick up upto 10Q,Governmental,5-10yrs,No defect,Other,Undivided Two way,Tangent road with flat terrain,Y Shape,Asphalt roads,Wet or damp,Daylight,Normal,Vehicle with vehicle collision,Going straight,__MISSING__,__MISSING__,__MISSING__,Self-employed,Normal,Not a Pedestrian,No priority to pedestrian,afternoon,2.0,2.0,,16.0,5.0,0.0
Sunday,Over 51,Male,Elementary school,Employee,5-10yr,__MISSING__,Owner,__MISSING__,No defect,Industrial areas,__MISSING__,Tangent road with flat terrain,No junction,Asphalt roads,Dry,Daylight,Normal,Vehicle with vehicle collision,Going straight,__MISSING__,__MISSING__,__MISSING__,__MISSING__,__MISSING__,Not a Pedestrian,No distancing,afternoon,3.0,4.0,,12.0,9.0,1.0
Saturday,18-30,Male,Elementary school,Owner,Below 1yr,Public (> 45 seats),Owner,Above 10yr,No defect,Church areas,other,Tangent road with flat terrain,__MISSING__,Asphalt roads,Dry,Darkness - lights lit,Normal,Collision with roadside objects,Going straight,__MISSING__,__MISSING__,__MISSING__,Self-employed,Normal,Not a Pedestrian,Overtaking,afternoon,3.0,2.0,,17.0,5.0,0.0
Tuesday,__MISSING__,Male,Junior high school,Employee,5-10yr,Lorry (11?40Q),Owner,2-5yrs,__MISSING__,Other,Undivided Two way,Tangent road with mountainous terrain and,Crossing,Asphalt roads,Dry,Daylight,Normal,Vehicle with vehicle collision,Turnover,Driver or rider,Male,31-50,Self-employed,Normal,Not a Pedestrian,Other,afternoon,2.0,1.0,3.0,14.0,2.0,0.0
Sunday,31-50,Male,Junior high school,Employee,Above 10yr,Public (13?45 seats),Owner,2-5yrs,__MISSING__,Office areas,Two-way (divided with broken lines road marking),Tangent road with mountainous terrain and,Y Shape,Asphalt roads,Dry,Daylight,Normal,Vehicle with vehicle collision,Moving Backward,Driver or rider,Male,18-30,Driver,Normal,Not a Pedestrian,Changing lane to the right,morning,2.0,1.0,3.0,7.0,1.0,0.0
Friday,31-50,Male,High school,Employee,1-2yr,Public (12 seats),Governmental,__MISSING__,No defect,Church areas,Two-way (divided with broken lines road marking),Tangent road with flat terrain,Y Shape,Asphalt roads,Dry,Daylight,Normal,Vehicle with vehicle collision,Going straight,__MISSING__,__MISSING__,__MISSING__,__MISSING__,__MISSING__,Not a Pedestrian,Driving carelessly,evening,3.0,3.0,,20.0,7.0,0.0
Sunday,18-30,Male,Above high school,Employee,Above 10yr,Public (12 seats),Owner,__MISSING__,No defect,Other,Two-way (divided with broken lines road marking),Tangent road with flat terrain,O Shape,Asphalt roads,Dry,Daylight,Normal,Vehicle with vehicle collision,Moving Backward,Driver or rider,Female,18-30,Driver,Normal,Not a Pedestrian,Changing lane to the left,evening,2.0,1.0,3.0,20.0,1.0,0.0
Thursday,31-50,Male,Elementary school,Employee,5-10yr,Automobile,Owner,__MISSING__,__MISSING__,Office areas,Two-way (divided with broken lines road marking),Tangent road with flat terrain,No junction,Asphalt roads,Dry,Daylight,Normal,Vehicle with vehicle collision,Going straight,__MISSING__,__MISSING__,__MISSING__,__MISSING__,__MISSING__,Not a Pedestrian,No distancing,evening,3.0,1.0,,20.0,8.0,0.0
Thursday,31-50,Male,Junior high school,Employee,5-10yr,Public (12 seats),Owner,1-2yr,No defect,Other,other,Tangent road with flat terrain,Crossing,Asphalt roads,Dry,Darkness - lights lit,Normal,Vehicle with vehicle collision,Going straight,Pedestrian,Female,18-30,Driver,Normal,Crossing from nearside - masked by parked or statioNot a Pedestrianry vehicle,No distancing,evening,2.0,1.0,3.0,20.0,0.0,0.0
Thursday,31-50,Male,Junior high school,Employee,5-10yr,Lorry (41?100Q),Owner,Above 10yr,No defect,Office areas,other,Tangent road with flat terrain,No junction,Asphalt roads,Dry,Daylight,Normal,Collision with animals,Waiting to go,__MISSING__,__MISSING__,__MISSING__,Other,Normal,Not a Pedestrian,No priority to vehicle,afternoon,2.0,2.0,,17.0,4.0,0.0
Saturday,18-30,Male,High school,Owner,1-2yr,Automobile,Owner,__MISSING__,No defect,Office areas,Undivided Two way,Tangent road with flat terrain,No junction,Asphalt roads,Wet or damp,Daylight,Normal,Collision with pedestrians,Going straight,Driver or rider,Male,31-50,Driver,Normal,Not a Pedestrian,No distancing,afternoon,2.0,2.0,3.0,12.0,1.0,0.0
Tuesday,18-30,Male,Junior high school,Employee,Above 10yr,Long lorry,Owner,__MISSING__,No defect,Other,Two-way (divided with broken lines road marking),Tangent road with flat terrain,__MISSING__,Asphalt roads,Wet or damp,Darkness - lights lit,Raining and Windy,Vehicle with vehicle collision,Going straight,Driver or rider,Male,31-50,Driver,Normal,Not a Pedestrian,Overtaking,afternoon,2.0,1.0,3.0,17.0,2.0,0.0
Thursday,Under 18,Male,Junior high school,Employee,1-2yr,Public (12 seats),Owner,5-10yrs,__MISSING__,Other,Two-way (divided with broken lines road marking),Tangent road with flat terrain,No junction,Asphalt roads,Dry,Daylight,Normal,Vehicle with vehicle collision,Going straight,Pedestrian,Female,18-30,Driver,Normal,Crossing from nearside - masked by parked or statioNot a Pedestrianry vehicle,No distancing,morning,2.0,1.0,2.0,8.0,1.0,0.0
Thursday,Under 18,Male,Junior high school,Employee,2-5yr,Lorry (41?100Q),Owner,__MISSING__,__MISSING__,Office areas,Undivided Two way,Tangent road with flat terrain,No junction,Asphalt roads,Wet or damp,Darkness - lights lit,Normal,Collision with pedestrians,Parked,__MISSING__,__MISSING__,__MISSING__,__MISSING__,Normal,Not a Pedestrian,Changing lane to the right,afternoon,1.0,2.0,,17.0,7.0,0.0
Sunday,Over 51,Male,Junior high school,Employee,2-5yr,Automobile,Owner,5-10yrs,No defect,Industrial areas,Undivided Two way,Tangent road with flat terrain,Crossing,Asphalt roads,Dry,Darkness - lights lit,Normal,Rollover,Going straight,Driver or rider,Male,18-30,Driver,Normal,Not a Pedestrian,No priority to pedestrian,evening,2.0,1.0,3.0,18.0,0.0,0.0
Wednesday,Over 51,Male,Junior high school,Employee,Above 10yr,Stationwagen,Owner,2-5yrs,No defect,Residential areas,Undivided Two way,Tangent road with flat terrain,Y Shape,Asphalt roads,Dry,Daylight,Normal,__MISSING__,Going straight,__MISSING__,__MISSING__,__MISSING__,Driver,Normal,Not a Pedestrian,__MISSING__,afternoon,2.0,1.0,,15.0,6.0,0.0
Friday,18-30,Male,Junior high school,Employee,1-2yr,Lorry (11?40Q),Owner,Above 10yr,No defect,Outside rural areas,Two-way (divided with broken lines road marking),Tangent road with flat terrain,Y Shape,Asphalt roads,Wet or damp,Darkness - lights lit,Raining,Vehicle with vehicle collision,Going straight,Driver or rider,Male,18-30,Self-employed,Normal,Not a Pedestrian,No distancing,evening,2.0,3.0,2.0,22.0,0.0,0.0
Friday,31-50,Male,Junior high school,Employee,2-5yr,Pick up upto 10Q,Owner,__MISSING__,__MISSING__,Office areas,Two-way (divided with broken lines road marking),Tangent road with flat terrain,Y Shape,Asphalt roads,Wet or damp,Darkness - lights lit,Normal,Vehicle with vehicle collision,Going straight,Passenger,Male,5,Self-employed,Normal,Not a Pedestrian,Driving to the left,afternoon,4.0,2.0,3.0,16.0,2.0,0.0
Saturday,18-30,Male,Junior high school,Employee,5-10yr,Automobile,Owner,Above 10yr,No defect,Other,Two-way (divided with broken lines road marking),Tangent road with flat terrain,No junction,Asphalt roads,Dry,Daylight,Normal,Collision with roadside objects,Reversing,__MISSING__,__MISSING__,__MISSING__,Driver,Normal,Not a Pedestrian,Changing lane to the right,evening,4.0,3.0,,20.0,4.0,0.0
Sunday,18-30,Male,Junior high school,Employee,5-10yr,Lorry (41?100Q),Owner,__MISSING__,No defect,Other,Undivided Two way,Tangent road with flat terrain,Crossing,Asphalt roads,Dry,Daylight,Normal,Collision with pedestrians,Reversing,Driver or rider,Male,31-50,Self-employed,Normal,Not a Pedestrian,No distancing,morning,1.0,1.0,3.0,10.0,1.0,0.0
Saturday,31-50,Male,High school,Owner,Above 10yr,Automobile,Owner,__MISSING__,__MISSING__,Other,Two-way (divided with broken lines road marking),Tangent road with flat terrain,Y Shape,Asphalt roads,Dry,Daylight,Normal,Collision with roadside objects,Other,__MISSING__,__MISSING__,__MISSING__,Driver,Normal,Not a Pedestrian,Changing lane to the left,afternoon,2.0,1.0,,17.0,6.0,0.0
Friday,31-50,Male,Junior high school,Employee,1-2yr,Taxi,Owner,2-5yrs,No defect,Office areas,Undivided Two way,Tangent road with flat terrain,No junction,Earth roads,Wet or damp,Daylight,Normal,Collision with pedestrians,Going straight,Driver or rider,Male,31-50,Driver,Normal,Not a Pedestrian,Driving carelessly,morning,2.0,2.0,3.0,7.0,0.0,0.0
Saturday,Over 51,Male,Junior high school,Employee,Below 1yr,Lorry (41?100Q),Owner,__MISSING__,No defect,Office areas,Two-way (divided with broken lines road marking),Tangent road with flat terrain,__MISSING__,Asphalt roads,Dry,Darkness - lights lit,Normal,Vehicle with vehicle collision,Going straight,Driver or rider,Male,18-30,Driver,Normal,Not a Pedestrian,Changing lane to the left,morning,2.0,2.0,3.0,9.0,2.0,0.0
Thursday,31-50,Male,High school,Owner,2-5yr,Lorry (41?100Q),Owner,1-2yr,No defect,School areas,Two-way (divided with broken lines road marking),Tangent road with flat terrain,Y Shape,Asphalt roads,Dry,Darkness - lights lit,Normal,Vehicle with vehicle collision,Other,Pedestrian,Male,Over 51,Driver,Normal,Crossing from nearside - masked by parked or statioNot a Pedestrianry vehicle,Overtaking,afternoon,2.0,1.0,3.0,17.0,0.0,0.0
Thursday,Over 51,Male,Junior high school,Employee,5-10yr,Automobile,Owner,__MISSING__,No defect,Recreational areas,One way,Tangent road with flat terrain,No junction,Asphalt roads,Wet or damp,Darkness - lights lit,Raining,Vehicle with vehicle collision,Going straight,Driver or rider,Male,Under 18,__MISSING__,__MISSING__,Not a Pedestrian,Driving at high speed,afternoon,2.0,2.0,3.0,17.0,3.0,0.0
Saturday,18-30,Male,Junior high school,Employee,2-5yr,Lorry (41?100Q),Owner,__MISSING__,No defect,Office areas,Undivided Two way,Tangent road with flat terrain,Y Shape,Asphalt roads,Dry,Daylight,Normal,Vehicle with vehicle collision,Moving Backward,__MISSING__,__MISSING__,__MISSING__,__MISSING__,__MISSING__,Not a Pedestrian,Driving carelessly,afternoon,3.0,4.0,,15.0,7.0,1.0
Friday,31-50,Male,Junior high school,Employee,5-10yr,Other,Owner,__MISSING__,No defect,Residential areas,Undivided Two way,Tangent road with flat terrain,Y Shape,Asphalt roads,Dry,Daylight,Normal,Vehicle with vehicle collision,Other,Driver or rider,Male,31-50,Self-employed,Normal,Not a Pedestrian,Moving Backward,morning,1.0,1.0,3.0,8.0,1.0,0.0
Tuesday,31-50,Male,Junior high school,Owner,Above 10yr,Lorry (41?100Q),Owner,5-10yrs,No defect,School areas,other,Tangent road with flat terrain,No junction,Asphalt roads,Wet or damp,Darkness - lights lit,Other,Vehicle with vehicle collision,Going straight,__MISSING__,__MISSING__,__MISSING__,__MISSING__,__MISSING__,Not a Pedestrian,Changing lane to the left,night,2.0,1.0,,5.0,6.0,0.0
Saturday,31-50,Male,High school,Employee,1-2yr,Lorry (41?100Q),Owner,1-2yr,No defect,Residential areas,Two-way (divided with broken lines road marking),Tangent road with flat terrain,Y Shape,Asphalt roads,Dry,Daylight,Normal,Vehicle with vehicle collision,Getting off,Driver or rider,Male,18-30,Employee,Normal,Not a Pedestrian,Driving carelessly,afternoon,2.0,1.0,3.0,12.0,0.0,0.0
Saturday,Over 51,Male,Elementary school,Employee,5-10yr,Automobile,Owner,__MISSING__,No defect,Residential areas,Two-way (divided with broken lines road marking),Tangent road with flat terrain,Y Shape,Asphalt roads,Dry,Daylight,Normal,Vehicle with vehicle collision,Entering a junction,Driver or rider,Male,18-30,Self-employed,Normal,Not a Pedestrian,Changing lane to the right,morning,2.0,1.0,3.0,11.0,1.0,0.0
Sunday,18-30,Male,Junior high school,Employee,5-10yr,Automobile,Owner,__MISSING__,No defect,Office areas,Undivided Two way,Tangent road with flat terrain,No junction,Asphalt roads,Dry,Darkness - lights lit,Normal,Vehicle with vehicle collision,Going straight,Driver or rider,Male,5,Driver,Normal,Not a Pedestrian,Driving carelessly,night,1.0,3.0,3.0,0.0,1.0,0.0
Friday,31-50,Male,Elementary school,Employee,2-5yr,Automobile,Owner,__MISSING__,No defect,__MISSING__,other,Tangent road with flat terrain,Crossing,Asphalt roads,Dry,Daylight,Normal,Vehicle with vehicle collision,U-Turn,Pedestrian,Female,Over 51,__MISSING__,__MISSING__,Unknown or other,No distancing,morning,2.0,1.0,3.0,10.0,4.0,0.0
Monday,Over 51,Male,Junior high school,Employee,__MISSING__,Lorry (41?100Q),Owner,__MISSING__,No defect,Other,Two-way (divided with broken lines road marking),Tangent road with flat terrain,No junction,Asphalt roads,Wet or damp,Darkness - no lighting,Raining,Vehicle with vehicle collision,Going straight,Pedestrian,Male,31-50,Driver,Normal,"In carriageway, statioNot a Pedestrianry - not crossing (standing or playing) - masked by parked or statioNot a Pedestrianry vehicle",No distancing,morning,2.0,1.0,3.0,9.0,2.0,0.0
Friday,18-30,Male,Junior high school,Employee,5-10yr,Stationwagen,Owner,2-5yrs,__MISSING__,Office areas,One way,Steep grade downward with mountainous terrain,Y Shape,Asphalt roads,Wet or damp,Daylight,Other,Collision with roadside objects,Going straight,Passenger,Female,5,Self-employed,Normal,Not a Pedestrian,Moving Backward,afternoon,2.0,3.0,3.0,16.0,1.0,0.0
Monday,18-30,Male,Junior high school,Employee,5-10yr,Other,Owner,5-10yrs,__MISSING__,Other,Two-way (divided with broken lines road marking),Tangent road with flat terrain,Y Shape,Asphalt roads,Dry,Daylight,Normal,Collision with roadside objects,Getting off,__MISSING__,__MISSING__,__MISSING__,Driver,Normal,Not a Pedestrian,Driving under the influence of drugs,morning,2.0,1.0,,10.0,5.0,0.0
Thursday,18-30,__MISSING__,Junior high school,Owner,5-10yr,Pick up upto 10Q,Owner,2-5yrs,__MISSING__,Recreational areas,Undivided Two way,Tangent road with flat terrain,No junction,Asphalt roads,Dry,Daylight,Normal,Collision with pedestrians,Reversing,Driver or rider,Male,18-30,__MISSING__,__MISSING__,Not a Pedestrian,Changing lane to the left,evening,3.0,1.0,3.0,18.0,4.0,0.0
Monday,Under 18,Male,High school,Owner,1-2yr,Automobile,Owner,Above 10yr,No defect,Other,other,Tangent road with flat terrain,Crossing,Asphalt roads,Dry,Darkness - lights lit,Normal,Collision with pedestrians,Moving Backward,Driver or rider,Male,18-30,Driver,Normal,Not a Pedestrian,Driving carelessly,evening,2.0,1.0,3.0,20.0,0.0,0.0
Saturday,18-30,Male,Junior high school,Employee,Below 1yr,Lorry (41?100Q),Owner,__MISSING__,No defect,Residential areas,Undivided Two way,Tangent road with flat terrain,Y Shape,Other,Dry,Darkness - lights lit,Normal,Vehicle with vehicle collision,Other,Driver or rider,Male,18-30,__MISSING__,__MISSING__,Not a Pedestrian,Changing lane to the left,afternoon,2.0,1.0,2.0,16.0,3.0,0.0
Tuesday,31-50,Male,Junior high school,Employee,Above 10yr,Automobile,Owner,__MISSING__,No defect,Church areas,One way,Tangent road with flat terrain,Y Shape,Asphalt roads,Dry,Daylight,__MISSING__,Vehicle with vehicle collision,Going straight,Pedestrian,Female,18-30,Driver,Normal,Crossing from nearside - masked by parked or statioNot a Pedestrianry vehicle,No priority to pedestrian,afternoon,2.0,3.0,3.0,16.0,2.0,0.0
Tuesday,18-30,Male,Junior high school,Employee,5-10yr,Stationwagen,Organization,5-10yrs,No defect,Hospital areas,Undivided Two way,Tangent road with mountainous terrain and,No junction,Asphalt roads,Dry,Daylight,Normal,Vehicle with vehicle collision,Going straight,__MISSING__,__MISSING__,__MISSING__,__MISSING__,__MISSING__,Not a Pedestrian,Changing lane to the left,morning,2.0,2.0,,11.0,6.0,0.0
Thursday,18-30,Male,Elementary school,Other,5-10yr,Other,Owner,2-5yrs,No defect,Residential areas,Undivided Two way,Steep grade downward with mountainous terrain,Y Shape,Asphalt roads,Dry,Daylight,Normal,Collision with roadside objects,Going straight,Driver or rider,Male,18-30,Student,Normal,Not a Pedestrian,Changing lane to the right,morning,2.0,1.0,3.0,8.0,0.0,0.0
Thursday,31-50,Male,Junior high school,Employee,5-10yr,Pick up upto 10Q,Owner,__MISSING__,No defect,Office areas,Two-way (divided with broken lines road marking),Tangent road with flat terrain,Y Shape,Asphalt roads,Dry,Daylight,Normal,Vehicle with vehicle collision,Going straight,Driver or rider,Male,31-50,__MISSING__,__MISSING__,Not a Pedestrian,Changing lane to the right,evening,2.0,1.0,3.0,20.0,3.0,0.0
Monday,31-50,Male,Junior high school,Employee,Above 10yr,Public (13?45 seats),Owner,__MISSING__,__MISSING__,Other,Two-way (divided with broken lines road marking),Tangent road with flat terrain,Y Shape,Asphalt roads,Wet or damp,Darkness - lights lit,Raining,Vehicle with vehicle collision,Moving Backward,Driver or rider,Male,18-30,__MISSING__,__MISSING__,Not a Pedestrian,Driving carelessly,evening,2.0,1.0,3.0,22.0,4.0,0.0
Wednesday,__MISSING__,Female,Elementary school,Employee,1-2yr,Long lorry,Owner,5-10yrs,No defect,Other,Two-way (divided with broken lines road marking),Tangent road with mild grade and flat terrain,No junction,Asphalt roads,Dry,Daylight,Normal,Vehicle with vehicle collision,Other,__MISSING__,__MISSING__,__MISSING__,Self-employed,Normal,Not a Pedestrian,Changing lane to the right,afternoon,2.0,2.0,,16.0,5.0,0.0
Tuesday,Over 51,Male,Junior high school,Employee,1-2yr,Lorry (41?100Q),Owner,__MISSING__,No defect,Other,Two-way (divided with broken lines road marking),Tangent road with flat terrain,Y Shape,Asphalt roads,Wet or damp,Darkness - no lighting,Normal,Vehicle with vehicle collision,Reversing,__MISSING__,__MISSING__,__MISSING__,Driver,Normal,Not a Pedestrian,Driving carelessly,afternoon,3.0,1.0,,17.0,5.0,0.0
Monday,__MISSING__,Male,Junior high school,Employee,1-2yr,Pick up upto 10Q,Owner,__MISSING__,__MISSING__,Office areas,Two-way (divided with broken lines road marking),Tangent road with flat terrain,Y Shape,Asphalt roads,Wet or damp,Daylight,Normal,Vehicle with vehicle collision,Going straight,__MISSING__,__MISSING__,__MISSING__,Driver,Normal,Not a Pedestrian,Changing lane to the left,morning,2.0,1.0,,8.0,7.0,0.0
Friday,18-30,Male,Elementary school,Other,5-10yr,Automobile,Owner,2-5yrs,__MISSING__,Office areas,Double carriageway (median),Tangent road with flat terrain,Y Shape,Asphalt roads,Dry,Daylight,Normal,Rollover,Going straight,__MISSING__,__MISSING__,__MISSING__,Driver,Normal,Not a Pedestrian,No priority to vehicle,afternoon,2.0,1.0,,16.0,5.0,0.0
Thursday,Under 18,Male,Junior high school,__MISSING__,1-2yr,Automobile,Owner,__MISSING__,__MISSING__,Other,__MISSING__,Tangent road with flat terrain,Y Shape,Asphalt roads,Wet or damp,Darkness - lights lit,Raining,Vehicle with vehicle collision,Going straight,Driver or rider,Male,18-30,Self-employed,Normal,Not a Pedestrian,Other,evening,2.0,5.0,3.0,20.0,4.0,1.0
Thursday,Under 18,Male,Junior high school,Owner,1-2yr,Automobile,Owner,1-2yr,No defect,Other,other,Tangent road with flat terrain,Y Shape,Asphalt roads,Wet or damp,Darkness - lights lit,Normal,Vehicle with vehicle collision,Going straight,Pedestrian,Male,18-30,Self-employed,Normal,Not a Pedestrian,Driving carelessly,evening,3.0,1.0,3.0,19.0,0.0,0.0
Sunday,__MISSING__,Male,Junior high school,Employee,2-5yr,Stationwagen,Owner,5-10yrs,No defect,Office areas,Two-way (divided with broken lines road marking),Tangent road with flat terrain,No junction,Asphalt roads,Dry,Daylight,Normal,Collision with roadside-parked vehicles,Going straight,Driver or rider,Male,Over 51,Driver,Normal,Not a Pedestrian,Moving Backward,afternoon,4.0,1.0,2.0,16.0,1.0,0.0
Wednesday,Under 18,Female,Junior high school,Employee,2-5yr,Automobile,Owner,Above 10yr,No defect,Residential areas,other,Tangent road with flat terrain,No junction,Asphalt roads,Dry,Daylight,Normal,Collision with roadside objects,Moving Backward,Driver or rider,Female,18-30,Employee,Normal,Not a Pedestrian,Moving Backward,morning,3.0,1.0,3.0,7.0,0.0,0.0
Sunday,18-30,Male,Junior high school,Employee,Below 1yr,Public (12 seats),__MISSING__,__MISSING__,__MISSING__,__MISSING__,__MISSING__,__MISSING__,No junction,Asphalt roads,Wet or damp,Daylight,Normal,Vehicle with vehicle collision,Reversing,Driver or rider,Male,31-50,Driver,Normal,Not a Pedestrian,Changing lane to the right,morning,2.0,1.0,3.0,11.0,6.0,0.0
Saturday,__MISSING__,Male,High school,Owner,Above 10yr,Lorry (41?100Q),Owner,5-10yrs,No defect,Office areas,Undivided Two way,Tangent road with flat terrain,No junction,Earth roads,Wet or damp,Daylight,Raining,Vehicle with vehicle collision,Going straight,Passenger,Male,Over 51,Driver,Normal,Not a Pedestrian,Changing lane to the right,afternoon,2.0,1.0,3.0,12.0,1.0,0.0
Saturday,18-30,Male,Above high school,Employee,1-2yr,Lorry (41?100Q),Owner,1-2yr,No defect,School areas,Two-way (divided with broken lines road marking),Tangent road with flat terrain,Y Shape,Asphalt roads,Dry,Darkness - lights lit,Normal,Vehicle with vehicle collision,Going straight,Passenger,Male,Under 18,Driver,Normal,Not a Pedestrian,Other,evening,2.0,2.0,3.0,20.0,0.0,0.0
Friday,18-30,Male,Junior high school,Employee,5-10yr,Public (12 seats),Owner,__MISSING__,No defect,Church areas,Undivided Two way,Tangent road with flat terrain,No junction,Asphalt roads,Dry,Daylight,Normal,Vehicle with vehicle collision,Going straight,__MISSING__,__MISSING__,__MISSING__,Self-employed,Normal,Not a Pedestrian,No priority to pedestrian,afternoon,2.0,1.0,,17.0,5.0,0.0
Sunday,Under 18,Female,Junior high school,Employee,Above 10yr,Automobile,__MISSING__,__MISSING__,__MISSING__,__MISSING__,Two-way (divided with broken lines road marking),Tangent road with flat terrain,__MISSING__,Asphalt roads,Dry,Daylight,Normal,Vehicle with vehicle collision,Going straight,__MISSING__,__MISSING__,__MISSING__,Self-employed,Normal,Not a Pedestrian,Driving to the left,morning,1.0,1.0,,11.0,9.0,0.0
Monday,Over 51,Male,Junior high school,Employee,Above 10yr,Lorry (41?100Q),Owner,__MISSING__,No defect,Office areas,Undivided Two way,Tangent road with flat terrain,No junction,Asphalt roads,Wet or damp,Daylight,Normal,Collision with roadside objects,__MISSING__,Driver or rider,Male,18-30,Driver,Normal,Not a Pedestrian,No priority to pedestrian,afternoon,2.0,1.0,3.0,13.0,2.0,0.0
Thursday,18-30,Male,Above high school,Employee,2-5yr,Automobile,Owner,5-10yrs,__MISSING__,Other,Undivided Two way,Tangent road with flat terrain,Crossing,Asphalt roads,Dry,Darkness - lights lit,Normal,Vehicle with vehicle collision,Going straight,__MISSING__,__MISSING__,__MISSING__,__MISSING__,__MISSING__,Not a Pedestrian,No distancing,evening,2.0,1.0,,19.0,7.0,0.0
Thursday,18-30,Male,Junior high school,Employee,5-10yr,Public (12 seats),Governmental,__MISSING__,No defect,__MISSING__,Double carriageway (median),Tangent road with flat terrain,__MISSING__,Asphalt roads,Wet or damp,Daylight,Raining,Vehicle with vehicle collision,Other,Driver or rider,Male,18-30,Driver,Normal,Not a Pedestrian,Driving carelessly,afternoon,2.0,2.0,3.0,15.0,3.0,0.0
Tuesday,18-30,Male,Junior high school,Employee,1-2yr,Lorry (11?40Q),Owner,2-5yrs,No defect,Other,Two-way (divided with broken lines road marking),Tangent road with mild grade and flat terrain,Y Shape,Asphalt roads,Dry,Daylight,Other,Collision with animals,Going straight,Driver or rider,Male,31-50,Driver,__MISSING__,Not a Pedestrian,Changing lane to the right,afternoon,2.0,1.0,3.0,15.0,1.0,0.0
Wednesday,31-50,Male,Elementary school,Employee,5-10yr,__MISSING__,Owner,2-5yrs,No defect,Outside rural areas,Undivided Two way,Tangent road with flat terrain,O Shape,Asphalt roads,Dry,Daylight,Normal,Collision with roadside objects,Going straight,__MISSING__,__MISSING__,__MISSING__,__MISSING__,Normal,Not a Pedestrian,Driving carelessly,afternoon,2.0,1.0,,17.0,6.0,0.0
Thursday,18-30,Male,Elementary school,Employee,Below 1yr,Lorry (41?100Q),Governmental,__MISSING__,No defect,Other,Undivided Two way,Tangent road with flat terrain,Y Shape,Earth roads,Dry,Daylight,Normal,Collision with roadside objects,Going straight,__MISSING__,__MISSING__,__MISSING__,Self-employed,Normal,Not a Pedestrian,Changing lane to the left,afternoon,3.0,2.0,,14.0,5.0,0.0
Friday,31-50,Male,Junior high school,Employee,Above 10yr,Public (> 45 seats),Owner,__MISSING__,__MISSING__,Other,other,Tangent road with flat terrain,Y Shape,Asphalt roads,Wet or damp,Daylight,Normal,Collision with roadside objects,Going straight,Passenger,Female,31-50,Driver,Normal,Not a Pedestrian,No distancing,afternoon,1.0,1.0,3.0,12.0,2.0,0.0
Friday,31-50,Male,Junior high school,Employee,1-2yr,Pick up upto 10Q,Owner,__MISSING__,__MISSING__,Other,Two-way (divided with broken lines road marking),Tangent road with mild grade and flat terrain,Y Shape,Asphalt roads,Dry,Daylight,Normal,Vehicle with vehicle collision,Going straight,__MISSING__,__MISSING__,__MISSING__,Driver,Normal,Not a Pedestrian,No distancing,evening,3.0,3.0,,20.0,6.0,0.0
Tuesday,31-50,Male,Junior high school,Owner,5-10yr,Lorry (41?100Q),Owner,__MISSING__,__MISSING__,Office areas,Two-way (divided with broken lines road marking),Tangent road with flat terrain,Y Shape,Asphalt roads,Dry,Daylight,Normal,Vehicle with vehicle collision,Turnover,Driver or rider,Female,Over 51,Self-employed,Normal,Not a Pedestrian,Moving Backward,evening,1.0,1.0,3.0,18.0,2.0,0.0
Saturday,31-50,Male,Junior high school,Employee,5-10yr,Automobile,Owner,2-5yrs,__MISSING__,Other,Two-way (divided with broken lines road marking),Tangent road with flat terrain,Crossing,Asphalt roads,Wet or damp,Daylight,Raining,Vehicle with vehicle collision,Reversing,__MISSING__,__MISSING__,__MISSING__,__MISSING__,Normal,Not a Pedestrian,Changing lane to the right,morning,2.0,1.0,,10.0,6.0,0.0
Wednesday,31-50,Male,Elementary school,Employee,__MISSING__,Automobile,Owner,__MISSING__,__MISSING__,Residential areas,other,Tangent road with flat terrain,No junction,Asphalt roads,Wet or damp,Daylight,Other,Collision with pedestrians,Going straight,__MISSING__,__MISSING__,__MISSING__,Driver,Normal,Not a Pedestrian,Changing lane to the left,morning,3.0,2.0,,8.0,7.0,0.0
Friday,18-30,Male,Above high school,Employee,Above 10yr,Public (> 45 seats),Owner,__MISSING__,No defect,Office areas,Undivided Two way,Tangent road with flat terrain,__MISSING__,Asphalt roads,Dry,Daylight,Normal,Vehicle with vehicle collision,Moving Backward,__MISSING__,__MISSING__,__MISSING__,Self-employed,Normal,Not a Pedestrian,Changing lane to the right,morning,3.0,2.0,,6.0,6.0,0.0
Tuesday,__MISSING__,Female,Junior high school,Employee,Below 1yr,Automobile,Governmental,__MISSING__,No defect,School areas,Undivided Two way,Tangent road with flat terrain,No junction,Asphalt roads,Wet or damp,Darkness - lights lit,Windy,Vehicle with vehicle collision,Going straight,Driver or rider,Female,31-50,Self-employed,Normal,Not a Pedestrian,No distancing,evening,1.0,1.0,3.0,18.0,2.0,0.0
Tuesday,Over 51,Male,__MISSING__,Employee,__MISSING__,__MISSING__,Owner,__MISSING__,__MISSING__,__MISSING__,__MISSING__,Tangent road with flat terrain,No junction,Asphalt roads,Dry,Daylight,Normal,Vehicle with vehicle collision,Going straight,__MISSING__,__MISSING__,__MISSING__,Driver,Normal,Not a Pedestrian,No priority to pedestrian,afternoon,2.0,1.0,,12.0,11.0,0.0
Monday,31-50,Male,Junior high school,Employee,Above 10yr,Lorry (41?100Q),__MISSING__,__MISSING__,__MISSING__,__MISSING__,Two-way (divided with broken lines road marking),Tangent road with flat terrain,Crossing,Gravel roads,Dry,Daylight,Normal,Vehicle with vehicle collision,Going straight,Driver or rider,Male,18-30,__MISSING__,__MISSING__,Not a Pedestrian,Changing lane to the right,afternoon,3.0,1.0,3.0,15.0,6.0,0.0
Wednesday,31-50,Male,Junior high school,Employee,5-10yr,Pick up upto 10Q,Owner,Above 10yr,No defect,Residential areas,Undivided Two way,Tangent road with flat terrain,No junction,Asphalt roads,Dry,Daylight,Normal,Vehicle with vehicle collision,Going straight,__MISSING__,__MISSING__,__MISSING__,Driver,Normal,Not a Pedestrian,Changing lane to the right,afternoon,1.0,1.0,,12.0,4.0,0.0
Tuesday,18-30,Male,Junior high school,Employee,5-10yr,Pick up upto 10Q,Owner,__MISSING__,No defect,Office areas,Double carriageway (median),Tangent road with flat terrain,__MISSING__,Asphalt roads,Dry,Darkness - lights lit,Normal,Vehicle with vehicle collision,Going straight,Passenger,Male,Under 18,Self-employed,Normal,Not a Pedestrian,Changing lane to the right,morning,1.0,1.0,3.0,8.0,2.0,0.0
Friday,31-50,Male,Elementary school,Employee,2-5yr,Automobile,Owner,__MISSING__,__MISSING__,__MISSING__,other,Tangent road with flat terrain,Y Shape,Asphalt roads,Dry,Daylight,Normal,Collision with pedestrians,Getting off,Driver or rider,Male,31-50,Self-employed,Normal,Not a Pedestrian,Getting off the vehicle improperly,morning,2.0,1.0,3.0,9.0,3.0,0.0
Monday,31-50,Male,Junior high school,Employee,2-5yr,__MISSING__,Owner,Above 10yr,No defect,Other,Two-way (divided with broken lines road marking),Tangent road with flat terrain,Y Shape,Asphalt roads,Dry,Daylight,Normal,Collision with pedestrians,Going straight,Pedestrian,Male,Under 18,__MISSING__,Normal,Not a Pedestrian,Changing lane to the left,afternoon,2.0,1.0,3.0,13.0,2.0,0.0
Friday,31-50,Male,Junior high school,Employee,Above 10yr,Lorry (41?100Q),Owner,__MISSING__,No defect,Other,Two-way (divided with broken lines road marking),Tangent road with flat terrain,No junction,Asphalt roads,Dry,Daylight,Normal,Vehicle with vehicle collision,Other,Pedestrian,Male,Over 51,Self-employed,Normal,Crossing from driver's nearside,Driving carelessly,afternoon,2.0,1.0,3.0,17.0,1.0,0.0
Thursday,Over 51,Male,Junior high school,Employee,Above 10yr,Lorry (41?100Q),Owner,2-5yrs,__MISSING__,Other,Undivided Two way,Tangent road with flat terrain,__MISSING__,Asphalt roads,Dry,Daylight,Normal,Vehicle with vehicle collision,__MISSING__,__MISSING__,__MISSING__,__MISSING__,Driver,Normal,Not a Pedestrian,No distancing,morning,2.0,1.0,,10.0,7.0,0.0
Saturday,Under 18,Male,Junior high school,Employee,Above 10yr,Long lorry,Owner,__MISSING__,No defect,Office areas,Two-way (divided with broken lines road marking),Tangent road with flat terrain,Y Shape,Asphalt roads,Wet or damp,Daylight,Raining,Vehicle with vehicle collision,Going straight,__MISSING__,__MISSING__,__MISSING__,Driver,Normal,Not a Pedestrian,Moving Backward,afternoon,2.0,2.0,,17.0,5.0,0.0
Friday,Over 51,Male,Junior high school,Employee,5-10yr,Public (12 seats),Owner,__MISSING__,__MISSING__,Office areas,__MISSING__,Tangent road with flat terrain,Y Shape,Asphalt roads,Dry,Darkness - lights lit,Normal,Vehicle with vehicle collision,Going straight,__MISSING__,__MISSING__,__MISSING__,__MISSING__,__MISSING__,Not a Pedestrian,No distancing,afternoon,2.0,1.0,,16.0,9.0,0.0
Monday,31-50,Female,Junior high school,Employee,Above 10yr,Other,__MISSING__,__MISSING__,__MISSING__,Other,Two-way (divided with broken lines road marking),Tangent road with flat terrain,Y Shape,Asphalt roads,Dry,Daylight,Normal,Vehicle with vehicle collision,Going straight,__MISSING__,__MISSING__,__MISSING__,__MISSING__,__MISSING__,Not a Pedestrian,Driving under the influence of drugs,afternoon,2.0,1.0,,17.0,9.0,0.0
Sunday,__MISSING__,Male,Junior high school,Employee,1-2yr,Automobile,Owner,1-2yr,No defect,Church areas,Undivided Two way,Tangent road with flat terrain,Y Shape,Asphalt roads,Dry,Darkness - no lighting,Normal,Collision with pedestrians,Going straight,Driver or rider,Male,18-30,Driver,Normal,Not a Pedestrian,No distancing,evening,2.0,2.0,3.0,19.0,1.0,0.0
Monday,__MISSING__,Male,Junior high school,Employee,2-5yr,Public (12 seats),Owner,5-10yrs,__MISSING__,Church areas,other,Tangent road with flat terrain,T Shape,Asphalt roads,Dry,Daylight,Normal,Vehicle with vehicle collision,Going straight,__MISSING__,__MISSING__,__MISSING__,Self-employed,Normal,Not a Pedestrian,Turnover,afternoon,2.0,1.0,,16.0,6.0,0.0
Tuesday,Over 51,Male,Junior high school,Employee,5-10yr,Taxi,Owner,__MISSING__,No defect,Other,Undivided Two way,Tangent road with flat terrain,Y Shape,Asphalt roads,Dry,Daylight,Normal,Vehicle with vehicle collision,Going straight,__MISSING__,__MISSING__,__MISSING__,Driver,Normal,Not a Pedestrian,Driving to the left,afternoon,2.0,1.0,,16.0,5.0,0.0
Friday,18-30,Male,Junior high school,Owner,__MISSING__,Stationwagen,Owner,__MISSING__,No defect,Residential areas,Undivided Two way,Tangent road with flat terrain,__MISSING__,Asphalt roads,Dry,Daylight,Normal,Vehicle with vehicle collision,Going straight,Driver or rider,Male,Under 18,__MISSING__,__MISSING__,Not a Pedestrian,Overtaking,evening,2.0,1.0,3.0,22.0,5.0,0.0
Tuesday,31-50,Male,Elementary school,Employee,5-10yr,Long lorry,Owner,5-10yrs,No defect,Other,Two-way (divided with broken lines road marking),Tangent road with flat terrain,No junction,Asphalt roads,Dry,Darkness - lights lit,Normal,Vehicle with vehicle collision,Going straight,__MISSING__,__MISSING__,__MISSING__,Driver,Normal,Not a Pedestrian,No priority to pedestrian,night,3.0,1.0,,0.0,4.0,0.0
Wednesday,18-30,Male,Junior high school,Employee,Below 1yr,Automobile,Owner,__MISSING__,No defect,Residential areas,Double carriageway (median),Tangent road with flat terrain,No junction,Asphalt roads,Wet or damp,Darkness - lights lit,Raining,Vehicle with vehicle collision,Going straight,Pedestrian,Male,Over 51,__MISSING__,__MISSING__,Not a Pedestrian,Other,afternoon,2.0,3.0,3.0,17.0,3.0,0.0
Thursday,Over 51,Male,__MISSING__,__MISSING__,__MISSING__,Lorry (41?100Q),Owner,__MISSING__,No defect,Office areas,Undivided Two way,Tangent road with flat terrain,Y Shape,Asphalt roads,Dry,Daylight,Normal,Collision with roadside objects,Going straight,Driver or rider,Male,31-50,Driver,Normal,Not a Pedestrian,Changing lane to the left,morning,2.0,1.0,3.0,10.0,4.0,0.0
Wednesday,31-50,Male,High school,Employee,Above 10yr,__MISSING__,Owner,__MISSING__,No defect,Other,Two-way (divided with broken lines road marking),Tangent road with flat terrain,Crossing,Asphalt roads,Dry,Daylight,Normal,Vehicle with vehicle collision,Going straight,Driver or rider,Male,Under 18,Driver,Normal,Not a Pedestrian,Driving carelessly,evening,3.0,1.0,3.0,18.0,2.0,0.0
Sunday,Under 18,Male,Junior high school,Owner,Below 1yr,Other,Owner,5-10yrs,__MISSING__,Other,Undivided Two way,Tangent road with flat terrain,No junction,Asphalt roads,Wet or damp,Daylight,Normal,Vehicle with vehicle collision,Going straight,Driver or rider,Male,31-50,__MISSING__,__MISSING__,Not a Pedestrian,Changing lane to the right,afternoon,2.0,2.0,3.0,17.0,3.0,0.0
Monday,Over 51,Male,Junior high school,Employee,5-10yr,Automobile,__MISSING__,2-5yrs,__MISSING__,Hospital areas,One way,__MISSING__,__MISSING__,Asphalt roads,Wet or damp,Darkness - lights lit,Normal,Collision with roadside objects,Going straight,Pedestrian,Female,Over 51,Driver,Normal,Not a Pedestrian,Moving Backward,afternoon,2.0,5.0,3.0,13.0,4.0,1.0
Wednesday,__MISSING__,Male,Junior high school,Employee,5-10yr,Automobile,Owner,Above 10yr,No defect,Other,One way,Steep grade downward with mountainous terrain,Y Shape,Earth roads,Dry,Daylight,__MISSING__,Vehicle with vehicle collision,Going straight,__MISSING__,__MISSING__,__MISSING__,__MISSING__,__MISSING__,Not a Pedestrian,Moving Backward,evening,2.0,1.0,,18.0,8.0,0.0
Thursday,31-50,Female,Junior high school,Employee,5-10yr,Long lorry,Owner,__MISSING__,No defect,Other,Two-way (divided with broken lines road marking),Tangent road with flat terrain,__MISSING__,Asphalt roads,Dry,Daylight,Normal,Collision with roadside objects,Moving Backward,Passenger,Female,31-50,Employee,Normal,Not a Pedestrian,Getting off the vehicle improperly,night,2.0,1.0,3.0,4.0,2.0,0.0
Monday,31-50,Male,Junior high school,Employee,5-10yr,Automobile,__MISSING__,__MISSING__,__MISSING__,Office areas,Two-way (divided with broken lines road marking),Tangent road with flat terrain,Y Shape,Asphalt roads,Wet or damp,Daylight,Raining,Collision with roadside objects,Going straight,Driver or rider,Male,31-50,Driver,Normal,Not a Pedestrian,Changing lane to the left,afternoon,2.0,1.0,3.0,14.0,3.0,0.0
Sunday,18-30,Male,Junior high school,Employee,2-5yr,Taxi,Governmental,__MISSING__,No defect,Other,Two-way (divided with broken lines road marking),Tangent road with flat terrain,Crossing,Asphalt roads,Dry,Daylight,Normal,Vehicle with vehicle collision,Reversing,Pedestrian,Male,31-50,Driver,Normal,Not a Pedestrian,No distancing,afternoon,4.0,7.0,2.0,13.0,1.0,1.0
Wednesday,18-30,Male,Junior high school,Employee,Above 10yr,Other,Owner,2-5yrs,No defect,Residential areas,One way,Tangent road with flat terrain,Crossing,Asphalt roads,Dry,Daylight,Normal,Vehicle with vehicle collision,Moving Backward,Passenger,Female,Under 18,Employee,Normal,Not a Pedestrian,Overspeed,afternoon,2.0,1.0,3.0,13.0,0.0,0.0
Tuesday,31-50,Male,Junior high school,Employee,5-10yr,Automobile,Owner,2-5yrs,No defect,Residential areas,Two-way (divided with broken lines road marking),Tangent road with flat terrain,Y Shape,Asphalt roads,Dry,Daylight,Normal,Vehicle with vehicle collision,Turnover,Passenger,Female,Under 18,__MISSING__,__MISSING__,Not a Pedestrian,No distancing,morning,2.0,1.0,3.0,7.0,2.0,0.0
Monday,18-30,Male,Junior high school,Employee,2-5yr,Automobile,Owner,__MISSING__,__MISSING__,Industrial areas,Two-way (divided with broken lines road marking),Tangent road with flat terrain,No junction,Asphalt roads,Dry,Daylight,Normal,Vehicle with vehicle collision,Going straight,Pedestrian,Male,5,__MISSING__,__MISSING__,Not a Pedestrian,Overtaking,afternoon,4.0,1.0,3.0,15.0,4.0,0.0
Sunday,18-30,Male,__MISSING__,Employee,2-5yr,Automobile,Owner,Above 10yr,__MISSING__,Residential areas,Undivided Two way,Tangent road with flat terrain,No junction,Asphalt roads,Dry,Daylight,Normal,Vehicle with vehicle collision,Going straight,__MISSING__,__MISSING__,__MISSING__,Self-employed,Normal,Not a Pedestrian,Changing lane to the left,night,2.0,3.0,,0.0,6.0,0.0
Wednesday,18-30,Male,Elementary school,Employee,2-5yr,Lorry (41?100Q),Organization,2-5yrs,No defect,Other,Undivided Two way,Tangent road with mountainous terrain and,Crossing,Asphalt roads,Wet or damp,Daylight,Windy,Vehicle with vehicle collision,Going straight,Passenger,Female,Over 51,Driver,Normal,Not a Pedestrian,Moving Backward,evening,2.0,1.0,3.0,18.0,0.0,0.0
Tuesday,18-30,Male,Junior high school,Owner,2-5yr,Taxi,Owner,5-10yrs,__MISSING__,Church areas,Two-way (divided with broken lines road marking),Tangent road with flat terrain,No junction,Asphalt roads,Dry,Daylight,Normal,Collision with pedestrians,Going straight,__MISSING__,__MISSING__,__MISSING__,Other,Normal,Not a Pedestrian,Driving carelessly,morning,2.0,1.0,,7.0,5.0,0.0
Monday,18-30,Male,Junior high school,Owner,5-10yr,Stationwagen,Owner,2-5yrs,__MISSING__,Other,Undivided Two way,Tangent road with mountainous terrain and,No junction,Asphalt roads,Wet or damp,Daylight,Normal,Vehicle with vehicle collision,Going straight,Driver or rider,Male,5,__MISSING__,__MISSING__,Not a Pedestrian,No distancing,morning,2.0,1.0,3.0,8.0,3.0,0.0
Wednesday,18-30,Male,High school,Employee,Above 10yr,Lorry (41?100Q),Owner,__MISSING__,__MISSING__,Other,Two-way (divided with broken lines road marking),Tangent road with flat terrain,Y Shape,Asphalt roads,Dry,Daylight,Normal,Vehicle with vehicle collision,Going straight,Driver or rider,Male,Over 51,Driver,Normal,Not a Pedestrian,No distancing,afternoon,1.0,1.0,3.0,14.0,2.0,0.0
Thursday,18-30,Male,Junior high school,Employee,2-5yr,__MISSING__,Owner,1-2yr,No defect,Recreational areas,Two-way (divided with broken lines road marking),Tangent road with flat terrain,Y Shape,Asphalt roads,Wet or damp,Daylight,Raining,Vehicle with vehicle collision,Going straight,__MISSING__,__MISSING__,__MISSING__,Driver,Normal,Not a Pedestrian,No distancing,morning,2.0,1.0,,8.0,5.0,0.0
Tuesday,18-30,Male,Above high school,Employee,1-2yr,Automobile,__MISSING__,1-2yr,__MISSING__,Residential areas,Undivided Two way,Steep grade downward with mountainous terrain,Y Shape,Asphalt roads,Dry,Daylight,Normal,Vehicle with vehicle collision,Going straight,__MISSING__,__MISSING__,__MISSING__,__MISSING__,__MISSING__,Not a Pedestrian,Overtaking,morning,3.0,2.0,,8.0,8.0,0.0
Tuesday,31-50,Male,High school,Employee,Above 10yr,Automobile,Owner,__MISSING__,No defect,Office areas,Two-way (divided with broken lines road marking),Tangent road with flat terrain,Y Shape,Asphalt roads,Dry,Darkness - lights lit,Normal,__MISSING__,__MISSING__,Driver or rider,Female,18-30,Driver,Normal,Not a Pedestrian,No distancing,morning,1.0,1.0,3.0,6.0,3.0,0.0
Friday,18-30,Male,Junior high school,Owner,1-2yr,Automobile,Governmental,__MISSING__,No defect,Church areas,Two-way (divided with broken lines road marking),Tangent road with flat terrain,Y Shape,Asphalt roads,Dry,Daylight,Normal,Vehicle with vehicle collision,Other,Pedestrian,Female,Over 51,Employee,Normal,Unknown or other,Changing lane to the right,afternoon,2.0,1.0,2.0,12.0,1.0,0.0
Sunday,Over 51,Male,Junior high school,Owner,2-5yr,Other,Owner,__MISSING__,No defect,Other,One way,Tangent road with flat terrain,Other,Asphalt roads,Wet or damp,Daylight,Raining,Collision with roadside objects,Going straight,Driver or rider,Male,31-50,__MISSING__,__MISSING__,Not a Pedestrian,No priority to pedestrian,afternoon,4.0,2.0,3.0,14.0,3.0,0.0
Thursday,Over 51,Male,Elementary school,Employee,1-2yr,Long lorry,Owner,__MISSING__,__MISSING__,__MISSING__,Two-way (divided with broken lines road marking),Tangent road with flat terrain,Y Shape,Asphalt roads,Wet or damp,Daylight,Normal,Vehicle with vehicle collision,Going straight,Driver or rider,Female,18-30,Other,Normal,Not a Pedestrian,Driving carelessly,morning,2.0,1.0,3.0,9.0,3.0,0.0
Tuesday,18-30,Male,Elementary school,Owner,__MISSING__,Automobile,Owner,__MISSING__,__MISSING__,Residential areas,Two-way (divided with broken lines road marking),Tangent road with flat terrain,Crossing,Asphalt roads,Dry,Daylight,Normal,Vehicle with vehicle collision,Going straight,__MISSING__,__MISSING__,__MISSING__,__MISSING__,__MISSING__,Not a Pedestrian,Moving Backward,morning,1.0,1.0,,10.0,9.0,0.0
Monday,31-50,Male,Junior high school,Employee,Above 10yr,Automobile,Organization,__MISSING__,No defect,Other,Two-way (divided with broken lines road marking),Tangent road with flat terrain,Y Shape,Asphalt roads,Dry,Darkness - lights lit,Normal,Collision with roadside objects,Going straight,__MISSING__,__MISSING__,__MISSING__,__MISSING__,__MISSING__,Not a Pedestrian,Driving under the influence of drugs,evening,2.0,1.0,,21.0,7.0,0.0
Tuesday,Over 51,Male,Junior high school,Employee,Above 10yr,Other,Owner,Above 10yr,No defect,Outside rural areas,Two-way (divided with broken lines road marking),Tangent road with mountainous terrain and,Y Shape,Asphalt roads,Wet or damp,Daylight,Normal,Vehicle with vehicle collision,Going straight,Driver or rider,Male,31-50,__MISSING__,Normal,Not a Pedestrian,Changing lane to the left,afternoon,2.0,1.0,3.0,12.0,1.0,0.0
Friday,18-30,Female,Junior high school,Employee,5-10yr,Other,Owner,Above 10yr,No defect,Residential areas,other,Tangent road with rolling terrain,Crossing,Asphalt roads,Wet or damp,Darkness - lights lit,Raining,Vehicle with vehicle collision,Entering a junction,__MISSING__,__MISSING__,__MISSING__,Driver,Normal,Not a Pedestrian,Driving carelessly,evening,3.0,1.0,,23.0,4.0,0.0
Saturday,31-50,Male,__MISSING__,__MISSING__,__MISSING__,Public (> 45 seats),Owner,Above 10yr,__MISSING__,Residential areas,other,Tangent road with flat terrain,Y Shape,Asphalt roads,Dry,Daylight,Normal,Vehicle with vehicle collision,Going straight,Driver or rider,Male,18-30,Self-employed,Normal,Not a Pedestrian,Turnover,evening,1.0,2.0,2.0,18.0,4.0,0.0
Friday,Over 51,__MISSING__,Junior high school,Employee,Above 10yr,Public (13?45 seats),Governmental,__MISSING__,__MISSING__,Other,Double carriageway (median),Tangent road with flat terrain,No junction,Asphalt roads,Wet or damp,Daylight,Raining,Vehicle with vehicle collision,Moving Backward,__MISSING__,__MISSING__,__MISSING__,Driver,Normal,Not a Pedestrian,No priority to vehicle,afternoon,2.0,2.0,,15.0,7.0,0.0
Thursday,31-50,Male,Elementary school,Employee,5-10yr,Public (> 45 seats),Owner,5-10yrs,No defect,Other,Undivided Two way,Tangent road with flat terrain,__MISSING__,Asphalt roads,Dry,Daylight,Normal,Collision with animals,Going straight,Driver or rider,Female,18-30,Self-employed,Normal,Not a Pedestrian,Changing lane to the left,morning,3.0,1.0,3.0,9.0,1.0,0.0
Wednesday,31-50,Male,Junior high school,Employee,2-5yr,Lorry (41?100Q),Owner,5-10yrs,__MISSING__,Hospital areas,other,Steep grade downward with mountainous terrain,Y Shape,Asphalt roads,Wet or damp,Daylight,Raining,Collision with pedestrians,Moving Backward,Driver or rider,Male,Over 51,__MISSING__,__MISSING__,Not a Pedestrian,Changing lane to the left,afternoon,3.0,1.0,3.0,15.0,3.0,0.0
Wednesday,Over 51,Male,Junior high school,Employee,2-5yr,Automobile,Organization,2-5yrs,No defect,Other,Undivided Two way,Tangent road with mountainous terrain and,No junction,Asphalt roads,Wet or damp,Daylight,Raining,Vehicle with vehicle collision,Going straight,Passenger,Female,Under 18,Self-employed,Normal,Not a Pedestrian,No distancing,morning,2.0,2.0,3.0,9.0,0.0,0.0
Wednesday,18-30,Male,Junior high school,Employee,2-5yr,Long lorry,Owner,__MISSING__,No defect,Other,Two-way (divided with broken lines road marking),Tangent road with flat terrain,Y Shape,Gravel roads,Dry,Daylight,Normal,Vehicle with vehicle collision,Turnover,Driver or rider,Male,Over 51,Driver,Normal,Not a Pedestrian,Driving carelessly,evening,2.0,1.0,3.0,20.0,1.0,0.0
Wednesday,31-50,Male,Junior high school,Employee,2-5yr,Automobile,Owner,__MISSING__,No defect,Other,One way,Tangent road with flat terrain,O Shape,Asphalt roads,Dry,Daylight,Normal,Collision with roadside objects,Going straight,Pedestrian,Female,18-30,Driver,Normal,"In carriageway, statioNot a Pedestrianry - not crossing (standing or playing)",No priority to pedestrian,afternoon,2.0,2.0,3.0,13.0,1.0,0.0
Saturday,Under 18,Male,Junior high school,Employee,2-5yr,Stationwagen,Owner,2-5yrs,No defect,Office areas,Undivided Two way,Tangent road with flat terrain,Crossing,Asphalt roads,Dry,Darkness - lights lit,Normal,Vehicle with vehicle collision,Going straight,Passenger,Female,Over 51,Driver,Normal,Not a Pedestrian,Driving carelessly,evening,2.0,2.0,3.0,21.0,0.0,0.0
Wednesday,18-30,Male,Elementary school,Employee,Above 10yr,Automobile,Owner,__MISSING__,No defect,Church areas,Double carriageway (median),Tangent road with flat terrain,No junction,Asphalt roads,Dry,Daylight,Normal,Collision with roadside objects,Going straight,__MISSING__,__MISSING__,__MISSING__,__MISSING__,__MISSING__,Not a Pedestrian,Improper parking,morning,3.0,3.0,,10.0,7.0,0.0
Friday,__MISSING__,Female,Junior high school,Owner,5-10yr,Pick up upto 10Q,Owner,__MISSING__,__MISSING__,Residential areas,other,Tangent road with flat terrain,Y Shape,Asphalt roads,Dry,Darkness - lights lit,__MISSING__,Vehicle with vehicle collision,Going straight,__MISSING__,__MISSING__,__MISSING__,Driver,__MISSING__,Not a Pedestrian,Driving to the left,night,2.0,1.0,,2.0,9.0,0.0
Thursday,Over 51,Male,Junior high school,Employee,Above 10yr,Automobile,Governmental,2-5yrs,__MISSING__,Recreational areas,Two-way (divided with broken lines road marking),Tangent road with flat terrain,No junction,Asphalt roads,Dry,Daylight,Normal,Collision with roadside objects,Going straight,Passenger,Female,18-30,Self-employed,Normal,Not a Pedestrian,No priority to vehicle,afternoon,2.0,3.0,3.0,17.0,1.0,0.0
Friday,31-50,Male,Junior high school,Owner,__MISSING__,Lorry (41?100Q),Owner,__MISSING__,No defect,Other,Two-way (divided with broken lines road marking),Tangent road with flat terrain,Y Shape,Asphalt roads,Dry,Daylight,Normal,Vehicle with vehicle collision,Going straight,Passenger,Female,Under 18,Driver,Normal,Not a Pedestrian,Changing lane to the left,evening,2.0,2.0,3.0,20.0,2.0,0.0
Thursday,18-30,Male,Junior high school,Employee,1-2yr,Stationwagen,Owner,2-5yrs,__MISSING__,Other,Undivided Two way,Tangent road with flat terrain,No junction,Asphalt roads,Dry,Daylight,Normal,Vehicle with vehicle collision,Going straight,Driver or rider,Female,Over 51,__MISSING__,__MISSING__,Not a Pedestrian,Other,afternoon,2.0,1.0,2.0,17.0,3.0,0.0
Friday,18-30,Male,Above high school,Employee,1-2yr,Automobile,Owner,__MISSING__,No defect,Residential areas,Two-way (divided with solid lines road marking),Tangent road with flat terrain,Y Shape,Asphalt roads,Dry,Daylight,Normal,Vehicle with vehicle collision,Turnover,Driver or rider,Male,18-30,Self-employed,Normal,Not a Pedestrian,Moving Backward,morning,2.0,1.0,3.0,10.0,1.0,0.0
Saturday,Over 51,__MISSING__,__MISSING__,__MISSING__,__MISSING__,Automobile,Owner,__MISSING__,No defect,Office areas,other,Tangent road with mountainous terrain and,Crossing,Asphalt roads,Wet or damp,Darkness - lights lit,Other,Collision with roadside objects,Going straight,Passenger,Male,Over 51,__MISSING__,Normal,Not a Pedestrian,Moving Backward,evening,1.0,1.0,3.0,20.0,6.0,0.0
Saturday,Under 18,Male,Junior high school,Employee,5-10yr,Automobile,Owner,__MISSING__,No defect,Church areas,Undivided Two way,Tangent road with flat terrain,Y Shape,Asphalt roads,Dry,Daylight,Normal,Vehicle with vehicle collision,Moving Backward,Pedestrian,Female,31-50,__MISSING__,__MISSING__,Not a Pedestrian,Driving under the influence of drugs,evening,2.0,1.0,3.0,19.0,3.0,0.0
Tuesday,Over 51,Male,Junior high school,Employee,5-10yr,Automobile,Owner,__MISSING__,No defect,Office areas,Two-way (divided with broken lines road marking),Tangent road with mountainous terrain and,Y Shape,Asphalt roads,Dry,Daylight,Normal,Vehicle with vehicle collision,Moving Backward,__MISSING__,__MISSING__,__MISSING__,Driver,Normal,Not a Pedestrian,No priority to pedestrian,afternoon,1.0,1.0,,14.0,5.0,0.0
Sunday,31-50,Male,Junior high school,Owner,5-10yr,Lorry (41?100Q),Owner,__MISSING__,__MISSING__,Other,Two-way (divided with solid lines road marking),Tangent road with flat terrain,No junction,Asphalt roads,Dry,Daylight,Normal,Collision with roadside objects,Entering a junction,__MISSING__,__MISSING__,__MISSING__,Employee,Normal,Not a Pedestrian,No priority to vehicle,afternoon,2.0,1.0,,16.0,6.0,0.0
Saturday,Over 51,Male,Junior high school,Employee,Above 10yr,Lorry (41?100Q),Governmental,__MISSING__,No defect,Church areas,Double carriageway (median),Tangent road with flat terrain,__MISSING__,Asphalt roads,Wet or damp,Darkness - lights lit,Normal,Vehicle with vehicle collision,Going straight,Driver or rider,Female,31-50,Driver,Normal,Not a Pedestrian,Changing lane to the right,afternoon,2.0,1.0,3.0,17.0,2.0,0.0
Thursday,31-50,Male,High school,Other,Above 10yr,Public (13?45 seats),Owner,__MISSING__,No defect,Recreational areas,Undivided Two way,Tangent road with flat terrain,Y Shape,Asphalt roads,Wet or damp,Darkness - lights lit,Normal,Vehicle with vehicle collision,Going straight,Passenger,Female,Over 51,Driver,Normal,Not a Pedestrian,Driving carelessly,evening,4.0,3.0,1.0,18.0,1.0,0.0
Wednesday,Over 51,Male,__MISSING__,Employee,__MISSING__,Automobile,Owner,__MISSING__,No defect,Recreational areas,other,Tangent road with flat terrain,Crossing,Asphalt roads,Dry,Daylight,Raining,Collision with pedestrians,Turnover,Driver or rider,Male,31-50,__MISSING__,__MISSING__,Not a Pedestrian,No distancing,afternoon,3.0,2.0,3.0,14.0,5.0,0.0
Monday,__MISSING__,Male,Junior high school,Employee,2-5yr,Automobile,Owner,Above 10yr,__MISSING__,Church areas,Two-way (divided with broken lines road marking),Steep grade downward with mountainous terrain,No junction,Asphalt roads,Dry,Darkness - lights lit,Normal,Vehicle with vehicle collision,Other,__MISSING__,__MISSING__,__MISSING__,Driver,Normal,Not a Pedestrian,Changing lane to the right,evening,2.0,2.0,,21.0,6.0,0.0
Friday,__MISSING__,Female,Elementary school,Employee,1-2yr,Automobile,Owner,__MISSING__,No defect,Office areas,Undivided Two way,Tangent road with flat terrain,Y Shape,Asphalt roads,Dry,Daylight,__MISSING__,Vehicle with vehicle collision,Going straight,Driver or rider,Male,18-30,__MISSING__,__MISSING__,Not a Pedestrian,Changing lane to the right,evening,2.0,1.0,3.0,18.0,5.0,0.0
Tuesday,18-30,Male,Junior high school,Owner,5-10yr,Pick up upto 10Q,Owner,__MISSING__,No defect,Office areas,Two-way (divided with broken lines road marking),Tangent road with mountainous terrain and,No junction,Asphalt roads,Dry,Daylight,Normal,Vehicle with vehicle collision,Going straight,Driver or rider,Male,18-30,__MISSING__,Normal,Not a Pedestrian,No distancing,morning,2.0,1.0,3.0,9.0,2.0,0.0
Monday,Under 18,Male,High school,Employee,Below 1yr,Automobile,Owner,Above 10yr,No defect,Other,Two-way (divided with broken lines road marking),Tangent road with flat terrain,Y Shape,Asphalt roads,Wet or damp,Darkness - lights lit,Normal,Collision with roadside objects,Going straight,Pedestrian,Male,31-50,Driver,Normal,Not a Pedestrian,No distancing,evening,2.0,5.0,3.0,22.0,0.0,1.0
Monday,18-30,Female,Junior high school,Employee,1-2yr,Automobile,Owner,__MISSING__,No defect,Residential areas,other,Tangent road with flat terrain,Y Shape,Asphalt roads,Wet or damp,Darkness - lights lit,Raining,Vehicle with vehicle collision,Turnover,__MISSING__,__MISSING__,__MISSING__,Other,Normal,Not a Pedestrian,No priority to pedestrian,evening,2.0,3.0,,22.0,5.0,0.0
Tuesday,31-50,Male,Junior high school,Employee,Above 10yr,Automobile,Owner,__MISSING__,No defect,Market areas,Undivided Two way,Tangent road with flat terrain,No junction,Asphalt roads,Dry,Daylight,Normal,Collision with roadside objects,Going straight,Pedestrian,Male,18-30,__MISSING__,__MISSING__,"In carriageway, statioNot a Pedestrianry - not crossing (standing or playing) - masked by parked or statioNot a Pedestrianry vehicle",Getting off the vehicle improperly,morning,2.0,3.0,3.0,8.0,3.0,0.0
Monday,__MISSING__,Male,Junior high school,Employee,5-10yr,Automobile,Owner,Above 10yr,__MISSING__,Church areas,Two-way (divided with broken lines road marking),Steep grade downward with mountainous terrain,Y Shape,Asphalt roads,Wet or damp,Darkness - lights lit,Raining,Collision with roadside objects,Other,__MISSING__,__MISSING__,__MISSING__,__MISSING__,__MISSING__,Not a Pedestrian,Changing lane to the left,evening,2.0,1.0,,18.0,8.0,0.0
Wednesday,31-50,Male,Elementary school,Employee,5-10yr,Automobile,Owner,Above 10yr,__MISSING__,Market areas,other,Steep grade downward with mountainous terrain,Y Shape,Asphalt roads,Dry,Daylight,Normal,Vehicle with vehicle collision,__MISSING__,Passenger,Female,31-50,__MISSING__,__MISSING__,Not a Pedestrian,No distancing,afternoon,3.0,1.0,3.0,14.0,4.0,0.0
Friday,31-50,Male,Junior high school,Employee,Above 10yr,Lorry (11?40Q),Owner,2-5yrs,__MISSING__,Other,Two-way (divided with broken lines road marking),Tangent road with flat terrain,Other,Asphalt roads,Wet or damp,Darkness - lights lit,Normal,Vehicle with vehicle collision,Going straight,Driver or rider,Male,Under 18,__MISSING__,__MISSING__,Not a Pedestrian,No distancing,afternoon,2.0,2.0,3.0,17.0,3.0,0.0
Wednesday,31-50,Male,Elementary school,Employee,5-10yr,Lorry (41?100Q),Owner,__MISSING__,No defect,Industrial areas,__MISSING__,Tangent road with flat terrain,Y Shape,Asphalt roads,Wet or damp,Darkness - lights lit,Raining,Collision with roadside objects,Going straight,__MISSING__,__MISSING__,__MISSING__,Driver,Normal,Not a Pedestrian,Overtaking,evening,2.0,1.0,,21.0,6.0,0.0
Saturday,Over 51,Male,Junior high school,Employee,Above 10yr,Pick up upto 10Q,Owner,Above 10yr,__MISSING__,Other,other,Tangent road with flat terrain,Crossing,Asphalt roads,Wet or damp,Daylight,Raining,Vehicle with vehicle collision,Going straight,__MISSING__,__MISSING__,__MISSING__,Driver,Normal,Not a Pedestrian,Changing lane to the left,morning,3.0,1.0,,9.0,5.0,0.0
Monday,Under 18,Male,Junior high school,Employee,Above 10yr,__MISSING__,Owner,__MISSING__,__MISSING__,__MISSING__,other,Tangent road with flat terrain,No junction,Asphalt roads,Wet or damp,Daylight,__MISSING__,Vehicle with vehicle collision,Moving Backward,Driver or rider,Male,18-30,Driver,Normal,Not a Pedestrian,Changing lane to the left,afternoon,2.0,1.0,3.0,14.0,5.0,0.0
Saturday,18-30,Male,Junior high school,Employee,Below 1yr,Public (12 seats),Owner,__MISSING__,No defect,Other,other,Tangent road with flat terrain,No junction,Other,Wet or damp,Darkness - lights lit,Raining,Vehicle with vehicle collision,Moving Backward,Driver or rider,Male,18-30,Self-employed,Normal,Not a Pedestrian,Driving carelessly,evening,2.0,1.0,3.0,19.0,1.0,0.0
Tuesday,18-30,Male,Above high school,Employee,1-2yr,Public (13?45 seats),Owner,__MISSING__,No defect,Office areas,One way,Tangent road with flat terrain,Y Shape,Asphalt roads,Wet or damp,Daylight,Normal,Vehicle with vehicle collision,Going straight,Passenger,Male,18-30,__MISSING__,__MISSING__,Not a Pedestrian,Driving under the influence of drugs,morning,2.0,2.0,3.0,11.0,3.0,0.0
Tuesday,31-50,Male,Elementary school,Employee,1-2yr,Lorry (11?40Q),__MISSING__,1-2yr,No defect,Other,Two-way (divided with broken lines road marking),Tangent road with flat terrain,Y Shape,Asphalt roads,Dry,Daylight,Normal,Vehicle with vehicle collision,Going straight,Driver or rider,Male,31-50,Other,Normal,Not a Pedestrian,Changing lane to the right,afternoon,2.0,1.0,2.0,12.0,1.0,0.0
Saturday,31-50,Male,Junior high school,Owner,2-5yr,Public (13?45 seats),Owner,5-10yrs,__MISSING__,Office areas,Two-way (divided with broken lines road marking),Tangent road with flat terrain,Y Shape,Asphalt roads,Dry,Daylight,Normal,Vehicle with vehicle collision,Going straight,Pedestrian,Male,31-50,Self-employed,Normal,Not a Pedestrian,No distancing,afternoon,2.0,1.0,3.0,17.0,1.0,0.0
Wednesday,31-50,Male,Junior high school,Employee,Above 10yr,Motorcycle,Owner,Above 10yr,No defect,Residential areas,Undivided Two way,Tangent road with flat terrain,Crossing,Asphalt roads,Dry,Darkness - lights lit,Normal,Collision with pedestrians,Going straight,__MISSING__,__MISSING__,__MISSING__,Self-employed,Normal,Not a Pedestrian,No distancing,evening,2.0,1.0,,23.0,4.0,0.0
Wednesday,18-30,__MISSING__,Junior high school,Employee,Above 10yr,__MISSING__,Owner,__MISSING__,No defect,Other,Double carriageway (median),Tangent road with flat terrain,No junction,Asphalt roads,Wet or damp,Darkness - no lighting,Windy,Vehicle with vehicle collision,Going straight,__MISSING__,__MISSING__,__MISSING__,Driver,Normal,Not a Pedestrian,Changing lane to the left,afternoon,2.0,3.0,,17.0,7.0,0.0
Sunday,18-30,Male,Junior high school,__MISSING__,__MISSING__,Automobile,Owner,__MISSING__,__MISSING__,Office areas,Undivided Two way,Tangent road with flat terrain,O Shape,Asphalt roads,Dry,Daylight,Normal,Vehicle with vehicle collision,Going straight,__MISSING__,__MISSING__,__MISSING__,Driver,Normal,Not a Pedestrian,Driving to the left,morning,2.0,1.0,,11.0,8.0,0.0
Saturday,__MISSING__,Male,High school,Employee,__MISSING__,Automobile,Owner,__MISSING__,No defect,Office areas,One way,Tangent road with flat terrain,Crossing,Asphalt roads,Dry,Darkness - lights lit,Normal,Vehicle with vehicle collision,Turnover,Passenger,Female,Over 51,__MISSING__,__MISSING__,Not a Pedestrian,No priority to vehicle,evening,1.0,1.0,3.0,19.0,5.0,0.0
Monday,31-50,Male,Elementary school,Owner,Above 10yr,Automobile,Owner,Above 10yr,__MISSING__,School areas,other,Tangent road with flat terrain,Y Shape,Asphalt roads,Dry,Daylight,Normal,Vehicle with vehicle collision,Going straight,Pedestrian,Female,18-30,__MISSING__,__MISSING__,Not a Pedestrian,No distancing,morning,2.0,1.0,3.0,7.0,3.0,0.0
Wednesday,Under 18,Male,Junior high school,Employee,2-5yr,__MISSING__,Owner,2-5yrs,No defect,Market areas,Undivided Two way,Tangent road with flat terrain,No junction,Asphalt roads,Wet or damp,Daylight,Raining and Windy,Vehicle with vehicle collision,Going straight,Pedestrian,Male,18-30,__MISSING__,__MISSING__,Unknown or other,Getting off the vehicle improperly,morning,2.0,2.0,3.0,7.0,3.0,0.0
Wednesday,31-50,Male,Junior high school,__MISSING__,Below 1yr,Lorry (11?40Q),Owner,__MISSING__,No defect,Office areas,Two-way (divided with solid lines road marking),Tangent road with flat terrain,No junction,Asphalt roads,Dry,Daylight,Normal,Collision with roadside objects,__MISSING__,__MISSING__,__MISSING__,__MISSING__,__MISSING__,__MISSING__,Not a Pedestrian,No distancing,evening,2.0,3.0,,18.0,9.0,0.0
Sunday,Over 51,Male,Junior high school,__MISSING__,Below 1yr,Taxi,Owner,__MISSING__,__MISSING__,Office areas,Two-way (divided with broken lines road marking),Tangent road with flat terrain,No junction,Asphalt roads,Dry,Daylight,Normal,Vehicle with vehicle collision,Going straight,Pedestrian,Male,31-50,Self-employed,Normal,Not a Pedestrian,Changing lane to the right,afternoon,2.0,1.0,3.0,14.0,3.0,0.0
Monday,18-30,Female,Junior high school,Employee,2-5yr,Automobile,Owner,__MISSING__,No defect,School areas,other,Tangent road with flat terrain,__MISSING__,Asphalt roads,Dry,Daylight,Normal,Vehicle with vehicle collision,Going straight,__MISSING__,__MISSING__,__MISSING__,Driver,__MISSING__,Not a Pedestrian,Changing lane to the right,evening,2.0,1.0,,20.0,7.0,0.0
Saturday,31-50,Male,Junior high school,Employee,2-5yr,Stationwagen,Owner,2-5yrs,No defect,Office areas,Double carriageway (median),Escarpments,Y Shape,Asphalt roads,Wet or damp,Daylight,Normal,Vehicle with vehicle collision,Other,__MISSING__,__MISSING__,__MISSING__,__MISSING__,__MISSING__,Not a Pedestrian,Moving Backward,afternoon,2.0,1.0,,13.0,6.0,0.0
Tuesday,18-30,Male,Junior high school,Employee,2-5yr,Other,Owner,__MISSING__,No defect,Office areas,Double carriageway (median),Tangent road with flat terrain,Crossing,Asphalt roads,Wet or damp,Darkness - lights lit,Raining,Vehicle with vehicle collision,Going straight,Driver or rider,Male,18-30,Driver,Normal,Not a Pedestrian,Moving Backward,evening,3.0,1.0,3.0,23.0,1.0,0.0
Thursday,18-30,Male,Junior high school,Employee,Below 1yr,Lorry (41?100Q),Owner,Below 1yr,No defect,Residential areas,Two-way (divided with broken lines road marking),Tangent road with flat terrain,No junction,Asphalt roads,Dry,Daylight,Normal,Vehicle with vehicle collision,Going straight,Driver or rider,Male,18-30,__MISSING__,__MISSING__,Not a Pedestrian,No distancing,afternoon,2.0,1.0,3.0,17.0,2.0,0.0
Saturday,31-50,Male,Elementary school,Other,5-10yr,Stationwagen,Owner,__MISSING__,No defect,Residential areas,Two-way (divided with broken lines road marking),Tangent road with flat terrain,Crossing,Asphalt roads,Dry,Darkness - lights lit,Normal,Collision with roadside objects,Going straight,Driver or rider,Male,18-30,Self-employed,Normal,Not a Pedestrian,No priority to vehicle,evening,2.0,3.0,3.0,18.0,1.0,0.0
Monday,__MISSING__,Male,Junior high school,Employee,Above 10yr,Pick up upto 10Q,Owner,__MISSING__,__MISSING__,Office areas,Two-way (divided with broken lines road marking),Tangent road with flat terrain,Y Shape,Asphalt roads,Dry,Darkness - lights lit,Normal,Vehicle with vehicle collision,Going straight,Passenger,Male,31-50,Driver,Normal,Not a Pedestrian,No distancing,night,2.0,1.0,3.0,0.0,3.0,0.0
Wednesday,31-50,Male,Junior high school,Employee,2-5yr,Lorry (41?100Q),__MISSING__,__MISSING__,No defect,Other,Two-way (divided with broken lines road marking),Tangent road with flat terrain,No junction,Asphalt roads,Dry,Daylight,Normal,Vehicle with vehicle collision,Going straight,__MISSING__,__MISSING__,__MISSING__,__MISSING__,__MISSING__,Not a Pedestrian,No priority to pedestrian,afternoon,2.0,1.0,,15.0,8.0,0.0
Wednesday,__MISSING__,Female,High school,Owner,5-10yr,Automobile,Owner,Above 10yr,__MISSING__,Other,Two-way (divided with broken lines road marking),Tangent road with flat terrain,Crossing,Asphalt roads,Dry,Daylight,Normal,Vehicle with vehicle collision,Going straight,Pedestrian,Male,31-50,Driver,Normal,Crossing from nearside - masked by parked or statioNot a Pedestrianry vehicle,Changing lane to the right,afternoon,1.0,1.0,3.0,13.0,2.0,0.0
Wednesday,31-50,Male,Junior high school,Employee,5-10yr,Automobile,Governmental,Above 10yr,No defect,School areas,Two-way (divided with broken lines road marking),Tangent road with flat terrain,No junction,Asphalt roads,Dry,Daylight,Normal,Collision with roadside objects,Going straight,Driver or rider,Male,18-30,Other,Normal,Not a Pedestrian,No distancing,evening,2.0,1.0,3.0,18.0,0.0,0.0
Tuesday,__MISSING__,Female,Junior high school,Owner,5-10yr,Lorry (41?100Q),Owner,__MISSING__,__MISSING__,Residential areas,other,Steep grade downward with mountainous terrain,Y Shape,Asphalt roads,Wet or damp,Daylight,Raining,Vehicle with vehicle collision,Going straight,__MISSING__,__MISSING__,__MISSING__,Driver,Normal,Not a Pedestrian,No distancing,afternoon,1.0,1.0,,12.0,7.0,0.0
Thursday,18-30,Male,Junior high school,Employee,1-2yr,Lorry (41?100Q),Governmental,5-10yrs,__MISSING__,Other,other,Tangent road with flat terrain,T Shape,Asphalt roads,Dry,Daylight,Normal,Vehicle with vehicle collision,Going straight,__MISSING__,__MISSING__,__MISSING__,Employee,Normal,Not a Pedestrian,No distancing,afternoon,2.0,1.0,,16.0,5.0,0.0
Thursday,18-30,Male,Junior high school,Employee,5-10yr,Public (12 seats),Owner,2-5yrs,No defect,School areas,Undivided Two way,Tangent road with flat terrain,Y Shape,Asphalt roads,Wet or damp,Darkness - lights lit,Raining,Collision with roadside objects,Moving Backward,__MISSING__,__MISSING__,__MISSING__,Driver,Normal,Not a Pedestrian,Overloading,evening,2.0,1.0,,22.0,4.0,0.0
Saturday,18-30,Male,High school,Employee,Above 10yr,Other,Owner,__MISSING__,No defect,Other,Two-way (divided with broken lines road marking),Tangent road with flat terrain,Crossing,Asphalt roads,Dry,Daylight,Normal,Vehicle with vehicle collision,Going straight,Driver or rider,Male,18-30,__MISSING__,__MISSING__,Not a Pedestrian,Driving to the left,afternoon,2.0,8.0,3.0,17.0,3.0,1.0
Thursday,18-30,Male,Junior high school,Employee,2-5yr,Public (> 45 seats),Governmental,__MISSING__,No defect,Other,One way,Tangent road with flat terrain,O Shape,Asphalt roads,Dry,Daylight,Normal,Vehicle with vehicle collision,Going straight,Passenger,Female,5,__MISSING__,__MISSING__,Not a Pedestrian,No priority to pedestrian,evening,2.0,1.0,3.0,18.0,3.0,0.0
Monday,18-30,Male,Junior high school,Employee,Above 10yr,Automobile,Owner,__MISSING__,No defect,Office areas,Double carriageway (median),Tangent road with flat terrain,No junction,Asphalt roads,Wet or damp,Darkness - lights lit,Raining,Collision with animals,Going straight,__MISSING__,__MISSING__,__MISSING__,__MISSING__,__MISSING__,Not a Pedestrian,No priority to pedestrian,evening,2.0,2.0,,19.0,7.0,0.0
Thursday,__MISSING__,Male,High school,Employee,5-10yr,Automobile,Owner,Above 10yr,__MISSING__,Office areas,Undivided Two way,Tangent road with flat terrain,Y Shape,Asphalt roads,Dry,Darkness - lights lit,__MISSING__,Vehicle with vehicle collision,Going straight,Driver or rider,Male,18-30,__MISSING__,Normal,Not a Pedestrian,Changing lane to the left,afternoon,2.0,1.0,3.0,17.0,4.0,0.0
Thursday,Over 51,Male,Junior high school,Employee,Below 1yr,Public (12 seats),Owner,2-5yrs,__MISSING__,Other,Two-way (divided with broken lines road marking),Tangent road with flat terrain,Crossing,Asphalt roads,Dry,Daylight,Normal,Collision with pedestrians,Going straight,Pedestrian,Male,Under 18,Other,Normal,"In carriageway, statioNot a Pedestrianry - not crossing (standing or playing)",Changing lane to the right,afternoon,3.0,1.0,2.0,14.0,1.0,0.0
Monday,18-30,Male,Elementary school,Employee,5-10yr,__MISSING__,Organization,1-2yr,__MISSING__,Church areas,__MISSING__,Tangent road with flat terrain,No junction,Asphalt roads,Dry,Daylight,Normal,Vehicle with vehicle collision,Going straight,Driver or rider,Male,18-30,Driver,Normal,Not a Pedestrian,Changing lane to the left,afternoon,2.0,1.0,3.0,12.0,3.0,0.0
Wednesday,Over 51,Male,Junior high school,Employee,5-10yr,Lorry (11?40Q),Owner,5-10yrs,__MISSING__,Office areas,Undivided Two way,Tangent road with mountainous terrain and,Y Shape,Asphalt roads,Dry,Daylight,Normal,Vehicle with vehicle collision,Going straight,__MISSING__,__MISSING__,__MISSING__,Driver,Normal,Not a Pedestrian,Changing lane to the left,afternoon,2.0,1.0,,12.0,5.0,0.0
Wednesday,31-50,Male,High school,Employee,2-5yr,Public (12 seats),Owner,5-10yrs,No defect,Other,Two-way (divided with broken lines road marking),Tangent road with flat terrain,Y Shape,Asphalt roads,Dry,Daylight,Normal,Vehicle with vehicle collision,Overtaking,Driver or rider,Female,18-30,Employee,Normal,Not a Pedestrian,No priority to vehicle,morning,2.0,1.0,3.0,9.0,0.0,0.0
Monday,18-30,Male,Junior high school,Employee,Below 1yr,Lorry (41?100Q),Owner,__MISSING__,No defect,Residential areas,Double carriageway (median),Tangent road with flat terrain,Y Shape,Asphalt roads,Dry,Daylight,Normal,Vehicle with vehicle collision,__MISSING__,Driver or rider,Female,Under 18,Self-employed,Normal,Not a Pedestrian,Overspeed,evening,2.0,2.0,3.0,18.0,2.0,0.0
Thursday,__MISSING__,Female,Elementary school,Employee,2-5yr,Automobile,Owner,2-5yrs,__MISSING__,School areas,Undivided Two way,Tangent road with mild grade and flat terrain,No junction,Asphalt roads,Dry,Daylight,Normal,Vehicle with vehicle collision,Going straight,Pedestrian,Male,Under 18,Driver,Normal,Not a Pedestrian,No priority to vehicle,afternoon,2.0,1.0,3.0,12.0,2.0,0.0
Wednesday,Over 51,Male,Elementary school,Employee,1-2yr,__MISSING__,Owner,2-5yrs,No defect,Residential areas,Double carriageway (median),Tangent road with flat terrain,No junction,Asphalt roads,Dry,Daylight,Normal,Vehicle with vehicle collision,Going straight,Passenger,Female,31-50,__MISSING__,__MISSING__,Not a Pedestrian,No priority to vehicle,evening,2.0,1.0,3.0,20.0,3.0,0.0
Tuesday,31-50,Male,Junior high school,Employee,5-10yr,Other,Owner,__MISSING__,No defect,Other,Two-way (divided with broken lines road marking),Tangent road with flat terrain,No junction,Asphalt roads,Dry,Daylight,Normal,Vehicle with vehicle collision,Entering a junction,Passenger,Male,18-30,Driver,Normal,Not a Pedestrian,Moving Backward,afternoon,2.0,5.0,3.0,13.0,1.0,1.0
Monday,Under 18,Male,Writing & reading,Employee,5-10yr,Stationwagen,Owner,2-5yrs,__MISSING__,Office areas,Double carriageway (median),Tangent road with flat terrain,Y Shape,Earth roads,Dry,Daylight,Normal,__MISSING__,Moving Backward,__MISSING__,__MISSING__,__MISSING__,Driver,Normal,Not a Pedestrian,Driving to the left,morning,2.0,1.0,,8.0,6.0,0.0
Thursday,Over 51,Male,Junior high school,Owner,Above 10yr,Other,Owner,Above 10yr,No defect,Church areas,Two-way (divided with broken lines road marking),Steep grade downward with mountainous terrain,Y Shape,Asphalt roads,Dry,Daylight,Normal,Vehicle with vehicle collision,Going straight,Pedestrian,Female,Under 18,__MISSING__,Normal,Not a Pedestrian,Moving Backward,afternoon,2.0,1.0,3.0,12.0,1.0,0.0
Wednesday,31-50,Male,Junior high school,Owner,2-5yr,Other,Owner,2-5yrs,__MISSING__,Other,Undivided Two way,Tangent road with flat terrain,Crossing,Asphalt roads,Wet or damp,Daylight,Raining,Vehicle with vehicle collision,Going straight,Driver or rider,Female,18-30,__MISSING__,__MISSING__,Not a Pedestrian,No priority to vehicle,afternoon,2.0,1.0,3.0,12.0,3.0,0.0
Thursday,18-30,Male,Junior high school,Employee,__MISSING__,Automobile,Owner,__MISSING__,__MISSING__,Office areas,One way,Tangent road with mild grade and flat terrain,__MISSING__,Asphalt roads,Dry,Daylight,Normal,Vehicle with vehicle collision,Reversing,__MISSING__,__MISSING__,__MISSING__,Employee,Normal,Not a Pedestrian,Changing lane to the right,afternoon,3.0,1.0,,14.0,8.0,0.0
Sunday,31-50,Male,Junior high school,Employee,Below 1yr,Automobile,Owner,__MISSING__,No defect,Other,Two-way (divided with broken lines road marking),Tangent road with flat terrain,No junction,Asphalt roads,Wet or damp,Daylight,Windy,Collision with roadside objects,Entering a junction,Driver or rider,Female,18-30,Employee,__MISSING__,Not a Pedestrian,Moving Backward,morning,1.0,1.0,3.0,11.0,2.0,0.0
Saturday,Over 51,Male,Elementary school,Employee,5-10yr,Lorry (41?100Q),Owner,2-5yrs,No defect,Outside rural areas,Undivided Two way,Tangent road with mountainous terrain and,Y Shape,Asphalt roads,Wet or damp,Daylight,Raining,Vehicle with vehicle collision,Going straight,__MISSING__,__MISSING__,__MISSING__,Driver,Normal,Not a Pedestrian,No distancing,evening,2.0,2.0,,18.0,4.0,0.0
Wednesday,Over 51,Male,Junior high school,Employee,2-5yr,Automobile,Organization,1-2yr,No defect,Office areas,Two-way (divided with broken lines road marking),Tangent road with flat terrain,Y Shape,Asphalt roads,Dry,Daylight,Normal,Vehicle with vehicle collision,Getting off,Driver or rider,Female,31-50,Driver,Normal,Not a Pedestrian,Driving carelessly,morning,3.0,1.0,3.0,11.0,0.0,0.0
Saturday,__MISSING__,Female,Junior high school,Employee,2-5yr,Public (13?45 seats),Owner,2-5yrs,No defect,Other,other,Tangent road with flat terrain,Crossing,Asphalt roads,Dry,Daylight,Normal,Collision with roadside objects,__MISSING__,Passenger,Male,5,__MISSING__,__MISSING__,Not a Pedestrian,Other,afternoon,4.0,1.0,2.0,17.0,4.0,0.0
Friday,31-50,Male,Junior high school,Employee,Above 10yr,Public (13?45 seats),Owner,Above 10yr,__MISSING__,Other,other,Tangent road with flat terrain,Other,Asphalt roads,Dry,Daylight,Normal,Vehicle with vehicle collision,Going straight,Pedestrian,Female,31-50,__MISSING__,__MISSING__,Unknown or other,Changing lane to the left,afternoon,1.0,1.0,3.0,14.0,3.0,0.0
Saturday,Over 51,Male,Junior high school,Employee,5-10yr,Lorry (11?40Q),Owner,2-5yrs,No defect,Residential areas,Undivided Two way,Steep grade downward with mountainous terrain,Crossing,Asphalt roads,Dry,Daylight,Normal,Vehicle with vehicle collision,Moving Backward,__MISSING__,__MISSING__,__MISSING__,Driver,Normal,Not a Pedestrian,No distancing,afternoon,2.0,1.0,,13.0,4.0,0.0
Friday,18-30,Male,Elementary school,Employee,5-10yr,Pick up upto 10Q,Owner,5-10yrs,No defect,Industrial areas,other,Tangent road with flat terrain,Y Shape,Asphalt roads,Wet or damp,Daylight,Raining,Vehicle with vehicle collision,Going straight,Driver or rider,Male,31-50,Driver,Normal,Not a Pedestrian,No distancing,afternoon,3.0,1.0,3.0,13.0,0.0,0.0
Sunday,Over 51,Male,Junior high school,Owner,__MISSING__,Stationwagen,Owner,__MISSING__,No defect,Church areas,Undivided Two way,Tangent road with flat terrain,Crossing,Asphalt roads,Dry,Daylight,Normal,Collision with pedestrians,Going straight,Driver or rider,Male,31-50,Driver,Normal,Not a Pedestrian,Driving carelessly,afternoon,2.0,3.0,3.0,12.0,2.0,0.0
Friday,__MISSING__,Male,Junior high school,Employee,5-10yr,Automobile,Owner,__MISSING__,No defect,Residential areas,Two-way (divided with broken lines road marking),Tangent road with flat terrain,No junction,Asphalt roads,Dry,Daylight,Normal,Vehicle with vehicle collision,Going straight,Pedestrian,Female,31-50,Driver,Normal,Unknown or other,No distancing,evening,2.0,2.0,3.0,18.0,2.0,0.0
